Timing Analyzer report for project
Thu Aug 13 01:43:29 2026
Quartus Prime Version 19.1.0 Build 670 09/22/2019 SJ Lite Edition


---------------------
; Table of Contents ;
---------------------
  1. Legal Notice
  2. Timing Analyzer Summary
  3. Parallel Compilation
  4. SDC File List
  5. Clocks
  6. Slow 1200mV 85C Model Fmax Summary
  7. Timing Closure Recommendations
  8. Slow 1200mV 85C Model Setup Summary
  9. Slow 1200mV 85C Model Hold Summary
 10. Slow 1200mV 85C Model Recovery Summary
 11. Slow 1200mV 85C Model Removal Summary
 12. Slow 1200mV 85C Model Minimum Pulse Width Summary
 13. Slow 1200mV 85C Model Setup: 'clk_50'
 14. Slow 1200mV 85C Model Hold: 'clk_50'
 15. Slow 1200mV 85C Model Metastability Summary
 16. Slow 1200mV 0C Model Fmax Summary
 17. Slow 1200mV 0C Model Setup Summary
 18. Slow 1200mV 0C Model Hold Summary
 19. Slow 1200mV 0C Model Recovery Summary
 20. Slow 1200mV 0C Model Removal Summary
 21. Slow 1200mV 0C Model Minimum Pulse Width Summary
 22. Slow 1200mV 0C Model Setup: 'clk_50'
 23. Slow 1200mV 0C Model Hold: 'clk_50'
 24. Slow 1200mV 0C Model Metastability Summary
 25. Fast 1200mV 0C Model Setup Summary
 26. Fast 1200mV 0C Model Hold Summary
 27. Fast 1200mV 0C Model Recovery Summary
 28. Fast 1200mV 0C Model Removal Summary
 29. Fast 1200mV 0C Model Minimum Pulse Width Summary
 30. Fast 1200mV 0C Model Setup: 'clk_50'
 31. Fast 1200mV 0C Model Hold: 'clk_50'
 32. Fast 1200mV 0C Model Metastability Summary
 33. Multicorner Timing Analysis Summary
 34. Board Trace Model Assignments
 35. Input Transition Times
 36. Signal Integrity Metrics (Slow 1200mv 0c Model)
 37. Signal Integrity Metrics (Slow 1200mv 85c Model)
 38. Signal Integrity Metrics (Fast 1200mv 0c Model)
 39. Setup Transfers
 40. Hold Transfers
 41. Recovery Transfers
 42. Removal Transfers
 43. Report TCCS
 44. Report RSKM
 45. Unconstrained Paths Summary
 46. Clock Status Summary
 47. Timing Analyzer Messages



----------------
; Legal Notice ;
----------------
Copyright (C) 2019  Intel Corporation. All rights reserved.
Your use of Intel Corporation's design tools, logic functions 
and other software and tools, and any partner logic 
functions, and any output files from any of the foregoing 
(including device programming or simulation files), and any 
associated documentation or information are expressly subject 
to the terms and conditions of the Intel Program License 
Subscription Agreement, the Intel Quartus Prime License Agreement,
the Intel FPGA IP License Agreement, or other applicable license
agreement, including, without limitation, that your use is for
the sole purpose of programming logic devices manufactured by
Intel and sold by Intel or its authorized distributors.  Please
refer to the applicable agreement for further details, at
https://fpgasoftware.intel.com/eula.



+-----------------------------------------------------------------------------+
; Timing Analyzer Summary                                                     ;
+-----------------------+-----------------------------------------------------+
; Quartus Prime Version ; Version 19.1.0 Build 670 09/22/2019 SJ Lite Edition ;
; Timing Analyzer       ; Legacy Timing Analyzer                              ;
; Revision Name         ; project                                             ;
; Device Family         ; Cyclone IV E                                        ;
; Device Name           ; EP4CE115F29C7                                       ;
; Timing Models         ; Final                                               ;
; Delay Model           ; Combined                                            ;
; Rise/Fall Delays      ; Enabled                                             ;
+-----------------------+-----------------------------------------------------+


+------------------------------------------+
; Parallel Compilation                     ;
+----------------------------+-------------+
; Processors                 ; Number      ;
+----------------------------+-------------+
; Number detected on machine ; 16          ;
; Maximum allowed            ; 12          ;
;                            ;             ;
; Average used               ; 1.81        ;
; Maximum used               ; 12          ;
;                            ;             ;
; Usage by Processor         ; % Time Used ;
;     Processor 1            ; 100.0%      ;
;     Processor 2            ;  18.2%      ;
;     Processor 3            ;  14.4%      ;
;     Processor 4            ;   7.9%      ;
;     Processors 5-12        ;   5.1%      ;
+----------------------------+-------------+


+-----------------------------------------------------------------+
; SDC File List                                                   ;
+-----------------------------+--------+--------------------------+
; SDC File Path               ; Status ; Read at                  ;
+-----------------------------+--------+--------------------------+
; ../board/timing_50_MHz.sdc  ; OK     ; Thu Aug 13 01:43:27 2026 ;
; ../board/timing_100_MHz.sdc ; OK     ; Thu Aug 13 01:43:27 2026 ;
+-----------------------------+--------+--------------------------+


+---------------------------------------------------------------------------------------------------------------------------------------------------------------------------------------------------------------------------------------------------------------------------------------------------------------------------------------------------------------------------------------------+
; Clocks                                                                                                                                                                                                                                                                                                                                                                                      ;
+--------------------------------------------------------------------------+-----------+--------+-----------+-------+--------+------------+-----------+-------------+-------+--------+-----------+------------+----------+--------+----------------------------------------------------------------------------+------------------------------------------------------------------------------+
; Clock Name                                                               ; Type      ; Period ; Frequency ; Rise  ; Fall   ; Duty Cycle ; Divide by ; Multiply by ; Phase ; Offset ; Edge List ; Edge Shift ; Inverted ; Master ; Source                                                                     ; Targets                                                                      ;
+--------------------------------------------------------------------------+-----------+--------+-----------+-------+--------+------------+-----------+-------------+-------+--------+-----------+------------+----------+--------+----------------------------------------------------------------------------+------------------------------------------------------------------------------+
; clk_50                                                                   ; Base      ; 20.000 ; 50.0 MHz  ; 0.000 ; 10.000 ;            ;           ;             ;       ;        ;           ;            ;          ;        ;                                                                            ; { CLOCK_50_I }                                                               ;
; SRAM_unit|Clock_100_PLL_inst|altpll_component|auto_generated|pll1|clk[0] ; Generated ; 10.000 ; 100.0 MHz ; 0.000 ; 5.000  ; 50.00      ; 1         ; 2           ;       ;        ;           ;            ; false    ; clk_50 ; SRAM_unit|Clock_100_PLL_inst|altpll_component|auto_generated|pll1|inclk[0] ; { SRAM_unit|Clock_100_PLL_inst|altpll_component|auto_generated|pll1|clk[0] } ;
+--------------------------------------------------------------------------+-----------+--------+-----------+-------+--------+------------+-----------+-------------+-------+--------+-----------+------------+----------+--------+----------------------------------------------------------------------------+------------------------------------------------------------------------------+


+-------------------------------------------------+
; Slow 1200mV 85C Model Fmax Summary              ;
+-----------+-----------------+------------+------+
; Fmax      ; Restricted Fmax ; Clock Name ; Note ;
+-----------+-----------------+------------+------+
; 58.86 MHz ; 58.86 MHz       ; clk_50     ;      ;
+-----------+-----------------+------------+------+
This panel reports FMAX for every clock in the design, regardless of the user-specified clock periods.  FMAX is only computed for paths where the source and destination registers or ports are driven by the same clock.  Paths of different clocks, including generated clocks, are ignored.  For paths between a clock and its inversion, FMAX is computed as if the rising and falling edges are scaled along with FMAX, such that the duty cycle (in terms of a percentage) is maintained. Altera recommends that you always use clock constraints and other slack reports for sign-off analysis.


----------------------------------
; Timing Closure Recommendations ;
----------------------------------
HTML report is unavailable in plain text report export.


+-------------------------------------+
; Slow 1200mV 85C Model Setup Summary ;
+--------+-------+--------------------+
; Clock  ; Slack ; End Point TNS      ;
+--------+-------+--------------------+
; clk_50 ; 3.011 ; 0.000              ;
+--------+-------+--------------------+


+------------------------------------+
; Slow 1200mV 85C Model Hold Summary ;
+--------+-------+-------------------+
; Clock  ; Slack ; End Point TNS     ;
+--------+-------+-------------------+
; clk_50 ; 0.352 ; 0.000             ;
+--------+-------+-------------------+


------------------------------------------
; Slow 1200mV 85C Model Recovery Summary ;
------------------------------------------
No paths to report.


-----------------------------------------
; Slow 1200mV 85C Model Removal Summary ;
-----------------------------------------
No paths to report.


+--------------------------------------------------------------------------------------------------+
; Slow 1200mV 85C Model Minimum Pulse Width Summary                                                ;
+--------------------------------------------------------------------------+-------+---------------+
; Clock                                                                    ; Slack ; End Point TNS ;
+--------------------------------------------------------------------------+-------+---------------+
; SRAM_unit|Clock_100_PLL_inst|altpll_component|auto_generated|pll1|clk[0] ; 4.760 ; 0.000         ;
; clk_50                                                                   ; 9.496 ; 0.000         ;
+--------------------------------------------------------------------------+-------+---------------+


+--------------------------------------------------------------------------------------------------------------------------------------------------------+
; Slow 1200mV 85C Model Setup: 'clk_50'                                                                                                                  ;
+-------+--------------------------------------+-----------------------------------+--------------+-------------+--------------+------------+------------+
; Slack ; From Node                            ; To Node                           ; Launch Clock ; Latch Clock ; Relationship ; Clock Skew ; Data Delay ;
+-------+--------------------------------------+-----------------------------------+--------------+-------------+--------------+------------+------------+
; 3.011 ; Milestone2:M2_unit|state.state_bit_2 ; Milestone2:M2_unit|accum_1_Cs[21] ; clk_50       ; clk_50      ; 20.000       ; -0.098     ; 16.889     ;
; 3.173 ; Milestone2:M2_unit|state.state_bit_2 ; Milestone2:M2_unit|accum_1_Cs[31] ; clk_50       ; clk_50      ; 20.000       ; -0.098     ; 16.727     ;
; 3.175 ; Milestone2:M2_unit|state.state_bit_0 ; Milestone2:M2_unit|accum_1_Cs[21] ; clk_50       ; clk_50      ; 20.000       ; -0.098     ; 16.725     ;
; 3.212 ; Milestone2:M2_unit|state.state_bit_2 ; Milestone2:M2_unit|accum_1_Cs[20] ; clk_50       ; clk_50      ; 20.000       ; -0.095     ; 16.691     ;
; 3.243 ; Milestone2:M2_unit|state.state_bit_1 ; Milestone2:M2_unit|accum_1_Cs[21] ; clk_50       ; clk_50      ; 20.000       ; -0.098     ; 16.657     ;
; 3.327 ; Milestone2:M2_unit|state.state_bit_2 ; Milestone2:M2_unit|accum_2_Cs[27] ; clk_50       ; clk_50      ; 20.000       ; -0.079     ; 16.592     ;
; 3.331 ; Milestone2:M2_unit|state.state_bit_2 ; Milestone2:M2_unit|accum_2_Cs[26] ; clk_50       ; clk_50      ; 20.000       ; -0.079     ; 16.588     ;
; 3.337 ; Milestone2:M2_unit|state.state_bit_0 ; Milestone2:M2_unit|accum_1_Cs[31] ; clk_50       ; clk_50      ; 20.000       ; -0.098     ; 16.563     ;
; 3.376 ; Milestone2:M2_unit|state.state_bit_0 ; Milestone2:M2_unit|accum_1_Cs[20] ; clk_50       ; clk_50      ; 20.000       ; -0.095     ; 16.527     ;
; 3.401 ; Milestone2:M2_unit|state.state_bit_2 ; Milestone2:M2_unit|accum_1_Cs[30] ; clk_50       ; clk_50      ; 20.000       ; -0.076     ; 16.521     ;
; 3.402 ; Milestone2:M2_unit|state.state_bit_1 ; Milestone2:M2_unit|accum_2_Cs[27] ; clk_50       ; clk_50      ; 20.000       ; -0.079     ; 16.517     ;
; 3.405 ; Milestone2:M2_unit|state.state_bit_1 ; Milestone2:M2_unit|accum_1_Cs[31] ; clk_50       ; clk_50      ; 20.000       ; -0.098     ; 16.495     ;
; 3.406 ; Milestone2:M2_unit|state.state_bit_1 ; Milestone2:M2_unit|accum_2_Cs[26] ; clk_50       ; clk_50      ; 20.000       ; -0.079     ; 16.513     ;
; 3.444 ; Milestone2:M2_unit|state.state_bit_1 ; Milestone2:M2_unit|accum_1_Cs[20] ; clk_50       ; clk_50      ; 20.000       ; -0.095     ; 16.459     ;
; 3.451 ; Milestone2:M2_unit|state.state_bit_2 ; Milestone2:M2_unit|accum_2_Cs[23] ; clk_50       ; clk_50      ; 20.000       ; -0.083     ; 16.464     ;
; 3.460 ; Milestone2:M2_unit|state.state_bit_1 ; Milestone2:M2_unit|accum_3_Cs[23] ; clk_50       ; clk_50      ; 20.000       ; -0.070     ; 16.468     ;
; 3.470 ; Milestone2:M2_unit|state.state_bit_2 ; Milestone2:M2_unit|accum_1_Cs[16] ; clk_50       ; clk_50      ; 20.000       ; -0.098     ; 16.430     ;
; 3.474 ; Milestone2:M2_unit|state.state_bit_2 ; Milestone2:M2_unit|accum_2_Cs[18] ; clk_50       ; clk_50      ; 20.000       ; -0.083     ; 16.441     ;
; 3.484 ; Milestone2:M2_unit|state.state_bit_2 ; Milestone2:M2_unit|accum_2_Cs[25] ; clk_50       ; clk_50      ; 20.000       ; -0.079     ; 16.435     ;
; 3.484 ; Milestone2:M2_unit|state.state_bit_0 ; Milestone2:M2_unit|accum_2_Cs[27] ; clk_50       ; clk_50      ; 20.000       ; -0.079     ; 16.435     ;
; 3.488 ; Milestone2:M2_unit|state.state_bit_0 ; Milestone2:M2_unit|accum_2_Cs[26] ; clk_50       ; clk_50      ; 20.000       ; -0.079     ; 16.431     ;
; 3.503 ; Milestone2:M2_unit|state.state_bit_2 ; Milestone2:M2_unit|accum_2_Cs[30] ; clk_50       ; clk_50      ; 20.000       ; -0.078     ; 16.417     ;
; 3.526 ; Milestone2:M2_unit|state.state_bit_1 ; Milestone2:M2_unit|accum_2_Cs[23] ; clk_50       ; clk_50      ; 20.000       ; -0.083     ; 16.389     ;
; 3.530 ; Milestone2:M2_unit|state.state_bit_2 ; Milestone2:M2_unit|accum_1_Cs[25] ; clk_50       ; clk_50      ; 20.000       ; -0.076     ; 16.392     ;
; 3.533 ; Milestone2:M2_unit|state.state_bit_2 ; Milestone2:M2_unit|accum_1_Cs[26] ; clk_50       ; clk_50      ; 20.000       ; -0.076     ; 16.389     ;
; 3.537 ; Milestone2:M2_unit|state.state_bit_2 ; Milestone2:M2_unit|accum_3_Cs[23] ; clk_50       ; clk_50      ; 20.000       ; -0.070     ; 16.391     ;
; 3.549 ; Milestone2:M2_unit|state.state_bit_1 ; Milestone2:M2_unit|accum_2_Cs[18] ; clk_50       ; clk_50      ; 20.000       ; -0.083     ; 16.366     ;
; 3.559 ; Milestone2:M2_unit|state.state_bit_1 ; Milestone2:M2_unit|accum_2_Cs[25] ; clk_50       ; clk_50      ; 20.000       ; -0.079     ; 16.360     ;
; 3.565 ; Milestone2:M2_unit|state.state_bit_0 ; Milestone2:M2_unit|accum_1_Cs[30] ; clk_50       ; clk_50      ; 20.000       ; -0.076     ; 16.357     ;
; 3.578 ; Milestone2:M2_unit|state.state_bit_1 ; Milestone2:M2_unit|accum_2_Cs[30] ; clk_50       ; clk_50      ; 20.000       ; -0.078     ; 16.342     ;
; 3.585 ; Milestone2:M2_unit|state.state_bit_2 ; Milestone2:M2_unit|accum_1_Cs[24] ; clk_50       ; clk_50      ; 20.000       ; -0.095     ; 16.318     ;
; 3.589 ; Milestone2:M2_unit|state.state_bit_2 ; Milestone2:M2_unit|accum_1_Cs[19] ; clk_50       ; clk_50      ; 20.000       ; -0.095     ; 16.314     ;
; 3.593 ; Milestone2:M2_unit|state.state_bit_2 ; Milestone2:M2_unit|accum_1_Cs[18] ; clk_50       ; clk_50      ; 20.000       ; -0.094     ; 16.311     ;
; 3.593 ; Milestone2:M2_unit|state.state_bit_2 ; Milestone2:M2_unit|accum_1_Cs[23] ; clk_50       ; clk_50      ; 20.000       ; -0.094     ; 16.311     ;
; 3.594 ; Milestone2:M2_unit|state.state_bit_1 ; Milestone2:M2_unit|accum_3_Cs[18] ; clk_50       ; clk_50      ; 20.000       ; -0.070     ; 16.334     ;
; 3.608 ; Milestone2:M2_unit|state.state_bit_0 ; Milestone2:M2_unit|accum_2_Cs[23] ; clk_50       ; clk_50      ; 20.000       ; -0.083     ; 16.307     ;
; 3.631 ; Milestone2:M2_unit|state.state_bit_0 ; Milestone2:M2_unit|accum_2_Cs[18] ; clk_50       ; clk_50      ; 20.000       ; -0.083     ; 16.284     ;
; 3.633 ; Milestone2:M2_unit|state.state_bit_1 ; Milestone2:M2_unit|accum_1_Cs[30] ; clk_50       ; clk_50      ; 20.000       ; -0.076     ; 16.289     ;
; 3.634 ; Milestone2:M2_unit|state.state_bit_0 ; Milestone2:M2_unit|accum_1_Cs[16] ; clk_50       ; clk_50      ; 20.000       ; -0.098     ; 16.266     ;
; 3.637 ; Milestone2:M2_unit|state.state_bit_2 ; Milestone2:M2_unit|accum_2_Cs[28] ; clk_50       ; clk_50      ; 20.000       ; -0.079     ; 16.282     ;
; 3.641 ; Milestone2:M2_unit|state.state_bit_0 ; Milestone2:M2_unit|accum_2_Cs[25] ; clk_50       ; clk_50      ; 20.000       ; -0.079     ; 16.278     ;
; 3.655 ; Milestone2:M2_unit|state.state_bit_2 ; Milestone2:M2_unit|accum_2_Cs[29] ; clk_50       ; clk_50      ; 20.000       ; -0.078     ; 16.265     ;
; 3.660 ; Milestone2:M2_unit|state.state_bit_0 ; Milestone2:M2_unit|accum_2_Cs[30] ; clk_50       ; clk_50      ; 20.000       ; -0.078     ; 16.260     ;
; 3.671 ; Milestone2:M2_unit|state.state_bit_2 ; Milestone2:M2_unit|accum_3_Cs[18] ; clk_50       ; clk_50      ; 20.000       ; -0.070     ; 16.257     ;
; 3.688 ; Milestone1:M1_unit|mult_op_1_1[10]   ; Milestone1:M1_unit|accum_2[17]    ; clk_50       ; clk_50      ; 20.000       ; -0.059     ; 16.251     ;
; 3.691 ; Milestone2:M2_unit|state.state_bit_2 ; Milestone2:M2_unit|accum_2_Cs[20] ; clk_50       ; clk_50      ; 20.000       ; -0.080     ; 16.227     ;
; 3.694 ; Milestone2:M2_unit|state.state_bit_0 ; Milestone2:M2_unit|accum_1_Cs[25] ; clk_50       ; clk_50      ; 20.000       ; -0.076     ; 16.228     ;
; 3.697 ; Milestone2:M2_unit|state.state_bit_0 ; Milestone2:M2_unit|accum_1_Cs[26] ; clk_50       ; clk_50      ; 20.000       ; -0.076     ; 16.225     ;
; 3.702 ; Milestone2:M2_unit|state.state_bit_1 ; Milestone2:M2_unit|accum_1_Cs[16] ; clk_50       ; clk_50      ; 20.000       ; -0.098     ; 16.198     ;
; 3.705 ; Milestone1:M1_unit|mult_op_1_1[9]    ; Milestone1:M1_unit|accum_2[17]    ; clk_50       ; clk_50      ; 20.000       ; -0.070     ; 16.223     ;
; 3.712 ; Milestone2:M2_unit|state.state_bit_1 ; Milestone2:M2_unit|accum_2_Cs[28] ; clk_50       ; clk_50      ; 20.000       ; -0.079     ; 16.207     ;
; 3.716 ; Milestone2:M2_unit|state.state_bit_2 ; Milestone2:M2_unit|accum_1_Cs[13] ; clk_50       ; clk_50      ; 20.000       ; -0.094     ; 16.188     ;
; 3.722 ; Milestone2:M2_unit|state.state_bit_0 ; Milestone2:M2_unit|accum_3_Cs[23] ; clk_50       ; clk_50      ; 20.000       ; -0.070     ; 16.206     ;
; 3.726 ; Milestone2:M2_unit|state.state_bit_2 ; Milestone2:M2_unit|accum_1_Cs[12] ; clk_50       ; clk_50      ; 20.000       ; -0.074     ; 16.198     ;
; 3.730 ; Milestone2:M2_unit|state.state_bit_1 ; Milestone2:M2_unit|accum_2_Cs[29] ; clk_50       ; clk_50      ; 20.000       ; -0.078     ; 16.190     ;
; 3.749 ; Milestone2:M2_unit|state.state_bit_0 ; Milestone2:M2_unit|accum_1_Cs[24] ; clk_50       ; clk_50      ; 20.000       ; -0.095     ; 16.154     ;
; 3.750 ; Milestone1:M1_unit|mult_op_1_1[0]    ; Milestone1:M1_unit|accum_2[17]    ; clk_50       ; clk_50      ; 20.000       ; -0.052     ; 16.196     ;
; 3.753 ; Milestone2:M2_unit|state.state_bit_0 ; Milestone2:M2_unit|accum_1_Cs[19] ; clk_50       ; clk_50      ; 20.000       ; -0.095     ; 16.150     ;
; 3.757 ; Milestone2:M2_unit|state.state_bit_0 ; Milestone2:M2_unit|accum_1_Cs[18] ; clk_50       ; clk_50      ; 20.000       ; -0.094     ; 16.147     ;
; 3.757 ; Milestone2:M2_unit|state.state_bit_0 ; Milestone2:M2_unit|accum_1_Cs[23] ; clk_50       ; clk_50      ; 20.000       ; -0.094     ; 16.147     ;
; 3.762 ; Milestone2:M2_unit|state.state_bit_1 ; Milestone2:M2_unit|accum_1_Cs[25] ; clk_50       ; clk_50      ; 20.000       ; -0.076     ; 16.160     ;
; 3.763 ; Milestone1:M1_unit|mult_op_1_1[12]   ; Milestone1:M1_unit|accum_2[17]    ; clk_50       ; clk_50      ; 20.000       ; -0.043     ; 16.192     ;
; 3.765 ; Milestone2:M2_unit|state.state_bit_1 ; Milestone2:M2_unit|accum_1_Cs[26] ; clk_50       ; clk_50      ; 20.000       ; -0.076     ; 16.157     ;
; 3.766 ; Milestone2:M2_unit|state.state_bit_1 ; Milestone2:M2_unit|accum_2_Cs[20] ; clk_50       ; clk_50      ; 20.000       ; -0.080     ; 16.152     ;
; 3.767 ; Milestone2:M2_unit|state.state_bit_2 ; Milestone2:M2_unit|accum_1_Cs[11] ; clk_50       ; clk_50      ; 20.000       ; -0.098     ; 16.133     ;
; 3.794 ; Milestone2:M2_unit|state.state_bit_0 ; Milestone2:M2_unit|accum_2_Cs[28] ; clk_50       ; clk_50      ; 20.000       ; -0.079     ; 16.125     ;
; 3.811 ; Milestone1:M1_unit|mult_op_1_1[10]   ; Milestone1:M1_unit|accum_2[19]    ; clk_50       ; clk_50      ; 20.000       ; -0.059     ; 16.128     ;
; 3.812 ; Milestone2:M2_unit|state.state_bit_0 ; Milestone2:M2_unit|accum_2_Cs[29] ; clk_50       ; clk_50      ; 20.000       ; -0.078     ; 16.108     ;
; 3.817 ; Milestone2:M2_unit|state.state_bit_1 ; Milestone2:M2_unit|accum_1_Cs[24] ; clk_50       ; clk_50      ; 20.000       ; -0.095     ; 16.086     ;
; 3.821 ; Milestone2:M2_unit|state.state_bit_1 ; Milestone2:M2_unit|accum_1_Cs[19] ; clk_50       ; clk_50      ; 20.000       ; -0.095     ; 16.082     ;
; 3.824 ; Milestone1:M1_unit|mult_op_1_1[5]    ; Milestone1:M1_unit|accum_2[17]    ; clk_50       ; clk_50      ; 20.000       ; -0.052     ; 16.122     ;
; 3.825 ; Milestone2:M2_unit|state.state_bit_1 ; Milestone2:M2_unit|accum_1_Cs[18] ; clk_50       ; clk_50      ; 20.000       ; -0.094     ; 16.079     ;
; 3.825 ; Milestone2:M2_unit|state.state_bit_1 ; Milestone2:M2_unit|accum_1_Cs[23] ; clk_50       ; clk_50      ; 20.000       ; -0.094     ; 16.079     ;
; 3.828 ; Milestone1:M1_unit|mult_op_1_1[9]    ; Milestone1:M1_unit|accum_2[19]    ; clk_50       ; clk_50      ; 20.000       ; -0.070     ; 16.100     ;
; 3.848 ; Milestone2:M2_unit|state.state_bit_0 ; Milestone2:M2_unit|accum_2_Cs[20] ; clk_50       ; clk_50      ; 20.000       ; -0.080     ; 16.070     ;
; 3.856 ; Milestone2:M2_unit|state.state_bit_0 ; Milestone2:M2_unit|accum_3_Cs[18] ; clk_50       ; clk_50      ; 20.000       ; -0.070     ; 16.072     ;
; 3.860 ; Milestone2:M2_unit|state.state_bit_1 ; Milestone2:M2_unit|accum_3_Cs[30] ; clk_50       ; clk_50      ; 20.000       ; -0.072     ; 16.066     ;
; 3.862 ; Milestone1:M1_unit|mult_op_1_1[10]   ; Milestone1:M1_unit|accum_2[18]    ; clk_50       ; clk_50      ; 20.000       ; -0.059     ; 16.077     ;
; 3.873 ; Milestone1:M1_unit|mult_op_1_1[0]    ; Milestone1:M1_unit|accum_2[19]    ; clk_50       ; clk_50      ; 20.000       ; -0.052     ; 16.073     ;
; 3.877 ; Milestone2:M2_unit|state.state_bit_2 ; Milestone2:M2_unit|accum_1_Cs[27] ; clk_50       ; clk_50      ; 20.000       ; -0.089     ; 16.032     ;
; 3.878 ; Milestone2:M2_unit|state.state_bit_2 ; Milestone2:M2_unit|accum_1_Cs[28] ; clk_50       ; clk_50      ; 20.000       ; -0.089     ; 16.031     ;
; 3.879 ; Milestone2:M2_unit|state.state_bit_2 ; Milestone2:M2_unit|accum_1_Cs[29] ; clk_50       ; clk_50      ; 20.000       ; -0.089     ; 16.030     ;
; 3.879 ; Milestone2:M2_unit|state.state_bit_2 ; Milestone2:M2_unit|accum_1_Cs[22] ; clk_50       ; clk_50      ; 20.000       ; -0.089     ; 16.030     ;
; 3.879 ; Milestone1:M1_unit|mult_op_1_1[9]    ; Milestone1:M1_unit|accum_2[18]    ; clk_50       ; clk_50      ; 20.000       ; -0.070     ; 16.049     ;
; 3.880 ; Milestone2:M2_unit|state.state_bit_0 ; Milestone2:M2_unit|accum_1_Cs[13] ; clk_50       ; clk_50      ; 20.000       ; -0.094     ; 16.024     ;
; 3.886 ; Milestone1:M1_unit|mult_op_1_1[12]   ; Milestone1:M1_unit|accum_2[19]    ; clk_50       ; clk_50      ; 20.000       ; -0.043     ; 16.069     ;
; 3.890 ; Milestone2:M2_unit|state.state_bit_0 ; Milestone2:M2_unit|accum_1_Cs[12] ; clk_50       ; clk_50      ; 20.000       ; -0.074     ; 16.034     ;
; 3.908 ; Milestone2:M2_unit|state.state_bit_2 ; Milestone2:M2_unit|accum_2_Cs[22] ; clk_50       ; clk_50      ; 20.000       ; -0.082     ; 16.008     ;
; 3.916 ; Milestone1:M1_unit|mult_op_1_1[10]   ; Milestone1:M1_unit|accum_2[31]    ; clk_50       ; clk_50      ; 20.000       ; -0.061     ; 16.021     ;
; 3.924 ; Milestone1:M1_unit|mult_op_1_1[0]    ; Milestone1:M1_unit|accum_2[18]    ; clk_50       ; clk_50      ; 20.000       ; -0.052     ; 16.022     ;
; 3.925 ; Milestone2:M2_unit|state.state_bit_2 ; Milestone2:M2_unit|accum_1[30]    ; clk_50       ; clk_50      ; 20.000       ; -0.073     ; 16.000     ;
; 3.931 ; Milestone2:M2_unit|state.state_bit_0 ; Milestone2:M2_unit|accum_1_Cs[11] ; clk_50       ; clk_50      ; 20.000       ; -0.098     ; 15.969     ;
; 3.933 ; Milestone1:M1_unit|mult_op_1_1[9]    ; Milestone1:M1_unit|accum_2[31]    ; clk_50       ; clk_50      ; 20.000       ; -0.072     ; 15.993     ;
; 3.934 ; Milestone2:M2_unit|state.state_bit_2 ; Milestone2:M2_unit|accum_2_Cs[31] ; clk_50       ; clk_50      ; 20.000       ; -0.079     ; 15.985     ;
; 3.937 ; Milestone2:M2_unit|state.state_bit_2 ; Milestone2:M2_unit|accum_3_Cs[30] ; clk_50       ; clk_50      ; 20.000       ; -0.072     ; 15.989     ;
; 3.937 ; Milestone1:M1_unit|mult_op_1_1[12]   ; Milestone1:M1_unit|accum_2[18]    ; clk_50       ; clk_50      ; 20.000       ; -0.043     ; 16.018     ;
; 3.947 ; Milestone1:M1_unit|mult_op_1_1[5]    ; Milestone1:M1_unit|accum_2[19]    ; clk_50       ; clk_50      ; 20.000       ; -0.052     ; 15.999     ;
; 3.948 ; Milestone2:M2_unit|state.state_bit_1 ; Milestone2:M2_unit|accum_1_Cs[13] ; clk_50       ; clk_50      ; 20.000       ; -0.094     ; 15.956     ;
; 3.958 ; Milestone2:M2_unit|state.state_bit_1 ; Milestone2:M2_unit|accum_1_Cs[12] ; clk_50       ; clk_50      ; 20.000       ; -0.074     ; 15.966     ;
; 3.973 ; Milestone1:M1_unit|mult_op_1_1[13]   ; Milestone1:M1_unit|accum_2[17]    ; clk_50       ; clk_50      ; 20.000       ; -0.062     ; 15.963     ;
+-------+--------------------------------------+-----------------------------------+--------------+-------------+--------------+------------+------------+


+-------------------------------------------------------------------------------------------------------------------------------------------------------------------------------------------------------------------------------------------------------------------------------------------------------------+
; Slow 1200mV 85C Model Hold: 'clk_50'                                                                                                                                                                                                                                                                        ;
+-------+-------------------------------------------------------------------------------------+-----------------------------------------------------------------------------------------------------------------------------------------+--------------+-------------+--------------+------------+------------+
; Slack ; From Node                                                                           ; To Node                                                                                                                                 ; Launch Clock ; Latch Clock ; Relationship ; Clock Skew ; Data Delay ;
+-------+-------------------------------------------------------------------------------------+-----------------------------------------------------------------------------------------------------------------------------------------+--------------+-------------+--------------+------------+------------+
; 0.352 ; Milestone2:M2_unit|Ct_write_data_b[9]                                               ; Milestone2:M2_unit|dual_port_T:RAM_inst2|altsyncram:altsyncram_component|altsyncram_rbk2:auto_generated|ram_block1a0~portb_datain_reg0  ; clk_50       ; clk_50      ; 0.000        ; 0.455      ; 1.029      ;
; 0.354 ; Milestone2:M2_unit|Ct_write_data_b[5]                                               ; Milestone2:M2_unit|dual_port_T:RAM_inst2|altsyncram:altsyncram_component|altsyncram_rbk2:auto_generated|ram_block1a0~portb_datain_reg0  ; clk_50       ; clk_50      ; 0.000        ; 0.455      ; 1.031      ;
; 0.355 ; Milestone2:M2_unit|Ct_write_data_b[13]                                              ; Milestone2:M2_unit|dual_port_T:RAM_inst2|altsyncram:altsyncram_component|altsyncram_rbk2:auto_generated|ram_block1a0~portb_datain_reg0  ; clk_50       ; clk_50      ; 0.000        ; 0.455      ; 1.032      ;
; 0.357 ; Milestone2:M2_unit|fetch_write_data_a[20]                                           ; Milestone2:M2_unit|dual_port_s:RAM_inst0|altsyncram:altsyncram_component|altsyncram_3vk2:auto_generated|ram_block1a0~porta_datain_reg0  ; clk_50       ; clk_50      ; 0.000        ; 0.447      ; 1.026      ;
; 0.358 ; Milestone2:M2_unit|Ct_write_data_b[14]                                              ; Milestone2:M2_unit|dual_port_T:RAM_inst2|altsyncram:altsyncram_component|altsyncram_rbk2:auto_generated|ram_block1a0~portb_datain_reg0  ; clk_50       ; clk_50      ; 0.000        ; 0.455      ; 1.035      ;
; 0.359 ; Milestone2:M2_unit|Ct_write_data_b[15]                                              ; Milestone2:M2_unit|dual_port_T:RAM_inst2|altsyncram:altsyncram_component|altsyncram_rbk2:auto_generated|ram_block1a0~portb_datain_reg0  ; clk_50       ; clk_50      ; 0.000        ; 0.455      ; 1.036      ;
; 0.362 ; Milestone2:M2_unit|fetch_write_data_a[18]                                           ; Milestone2:M2_unit|dual_port_s:RAM_inst0|altsyncram:altsyncram_component|altsyncram_3vk2:auto_generated|ram_block1a0~porta_datain_reg0  ; clk_50       ; clk_50      ; 0.000        ; 0.447      ; 1.031      ;
; 0.364 ; Milestone2:M2_unit|fetch_write_data_a[23]                                           ; Milestone2:M2_unit|dual_port_s:RAM_inst0|altsyncram:altsyncram_component|altsyncram_3vk2:auto_generated|ram_block1a0~porta_datain_reg0  ; clk_50       ; clk_50      ; 0.000        ; 0.447      ; 1.033      ;
; 0.366 ; Milestone2:M2_unit|Ct_write_data_b[12]                                              ; Milestone2:M2_unit|dual_port_T:RAM_inst2|altsyncram:altsyncram_component|altsyncram_rbk2:auto_generated|ram_block1a0~portb_datain_reg0  ; clk_50       ; clk_50      ; 0.000        ; 0.455      ; 1.043      ;
; 0.387 ; Milestone2:M2_unit|Ct_write_data_a[27]                                              ; Milestone2:M2_unit|dual_port_T:RAM_inst2|altsyncram:altsyncram_component|altsyncram_rbk2:auto_generated|ram_block1a18~porta_datain_reg0 ; clk_50       ; clk_50      ; 0.000        ; 0.454      ; 1.063      ;
; 0.388 ; Milestone2:M2_unit|Ct_write_data_a[19]                                              ; Milestone2:M2_unit|dual_port_T:RAM_inst2|altsyncram:altsyncram_component|altsyncram_rbk2:auto_generated|ram_block1a18~porta_datain_reg0 ; clk_50       ; clk_50      ; 0.000        ; 0.454      ; 1.064      ;
; 0.388 ; Milestone2:M2_unit|Ct_write_data_a[22]                                              ; Milestone2:M2_unit|dual_port_T:RAM_inst2|altsyncram:altsyncram_component|altsyncram_rbk2:auto_generated|ram_block1a18~porta_datain_reg0 ; clk_50       ; clk_50      ; 0.000        ; 0.454      ; 1.064      ;
; 0.389 ; Milestone2:M2_unit|Ct_write_data_a[20]                                              ; Milestone2:M2_unit|dual_port_T:RAM_inst2|altsyncram:altsyncram_component|altsyncram_rbk2:auto_generated|ram_block1a18~porta_datain_reg0 ; clk_50       ; clk_50      ; 0.000        ; 0.454      ; 1.065      ;
; 0.389 ; Milestone2:M2_unit|Ct_write_data_a[21]                                              ; Milestone2:M2_unit|dual_port_T:RAM_inst2|altsyncram:altsyncram_component|altsyncram_rbk2:auto_generated|ram_block1a18~porta_datain_reg0 ; clk_50       ; clk_50      ; 0.000        ; 0.454      ; 1.065      ;
; 0.401 ; Milestone3:M3_unit|address[7]                                                       ; Milestone3:M3_unit|address[7]                                                                                                           ; clk_50       ; clk_50      ; 0.000        ; 0.082      ; 0.669      ;
; 0.401 ; Milestone3:M3_unit|address[4]                                                       ; Milestone3:M3_unit|address[4]                                                                                                           ; clk_50       ; clk_50      ; 0.000        ; 0.082      ; 0.669      ;
; 0.401 ; Milestone3:M3_unit|address[6]                                                       ; Milestone3:M3_unit|address[6]                                                                                                           ; clk_50       ; clk_50      ; 0.000        ; 0.082      ; 0.669      ;
; 0.401 ; Milestone3:M3_unit|address[5]                                                       ; Milestone3:M3_unit|address[5]                                                                                                           ; clk_50       ; clk_50      ; 0.000        ; 0.082      ; 0.669      ;
; 0.401 ; Milestone1:M1_unit|mult_op_4_1[0]                                                   ; Milestone1:M1_unit|mult_op_4_1[0]                                                                                                       ; clk_50       ; clk_50      ; 0.000        ; 0.082      ; 0.669      ;
; 0.401 ; Milestone1:M1_unit|mult_op_4_1[9]                                                   ; Milestone1:M1_unit|mult_op_4_1[9]                                                                                                       ; clk_50       ; clk_50      ; 0.000        ; 0.082      ; 0.669      ;
; 0.401 ; Milestone3:M3_unit|M3_done                                                          ; Milestone3:M3_unit|M3_done                                                                                                              ; clk_50       ; clk_50      ; 0.000        ; 0.082      ; 0.669      ;
; 0.401 ; Milestone3:M3_unit|memory_type[0]                                                   ; Milestone3:M3_unit|memory_type[0]                                                                                                       ; clk_50       ; clk_50      ; 0.000        ; 0.082      ; 0.669      ;
; 0.401 ; Milestone3:M3_unit|mode                                                             ; Milestone3:M3_unit|mode                                                                                                                 ; clk_50       ; clk_50      ; 0.000        ; 0.082      ; 0.669      ;
; 0.401 ; Milestone3:M3_unit|header_count[3]                                                  ; Milestone3:M3_unit|header_count[3]                                                                                                      ; clk_50       ; clk_50      ; 0.000        ; 0.082      ; 0.669      ;
; 0.401 ; Milestone3:M3_unit|header_count[0]                                                  ; Milestone3:M3_unit|header_count[0]                                                                                                      ; clk_50       ; clk_50      ; 0.000        ; 0.082      ; 0.669      ;
; 0.401 ; Milestone3:M3_unit|header_count[2]                                                  ; Milestone3:M3_unit|header_count[2]                                                                                                      ; clk_50       ; clk_50      ; 0.000        ; 0.082      ; 0.669      ;
; 0.401 ; Milestone3:M3_unit|header_count[1]                                                  ; Milestone3:M3_unit|header_count[1]                                                                                                      ; clk_50       ; clk_50      ; 0.000        ; 0.082      ; 0.669      ;
; 0.401 ; Milestone3:M3_unit|header_count[5]                                                  ; Milestone3:M3_unit|header_count[5]                                                                                                      ; clk_50       ; clk_50      ; 0.000        ; 0.082      ; 0.669      ;
; 0.401 ; Milestone3:M3_unit|header_count[4]                                                  ; Milestone3:M3_unit|header_count[4]                                                                                                      ; clk_50       ; clk_50      ; 0.000        ; 0.082      ; 0.669      ;
; 0.401 ; M3_start                                                                            ; M3_start                                                                                                                                ; clk_50       ; clk_50      ; 0.000        ; 0.082      ; 0.669      ;
; 0.402 ; UART_SRAM_interface:UART_unit|UART_receive_controller:UART_RX|Frame_error           ; UART_SRAM_interface:UART_unit|UART_receive_controller:UART_RX|Frame_error                                                               ; clk_50       ; clk_50      ; 0.000        ; 0.081      ; 0.669      ;
; 0.402 ; Milestone2:M2_unit|SRAM_write_data_M2_write[12]                                     ; Milestone2:M2_unit|SRAM_write_data_M2_write[12]                                                                                         ; clk_50       ; clk_50      ; 0.000        ; 0.081      ; 0.669      ;
; 0.402 ; Milestone2:M2_unit|SRAM_write_data_M2_write[10]                                     ; Milestone2:M2_unit|SRAM_write_data_M2_write[10]                                                                                         ; clk_50       ; clk_50      ; 0.000        ; 0.081      ; 0.669      ;
; 0.402 ; Milestone2:M2_unit|SRAM_write_data_M2_write[9]                                      ; Milestone2:M2_unit|SRAM_write_data_M2_write[9]                                                                                          ; clk_50       ; clk_50      ; 0.000        ; 0.081      ; 0.669      ;
; 0.402 ; Milestone2:M2_unit|fetch_S_buffer[9]                                                ; Milestone2:M2_unit|fetch_S_buffer[9]                                                                                                    ; clk_50       ; clk_50      ; 0.000        ; 0.081      ; 0.669      ;
; 0.402 ; Milestone2:M2_unit|fetch_S_buffer[8]                                                ; Milestone2:M2_unit|fetch_S_buffer[8]                                                                                                    ; clk_50       ; clk_50      ; 0.000        ; 0.081      ; 0.669      ;
; 0.402 ; Milestone2:M2_unit|fetch_S_buffer[10]                                               ; Milestone2:M2_unit|fetch_S_buffer[10]                                                                                                   ; clk_50       ; clk_50      ; 0.000        ; 0.081      ; 0.669      ;
; 0.402 ; Milestone2:M2_unit|fetch_S_buffer[11]                                               ; Milestone2:M2_unit|fetch_S_buffer[11]                                                                                                   ; clk_50       ; clk_50      ; 0.000        ; 0.081      ; 0.669      ;
; 0.402 ; Milestone2:M2_unit|fetch_S_buffer[21]                                               ; Milestone2:M2_unit|fetch_S_buffer[21]                                                                                                   ; clk_50       ; clk_50      ; 0.000        ; 0.081      ; 0.669      ;
; 0.402 ; Milestone2:M2_unit|fetch_S_buffer[23]                                               ; Milestone2:M2_unit|fetch_S_buffer[23]                                                                                                   ; clk_50       ; clk_50      ; 0.000        ; 0.081      ; 0.669      ;
; 0.402 ; Milestone2:M2_unit|fetch_S_buffer[20]                                               ; Milestone2:M2_unit|fetch_S_buffer[20]                                                                                                   ; clk_50       ; clk_50      ; 0.000        ; 0.081      ; 0.669      ;
; 0.402 ; Milestone2:M2_unit|fetch_S_buffer[22]                                               ; Milestone2:M2_unit|fetch_S_buffer[22]                                                                                                   ; clk_50       ; clk_50      ; 0.000        ; 0.081      ; 0.669      ;
; 0.402 ; Milestone2:M2_unit|fetch_S_buffer[17]                                               ; Milestone2:M2_unit|fetch_S_buffer[17]                                                                                                   ; clk_50       ; clk_50      ; 0.000        ; 0.081      ; 0.669      ;
; 0.402 ; Milestone2:M2_unit|fetch_S_buffer[19]                                               ; Milestone2:M2_unit|fetch_S_buffer[19]                                                                                                   ; clk_50       ; clk_50      ; 0.000        ; 0.081      ; 0.669      ;
; 0.402 ; Milestone2:M2_unit|accum_3_buf[1]                                                   ; Milestone2:M2_unit|accum_3_buf[1]                                                                                                       ; clk_50       ; clk_50      ; 0.000        ; 0.081      ; 0.669      ;
; 0.402 ; Milestone2:M2_unit|accum_3_buf[4]                                                   ; Milestone2:M2_unit|accum_3_buf[4]                                                                                                       ; clk_50       ; clk_50      ; 0.000        ; 0.081      ; 0.669      ;
; 0.402 ; Milestone2:M2_unit|accum_3_buf[6]                                                   ; Milestone2:M2_unit|accum_3_buf[6]                                                                                                       ; clk_50       ; clk_50      ; 0.000        ; 0.081      ; 0.669      ;
; 0.402 ; Milestone2:M2_unit|accum_3_buf[11]                                                  ; Milestone2:M2_unit|accum_3_buf[11]                                                                                                      ; clk_50       ; clk_50      ; 0.000        ; 0.081      ; 0.669      ;
; 0.402 ; Milestone2:M2_unit|accum_3_buf[13]                                                  ; Milestone2:M2_unit|accum_3_buf[13]                                                                                                      ; clk_50       ; clk_50      ; 0.000        ; 0.081      ; 0.669      ;
; 0.402 ; Milestone2:M2_unit|accum_3_buf[16]                                                  ; Milestone2:M2_unit|accum_3_buf[16]                                                                                                      ; clk_50       ; clk_50      ; 0.000        ; 0.081      ; 0.669      ;
; 0.402 ; Milestone2:M2_unit|fetch_S_Buffer_F[0]                                              ; Milestone2:M2_unit|fetch_S_Buffer_F[0]                                                                                                  ; clk_50       ; clk_50      ; 0.000        ; 0.081      ; 0.669      ;
; 0.402 ; Milestone2:M2_unit|fetch_S_Buffer_F[2]                                              ; Milestone2:M2_unit|fetch_S_Buffer_F[2]                                                                                                  ; clk_50       ; clk_50      ; 0.000        ; 0.081      ; 0.669      ;
; 0.402 ; Milestone2:M2_unit|fetch_S_Buffer_F[4]                                              ; Milestone2:M2_unit|fetch_S_Buffer_F[4]                                                                                                  ; clk_50       ; clk_50      ; 0.000        ; 0.081      ; 0.669      ;
; 0.402 ; Milestone2:M2_unit|fetch_S_Buffer_F[7]                                              ; Milestone2:M2_unit|fetch_S_Buffer_F[7]                                                                                                  ; clk_50       ; clk_50      ; 0.000        ; 0.081      ; 0.669      ;
; 0.402 ; Milestone2:M2_unit|first_run                                                        ; Milestone2:M2_unit|first_run                                                                                                            ; clk_50       ; clk_50      ; 0.000        ; 0.081      ; 0.669      ;
; 0.402 ; Milestone2:M2_unit|fetch_S_Buffer_F[9]                                              ; Milestone2:M2_unit|fetch_S_Buffer_F[9]                                                                                                  ; clk_50       ; clk_50      ; 0.000        ; 0.081      ; 0.669      ;
; 0.402 ; Milestone2:M2_unit|fetch_S_Buffer_F[11]                                             ; Milestone2:M2_unit|fetch_S_Buffer_F[11]                                                                                                 ; clk_50       ; clk_50      ; 0.000        ; 0.081      ; 0.669      ;
; 0.402 ; Milestone2:M2_unit|fetch_S_Buffer_F[12]                                             ; Milestone2:M2_unit|fetch_S_Buffer_F[12]                                                                                                 ; clk_50       ; clk_50      ; 0.000        ; 0.081      ; 0.669      ;
; 0.402 ; Milestone2:M2_unit|fetch_S_Buffer_F[14]                                             ; Milestone2:M2_unit|fetch_S_Buffer_F[14]                                                                                                 ; clk_50       ; clk_50      ; 0.000        ; 0.081      ; 0.669      ;
; 0.402 ; VGA_SRAM_interface:VGA_unit|VGA_SRAM_state.state_bit_3                              ; VGA_SRAM_interface:VGA_unit|VGA_SRAM_state.state_bit_3                                                                                  ; clk_50       ; clk_50      ; 0.000        ; 0.081      ; 0.669      ;
; 0.402 ; VGA_SRAM_interface:VGA_unit|VGA_SRAM_state.state_bit_2                              ; VGA_SRAM_interface:VGA_unit|VGA_SRAM_state.state_bit_2                                                                                  ; clk_50       ; clk_50      ; 0.000        ; 0.081      ; 0.669      ;
; 0.402 ; Milestone3:M3_unit|dir                                                              ; Milestone3:M3_unit|dir                                                                                                                  ; clk_50       ; clk_50      ; 0.000        ; 0.081      ; 0.669      ;
; 0.402 ; Milestone3:M3_unit|address[3]                                                       ; Milestone3:M3_unit|address[3]                                                                                                           ; clk_50       ; clk_50      ; 0.000        ; 0.081      ; 0.669      ;
; 0.402 ; UART_SRAM_interface:UART_unit|UART_receive_controller:UART_RX|Empty                 ; UART_SRAM_interface:UART_unit|UART_receive_controller:UART_RX|Empty                                                                     ; clk_50       ; clk_50      ; 0.000        ; 0.081      ; 0.669      ;
; 0.402 ; UART_SRAM_interface:UART_unit|UART_receive_controller:UART_RX|RXC_state.state_bit_1 ; UART_SRAM_interface:UART_unit|UART_receive_controller:UART_RX|RXC_state.state_bit_1                                                     ; clk_50       ; clk_50      ; 0.000        ; 0.081      ; 0.669      ;
; 0.402 ; UART_SRAM_interface:UART_unit|UART_receive_controller:UART_RX|RXC_state.state_bit_0 ; UART_SRAM_interface:UART_unit|UART_receive_controller:UART_RX|RXC_state.state_bit_0                                                     ; clk_50       ; clk_50      ; 0.000        ; 0.081      ; 0.669      ;
; 0.402 ; UART_SRAM_interface:UART_unit|UART_receive_controller:UART_RX|data_count[0]         ; UART_SRAM_interface:UART_unit|UART_receive_controller:UART_RX|data_count[0]                                                             ; clk_50       ; clk_50      ; 0.000        ; 0.081      ; 0.669      ;
; 0.402 ; UART_SRAM_interface:UART_unit|UART_receive_controller:UART_RX|data_count[1]         ; UART_SRAM_interface:UART_unit|UART_receive_controller:UART_RX|data_count[1]                                                             ; clk_50       ; clk_50      ; 0.000        ; 0.081      ; 0.669      ;
; 0.402 ; UART_SRAM_interface:UART_unit|UART_receive_controller:UART_RX|data_count[2]         ; UART_SRAM_interface:UART_unit|UART_receive_controller:UART_RX|data_count[2]                                                             ; clk_50       ; clk_50      ; 0.000        ; 0.081      ; 0.669      ;
; 0.402 ; Milestone2:M2_unit|end_signal                                                       ; Milestone2:M2_unit|end_signal                                                                                                           ; clk_50       ; clk_50      ; 0.000        ; 0.081      ; 0.669      ;
; 0.402 ; Milestone2:M2_unit|mode                                                             ; Milestone2:M2_unit|mode                                                                                                                 ; clk_50       ; clk_50      ; 0.000        ; 0.081      ; 0.669      ;
; 0.402 ; Milestone2:M2_unit|row_index_F[1]                                                   ; Milestone2:M2_unit|row_index_F[1]                                                                                                       ; clk_50       ; clk_50      ; 0.000        ; 0.081      ; 0.669      ;
; 0.402 ; Milestone2:M2_unit|M2_finish_write                                                  ; Milestone2:M2_unit|M2_finish_write                                                                                                      ; clk_50       ; clk_50      ; 0.000        ; 0.081      ; 0.669      ;
; 0.402 ; Milestone2:M2_unit|flag_2_F                                                         ; Milestone2:M2_unit|flag_2_F                                                                                                             ; clk_50       ; clk_50      ; 0.000        ; 0.081      ; 0.669      ;
; 0.402 ; Milestone3:M3_unit|SRAM_write_data[15]                                              ; Milestone3:M3_unit|SRAM_write_data[15]                                                                                                  ; clk_50       ; clk_50      ; 0.000        ; 0.081      ; 0.669      ;
; 0.402 ; Milestone3:M3_unit|SRAM_write_data[14]                                              ; Milestone3:M3_unit|SRAM_write_data[14]                                                                                                  ; clk_50       ; clk_50      ; 0.000        ; 0.081      ; 0.669      ;
; 0.402 ; Milestone3:M3_unit|address[0]                                                       ; Milestone3:M3_unit|address[0]                                                                                                           ; clk_50       ; clk_50      ; 0.000        ; 0.081      ; 0.669      ;
; 0.402 ; Milestone3:M3_unit|address[2]                                                       ; Milestone3:M3_unit|address[2]                                                                                                           ; clk_50       ; clk_50      ; 0.000        ; 0.081      ; 0.669      ;
; 0.402 ; Milestone3:M3_unit|address[1]                                                       ; Milestone3:M3_unit|address[1]                                                                                                           ; clk_50       ; clk_50      ; 0.000        ; 0.081      ; 0.669      ;
; 0.402 ; top_state.state_bit_2                                                               ; top_state.state_bit_2                                                                                                                   ; clk_50       ; clk_50      ; 0.000        ; 0.081      ; 0.669      ;
; 0.402 ; UART_rx_enable                                                                      ; UART_rx_enable                                                                                                                          ; clk_50       ; clk_50      ; 0.000        ; 0.081      ; 0.669      ;
; 0.402 ; M2_start                                                                            ; M2_start                                                                                                                                ; clk_50       ; clk_50      ; 0.000        ; 0.081      ; 0.669      ;
; 0.402 ; Milestone3:M3_unit|memory_type[1]                                                   ; Milestone3:M3_unit|memory_type[1]                                                                                                       ; clk_50       ; clk_50      ; 0.000        ; 0.081      ; 0.669      ;
; 0.402 ; Milestone3:M3_unit|flag_7                                                           ; Milestone3:M3_unit|flag_7                                                                                                               ; clk_50       ; clk_50      ; 0.000        ; 0.081      ; 0.669      ;
; 0.402 ; Milestone3:M3_unit|flag_3                                                           ; Milestone3:M3_unit|flag_3                                                                                                               ; clk_50       ; clk_50      ; 0.000        ; 0.081      ; 0.669      ;
; 0.402 ; Milestone3:M3_unit|flag.state_bit_0                                                 ; Milestone3:M3_unit|flag.state_bit_0                                                                                                     ; clk_50       ; clk_50      ; 0.000        ; 0.081      ; 0.669      ;
; 0.402 ; Milestone3:M3_unit|flag_2.state_bit_0                                               ; Milestone3:M3_unit|flag_2.state_bit_0                                                                                                   ; clk_50       ; clk_50      ; 0.000        ; 0.081      ; 0.669      ;
; 0.402 ; Milestone3:M3_unit|flag_4                                                           ; Milestone3:M3_unit|flag_4                                                                                                               ; clk_50       ; clk_50      ; 0.000        ; 0.081      ; 0.669      ;
; 0.402 ; UART_SRAM_interface:UART_unit|SRAM_we_n                                             ; UART_SRAM_interface:UART_unit|SRAM_we_n                                                                                                 ; clk_50       ; clk_50      ; 0.000        ; 0.081      ; 0.669      ;
; 0.402 ; UART_SRAM_interface:UART_unit|UART_rx_unload_data                                   ; UART_SRAM_interface:UART_unit|UART_rx_unload_data                                                                                       ; clk_50       ; clk_50      ; 0.000        ; 0.081      ; 0.669      ;
; 0.402 ; Milestone2:M2_unit|row_index_F[3]                                                   ; Milestone2:M2_unit|row_index_F[3]                                                                                                       ; clk_50       ; clk_50      ; 0.000        ; 0.081      ; 0.669      ;
; 0.402 ; Milestone2:M2_unit|flag_1_F                                                         ; Milestone2:M2_unit|flag_1_F                                                                                                             ; clk_50       ; clk_50      ; 0.000        ; 0.081      ; 0.669      ;
; 0.402 ; Milestone2:M2_unit|row_index_F[2]                                                   ; Milestone2:M2_unit|row_index_F[2]                                                                                                       ; clk_50       ; clk_50      ; 0.000        ; 0.081      ; 0.669      ;
; 0.402 ; Milestone2:M2_unit|col_block_F[1]                                                   ; Milestone2:M2_unit|col_block_F[1]                                                                                                       ; clk_50       ; clk_50      ; 0.000        ; 0.081      ; 0.669      ;
; 0.402 ; Milestone2:M2_unit|col_block_F[2]                                                   ; Milestone2:M2_unit|col_block_F[2]                                                                                                       ; clk_50       ; clk_50      ; 0.000        ; 0.081      ; 0.669      ;
; 0.402 ; Milestone2:M2_unit|col_block_F[3]                                                   ; Milestone2:M2_unit|col_block_F[3]                                                                                                       ; clk_50       ; clk_50      ; 0.000        ; 0.081      ; 0.669      ;
; 0.402 ; Milestone2:M2_unit|col_index_F[3]                                                   ; Milestone2:M2_unit|col_index_F[3]                                                                                                       ; clk_50       ; clk_50      ; 0.000        ; 0.081      ; 0.669      ;
; 0.402 ; Milestone2:M2_unit|col_index_F[2]                                                   ; Milestone2:M2_unit|col_index_F[2]                                                                                                       ; clk_50       ; clk_50      ; 0.000        ; 0.081      ; 0.669      ;
; 0.402 ; Milestone2:M2_unit|col_index_F[1]                                                   ; Milestone2:M2_unit|col_index_F[1]                                                                                                       ; clk_50       ; clk_50      ; 0.000        ; 0.081      ; 0.669      ;
; 0.402 ; VGA_enable                                                                          ; VGA_enable                                                                                                                              ; clk_50       ; clk_50      ; 0.000        ; 0.081      ; 0.669      ;
+-------+-------------------------------------------------------------------------------------+-----------------------------------------------------------------------------------------------------------------------------------------+--------------+-------------+--------------+------------+------------+


-----------------------------------------------
; Slow 1200mV 85C Model Metastability Summary ;
-----------------------------------------------
No synchronizer chains to report.


+-------------------------------------------------+
; Slow 1200mV 0C Model Fmax Summary               ;
+-----------+-----------------+------------+------+
; Fmax      ; Restricted Fmax ; Clock Name ; Note ;
+-----------+-----------------+------------+------+
; 65.01 MHz ; 65.01 MHz       ; clk_50     ;      ;
+-----------+-----------------+------------+------+
This panel reports FMAX for every clock in the design, regardless of the user-specified clock periods.  FMAX is only computed for paths where the source and destination registers or ports are driven by the same clock.  Paths of different clocks, including generated clocks, are ignored.  For paths between a clock and its inversion, FMAX is computed as if the rising and falling edges are scaled along with FMAX, such that the duty cycle (in terms of a percentage) is maintained. Altera recommends that you always use clock constraints and other slack reports for sign-off analysis.


+------------------------------------+
; Slow 1200mV 0C Model Setup Summary ;
+--------+-------+-------------------+
; Clock  ; Slack ; End Point TNS     ;
+--------+-------+-------------------+
; clk_50 ; 4.618 ; 0.000             ;
+--------+-------+-------------------+


+-----------------------------------+
; Slow 1200mV 0C Model Hold Summary ;
+--------+-------+------------------+
; Clock  ; Slack ; End Point TNS    ;
+--------+-------+------------------+
; clk_50 ; 0.324 ; 0.000            ;
+--------+-------+------------------+


-----------------------------------------
; Slow 1200mV 0C Model Recovery Summary ;
-----------------------------------------
No paths to report.


----------------------------------------
; Slow 1200mV 0C Model Removal Summary ;
----------------------------------------
No paths to report.


+--------------------------------------------------------------------------------------------------+
; Slow 1200mV 0C Model Minimum Pulse Width Summary                                                 ;
+--------------------------------------------------------------------------+-------+---------------+
; Clock                                                                    ; Slack ; End Point TNS ;
+--------------------------------------------------------------------------+-------+---------------+
; SRAM_unit|Clock_100_PLL_inst|altpll_component|auto_generated|pll1|clk[0] ; 4.754 ; 0.000         ;
; clk_50                                                                   ; 9.532 ; 0.000         ;
+--------------------------------------------------------------------------+-------+---------------+


+--------------------------------------------------------------------------------------------------------------------------------------------------------+
; Slow 1200mV 0C Model Setup: 'clk_50'                                                                                                                   ;
+-------+--------------------------------------+-----------------------------------+--------------+-------------+--------------+------------+------------+
; Slack ; From Node                            ; To Node                           ; Launch Clock ; Latch Clock ; Relationship ; Clock Skew ; Data Delay ;
+-------+--------------------------------------+-----------------------------------+--------------+-------------+--------------+------------+------------+
; 4.618 ; Milestone2:M2_unit|state.state_bit_2 ; Milestone2:M2_unit|accum_1_Cs[21] ; clk_50       ; clk_50      ; 20.000       ; -0.087     ; 15.294     ;
; 4.701 ; Milestone2:M2_unit|state.state_bit_0 ; Milestone2:M2_unit|accum_1_Cs[21] ; clk_50       ; clk_50      ; 20.000       ; -0.087     ; 15.211     ;
; 4.764 ; Milestone2:M2_unit|state.state_bit_2 ; Milestone2:M2_unit|accum_1_Cs[31] ; clk_50       ; clk_50      ; 20.000       ; -0.087     ; 15.148     ;
; 4.797 ; Milestone2:M2_unit|state.state_bit_2 ; Milestone2:M2_unit|accum_1_Cs[20] ; clk_50       ; clk_50      ; 20.000       ; -0.085     ; 15.117     ;
; 4.831 ; Milestone2:M2_unit|state.state_bit_1 ; Milestone2:M2_unit|accum_1_Cs[21] ; clk_50       ; clk_50      ; 20.000       ; -0.087     ; 15.081     ;
; 4.847 ; Milestone2:M2_unit|state.state_bit_0 ; Milestone2:M2_unit|accum_1_Cs[31] ; clk_50       ; clk_50      ; 20.000       ; -0.087     ; 15.065     ;
; 4.880 ; Milestone2:M2_unit|state.state_bit_0 ; Milestone2:M2_unit|accum_1_Cs[20] ; clk_50       ; clk_50      ; 20.000       ; -0.085     ; 15.034     ;
; 4.977 ; Milestone2:M2_unit|state.state_bit_1 ; Milestone2:M2_unit|accum_1_Cs[31] ; clk_50       ; clk_50      ; 20.000       ; -0.087     ; 14.935     ;
; 4.981 ; Milestone2:M2_unit|state.state_bit_2 ; Milestone2:M2_unit|accum_2_Cs[27] ; clk_50       ; clk_50      ; 20.000       ; -0.068     ; 14.950     ;
; 4.985 ; Milestone2:M2_unit|state.state_bit_2 ; Milestone2:M2_unit|accum_2_Cs[26] ; clk_50       ; clk_50      ; 20.000       ; -0.068     ; 14.946     ;
; 4.987 ; Milestone2:M2_unit|state.state_bit_1 ; Milestone2:M2_unit|accum_2_Cs[27] ; clk_50       ; clk_50      ; 20.000       ; -0.068     ; 14.944     ;
; 4.989 ; Milestone2:M2_unit|state.state_bit_2 ; Milestone2:M2_unit|accum_1_Cs[30] ; clk_50       ; clk_50      ; 20.000       ; -0.068     ; 14.942     ;
; 4.991 ; Milestone2:M2_unit|state.state_bit_1 ; Milestone2:M2_unit|accum_2_Cs[26] ; clk_50       ; clk_50      ; 20.000       ; -0.068     ; 14.940     ;
; 5.010 ; Milestone2:M2_unit|state.state_bit_1 ; Milestone2:M2_unit|accum_1_Cs[20] ; clk_50       ; clk_50      ; 20.000       ; -0.085     ; 14.904     ;
; 5.030 ; Milestone2:M2_unit|state.state_bit_2 ; Milestone2:M2_unit|accum_1_Cs[16] ; clk_50       ; clk_50      ; 20.000       ; -0.087     ; 14.882     ;
; 5.035 ; Milestone2:M2_unit|state.state_bit_1 ; Milestone2:M2_unit|accum_3_Cs[23] ; clk_50       ; clk_50      ; 20.000       ; -0.061     ; 14.903     ;
; 5.064 ; Milestone2:M2_unit|state.state_bit_0 ; Milestone2:M2_unit|accum_2_Cs[27] ; clk_50       ; clk_50      ; 20.000       ; -0.068     ; 14.867     ;
; 5.068 ; Milestone2:M2_unit|state.state_bit_0 ; Milestone2:M2_unit|accum_2_Cs[26] ; clk_50       ; clk_50      ; 20.000       ; -0.068     ; 14.863     ;
; 5.072 ; Milestone2:M2_unit|state.state_bit_0 ; Milestone2:M2_unit|accum_1_Cs[30] ; clk_50       ; clk_50      ; 20.000       ; -0.068     ; 14.859     ;
; 5.101 ; Milestone2:M2_unit|state.state_bit_2 ; Milestone2:M2_unit|accum_2_Cs[23] ; clk_50       ; clk_50      ; 20.000       ; -0.076     ; 14.822     ;
; 5.106 ; Milestone2:M2_unit|state.state_bit_2 ; Milestone2:M2_unit|accum_1_Cs[25] ; clk_50       ; clk_50      ; 20.000       ; -0.068     ; 14.825     ;
; 5.106 ; Milestone2:M2_unit|state.state_bit_2 ; Milestone2:M2_unit|accum_3_Cs[23] ; clk_50       ; clk_50      ; 20.000       ; -0.061     ; 14.832     ;
; 5.107 ; Milestone2:M2_unit|state.state_bit_1 ; Milestone2:M2_unit|accum_2_Cs[23] ; clk_50       ; clk_50      ; 20.000       ; -0.076     ; 14.816     ;
; 5.109 ; Milestone2:M2_unit|state.state_bit_2 ; Milestone2:M2_unit|accum_1_Cs[26] ; clk_50       ; clk_50      ; 20.000       ; -0.068     ; 14.822     ;
; 5.109 ; Milestone2:M2_unit|state.state_bit_2 ; Milestone2:M2_unit|accum_2_Cs[18] ; clk_50       ; clk_50      ; 20.000       ; -0.076     ; 14.814     ;
; 5.113 ; Milestone2:M2_unit|state.state_bit_0 ; Milestone2:M2_unit|accum_1_Cs[16] ; clk_50       ; clk_50      ; 20.000       ; -0.087     ; 14.799     ;
; 5.115 ; Milestone2:M2_unit|state.state_bit_1 ; Milestone2:M2_unit|accum_2_Cs[18] ; clk_50       ; clk_50      ; 20.000       ; -0.076     ; 14.808     ;
; 5.123 ; Milestone2:M2_unit|state.state_bit_2 ; Milestone2:M2_unit|accum_2_Cs[25] ; clk_50       ; clk_50      ; 20.000       ; -0.068     ; 14.808     ;
; 5.129 ; Milestone2:M2_unit|state.state_bit_1 ; Milestone2:M2_unit|accum_2_Cs[25] ; clk_50       ; clk_50      ; 20.000       ; -0.068     ; 14.802     ;
; 5.135 ; Milestone2:M2_unit|state.state_bit_2 ; Milestone2:M2_unit|accum_2_Cs[30] ; clk_50       ; clk_50      ; 20.000       ; -0.067     ; 14.797     ;
; 5.141 ; Milestone2:M2_unit|state.state_bit_1 ; Milestone2:M2_unit|accum_2_Cs[30] ; clk_50       ; clk_50      ; 20.000       ; -0.067     ; 14.791     ;
; 5.151 ; Milestone2:M2_unit|state.state_bit_2 ; Milestone2:M2_unit|accum_1_Cs[24] ; clk_50       ; clk_50      ; 20.000       ; -0.084     ; 14.764     ;
; 5.155 ; Milestone2:M2_unit|state.state_bit_1 ; Milestone2:M2_unit|accum_3_Cs[18] ; clk_50       ; clk_50      ; 20.000       ; -0.061     ; 14.783     ;
; 5.156 ; Milestone2:M2_unit|state.state_bit_2 ; Milestone2:M2_unit|accum_1_Cs[19] ; clk_50       ; clk_50      ; 20.000       ; -0.084     ; 14.759     ;
; 5.160 ; Milestone2:M2_unit|state.state_bit_2 ; Milestone2:M2_unit|accum_1_Cs[18] ; clk_50       ; clk_50      ; 20.000       ; -0.084     ; 14.755     ;
; 5.160 ; Milestone2:M2_unit|state.state_bit_2 ; Milestone2:M2_unit|accum_1_Cs[23] ; clk_50       ; clk_50      ; 20.000       ; -0.084     ; 14.755     ;
; 5.184 ; Milestone2:M2_unit|state.state_bit_0 ; Milestone2:M2_unit|accum_2_Cs[23] ; clk_50       ; clk_50      ; 20.000       ; -0.076     ; 14.739     ;
; 5.186 ; Milestone1:M1_unit|mult_op_1_1[9]    ; Milestone1:M1_unit|accum_2[17]    ; clk_50       ; clk_50      ; 20.000       ; -0.061     ; 14.752     ;
; 5.186 ; Milestone1:M1_unit|mult_op_1_1[10]   ; Milestone1:M1_unit|accum_2[17]    ; clk_50       ; clk_50      ; 20.000       ; -0.050     ; 14.763     ;
; 5.189 ; Milestone2:M2_unit|state.state_bit_0 ; Milestone2:M2_unit|accum_1_Cs[25] ; clk_50       ; clk_50      ; 20.000       ; -0.068     ; 14.742     ;
; 5.192 ; Milestone2:M2_unit|state.state_bit_0 ; Milestone2:M2_unit|accum_1_Cs[26] ; clk_50       ; clk_50      ; 20.000       ; -0.068     ; 14.739     ;
; 5.192 ; Milestone2:M2_unit|state.state_bit_0 ; Milestone2:M2_unit|accum_2_Cs[18] ; clk_50       ; clk_50      ; 20.000       ; -0.076     ; 14.731     ;
; 5.202 ; Milestone2:M2_unit|state.state_bit_1 ; Milestone2:M2_unit|accum_1_Cs[30] ; clk_50       ; clk_50      ; 20.000       ; -0.068     ; 14.729     ;
; 5.206 ; Milestone2:M2_unit|state.state_bit_0 ; Milestone2:M2_unit|accum_2_Cs[25] ; clk_50       ; clk_50      ; 20.000       ; -0.068     ; 14.725     ;
; 5.218 ; Milestone2:M2_unit|state.state_bit_0 ; Milestone2:M2_unit|accum_2_Cs[30] ; clk_50       ; clk_50      ; 20.000       ; -0.067     ; 14.714     ;
; 5.222 ; Milestone2:M2_unit|state.state_bit_0 ; Milestone2:M2_unit|accum_3_Cs[23] ; clk_50       ; clk_50      ; 20.000       ; -0.061     ; 14.716     ;
; 5.223 ; Milestone2:M2_unit|state.state_bit_2 ; Milestone2:M2_unit|accum_1_Cs[13] ; clk_50       ; clk_50      ; 20.000       ; -0.084     ; 14.692     ;
; 5.225 ; Milestone2:M2_unit|state.state_bit_2 ; Milestone2:M2_unit|accum_1_Cs[12] ; clk_50       ; clk_50      ; 20.000       ; -0.066     ; 14.708     ;
; 5.226 ; Milestone2:M2_unit|state.state_bit_2 ; Milestone2:M2_unit|accum_3_Cs[18] ; clk_50       ; clk_50      ; 20.000       ; -0.061     ; 14.712     ;
; 5.232 ; Milestone1:M1_unit|mult_op_1_1[12]   ; Milestone1:M1_unit|accum_2[17]    ; clk_50       ; clk_50      ; 20.000       ; -0.033     ; 14.734     ;
; 5.233 ; Milestone1:M1_unit|mult_op_1_1[0]    ; Milestone1:M1_unit|accum_2[17]    ; clk_50       ; clk_50      ; 20.000       ; -0.042     ; 14.724     ;
; 5.234 ; Milestone2:M2_unit|state.state_bit_0 ; Milestone2:M2_unit|accum_1_Cs[24] ; clk_50       ; clk_50      ; 20.000       ; -0.084     ; 14.681     ;
; 5.239 ; Milestone2:M2_unit|state.state_bit_0 ; Milestone2:M2_unit|accum_1_Cs[19] ; clk_50       ; clk_50      ; 20.000       ; -0.084     ; 14.676     ;
; 5.243 ; Milestone2:M2_unit|state.state_bit_1 ; Milestone2:M2_unit|accum_1_Cs[16] ; clk_50       ; clk_50      ; 20.000       ; -0.087     ; 14.669     ;
; 5.243 ; Milestone2:M2_unit|state.state_bit_0 ; Milestone2:M2_unit|accum_1_Cs[18] ; clk_50       ; clk_50      ; 20.000       ; -0.084     ; 14.672     ;
; 5.243 ; Milestone2:M2_unit|state.state_bit_0 ; Milestone2:M2_unit|accum_1_Cs[23] ; clk_50       ; clk_50      ; 20.000       ; -0.084     ; 14.672     ;
; 5.253 ; Milestone2:M2_unit|state.state_bit_2 ; Milestone2:M2_unit|accum_2_Cs[28] ; clk_50       ; clk_50      ; 20.000       ; -0.068     ; 14.678     ;
; 5.256 ; Milestone2:M2_unit|state.state_bit_2 ; Milestone2:M2_unit|accum_1_Cs[11] ; clk_50       ; clk_50      ; 20.000       ; -0.087     ; 14.656     ;
; 5.259 ; Milestone2:M2_unit|state.state_bit_1 ; Milestone2:M2_unit|accum_2_Cs[28] ; clk_50       ; clk_50      ; 20.000       ; -0.068     ; 14.672     ;
; 5.270 ; Milestone2:M2_unit|state.state_bit_2 ; Milestone2:M2_unit|accum_2_Cs[29] ; clk_50       ; clk_50      ; 20.000       ; -0.067     ; 14.662     ;
; 5.276 ; Milestone2:M2_unit|state.state_bit_1 ; Milestone2:M2_unit|accum_2_Cs[29] ; clk_50       ; clk_50      ; 20.000       ; -0.067     ; 14.656     ;
; 5.289 ; Milestone1:M1_unit|mult_op_1_1[5]    ; Milestone1:M1_unit|accum_2[17]    ; clk_50       ; clk_50      ; 20.000       ; -0.042     ; 14.668     ;
; 5.306 ; Milestone2:M2_unit|state.state_bit_0 ; Milestone2:M2_unit|accum_1_Cs[13] ; clk_50       ; clk_50      ; 20.000       ; -0.084     ; 14.609     ;
; 5.308 ; Milestone2:M2_unit|state.state_bit_0 ; Milestone2:M2_unit|accum_1_Cs[12] ; clk_50       ; clk_50      ; 20.000       ; -0.066     ; 14.625     ;
; 5.313 ; Milestone1:M1_unit|mult_op_1_1[9]    ; Milestone1:M1_unit|accum_2[19]    ; clk_50       ; clk_50      ; 20.000       ; -0.061     ; 14.625     ;
; 5.313 ; Milestone1:M1_unit|mult_op_1_1[10]   ; Milestone1:M1_unit|accum_2[19]    ; clk_50       ; clk_50      ; 20.000       ; -0.050     ; 14.636     ;
; 5.319 ; Milestone2:M2_unit|state.state_bit_1 ; Milestone2:M2_unit|accum_1_Cs[25] ; clk_50       ; clk_50      ; 20.000       ; -0.068     ; 14.612     ;
; 5.322 ; Milestone2:M2_unit|state.state_bit_1 ; Milestone2:M2_unit|accum_1_Cs[26] ; clk_50       ; clk_50      ; 20.000       ; -0.068     ; 14.609     ;
; 5.324 ; Milestone2:M2_unit|state.state_bit_2 ; Milestone2:M2_unit|accum_2_Cs[20] ; clk_50       ; clk_50      ; 20.000       ; -0.072     ; 14.603     ;
; 5.330 ; Milestone2:M2_unit|state.state_bit_1 ; Milestone2:M2_unit|accum_2_Cs[20] ; clk_50       ; clk_50      ; 20.000       ; -0.072     ; 14.597     ;
; 5.336 ; Milestone2:M2_unit|state.state_bit_0 ; Milestone2:M2_unit|accum_2_Cs[28] ; clk_50       ; clk_50      ; 20.000       ; -0.068     ; 14.595     ;
; 5.339 ; Milestone2:M2_unit|state.state_bit_0 ; Milestone2:M2_unit|accum_1_Cs[11] ; clk_50       ; clk_50      ; 20.000       ; -0.087     ; 14.573     ;
; 5.342 ; Milestone2:M2_unit|state.state_bit_0 ; Milestone2:M2_unit|accum_3_Cs[18] ; clk_50       ; clk_50      ; 20.000       ; -0.061     ; 14.596     ;
; 5.353 ; Milestone2:M2_unit|state.state_bit_0 ; Milestone2:M2_unit|accum_2_Cs[29] ; clk_50       ; clk_50      ; 20.000       ; -0.067     ; 14.579     ;
; 5.359 ; Milestone1:M1_unit|mult_op_1_1[12]   ; Milestone1:M1_unit|accum_2[19]    ; clk_50       ; clk_50      ; 20.000       ; -0.033     ; 14.607     ;
; 5.360 ; Milestone1:M1_unit|mult_op_1_1[0]    ; Milestone1:M1_unit|accum_2[19]    ; clk_50       ; clk_50      ; 20.000       ; -0.042     ; 14.597     ;
; 5.364 ; Milestone2:M2_unit|state.state_bit_1 ; Milestone2:M2_unit|accum_1_Cs[24] ; clk_50       ; clk_50      ; 20.000       ; -0.084     ; 14.551     ;
; 5.369 ; Milestone2:M2_unit|state.state_bit_1 ; Milestone2:M2_unit|accum_1_Cs[19] ; clk_50       ; clk_50      ; 20.000       ; -0.084     ; 14.546     ;
; 5.373 ; Milestone2:M2_unit|state.state_bit_1 ; Milestone2:M2_unit|accum_1_Cs[18] ; clk_50       ; clk_50      ; 20.000       ; -0.084     ; 14.542     ;
; 5.373 ; Milestone2:M2_unit|state.state_bit_1 ; Milestone2:M2_unit|accum_1_Cs[23] ; clk_50       ; clk_50      ; 20.000       ; -0.084     ; 14.542     ;
; 5.381 ; Milestone1:M1_unit|mult_op_1_1[9]    ; Milestone1:M1_unit|accum_2[31]    ; clk_50       ; clk_50      ; 20.000       ; -0.063     ; 14.555     ;
; 5.381 ; Milestone1:M1_unit|mult_op_1_1[10]   ; Milestone1:M1_unit|accum_2[31]    ; clk_50       ; clk_50      ; 20.000       ; -0.052     ; 14.566     ;
; 5.385 ; Milestone1:M1_unit|mult_op_1_1[9]    ; Milestone1:M1_unit|accum_2[18]    ; clk_50       ; clk_50      ; 20.000       ; -0.061     ; 14.553     ;
; 5.385 ; Milestone1:M1_unit|mult_op_1_1[10]   ; Milestone1:M1_unit|accum_2[18]    ; clk_50       ; clk_50      ; 20.000       ; -0.050     ; 14.564     ;
; 5.389 ; Milestone2:M2_unit|state.state_bit_1 ; Milestone2:M2_unit|accum_3_Cs[30] ; clk_50       ; clk_50      ; 20.000       ; -0.064     ; 14.546     ;
; 5.407 ; Milestone2:M2_unit|state.state_bit_0 ; Milestone2:M2_unit|accum_2_Cs[20] ; clk_50       ; clk_50      ; 20.000       ; -0.072     ; 14.520     ;
; 5.414 ; Milestone2:M2_unit|state.state_bit_2 ; Milestone2:M2_unit|accum_1[30]    ; clk_50       ; clk_50      ; 20.000       ; -0.064     ; 14.521     ;
; 5.416 ; Milestone1:M1_unit|mult_op_1_1[5]    ; Milestone1:M1_unit|accum_2[19]    ; clk_50       ; clk_50      ; 20.000       ; -0.042     ; 14.541     ;
; 5.427 ; Milestone1:M1_unit|mult_op_1_1[12]   ; Milestone1:M1_unit|accum_2[31]    ; clk_50       ; clk_50      ; 20.000       ; -0.035     ; 14.537     ;
; 5.428 ; Milestone1:M1_unit|mult_op_1_1[0]    ; Milestone1:M1_unit|accum_2[31]    ; clk_50       ; clk_50      ; 20.000       ; -0.044     ; 14.527     ;
; 5.430 ; Milestone2:M2_unit|state.state_bit_2 ; Milestone2:M2_unit|accum_1_Cs[27] ; clk_50       ; clk_50      ; 20.000       ; -0.079     ; 14.490     ;
; 5.431 ; Milestone2:M2_unit|state.state_bit_2 ; Milestone2:M2_unit|accum_1_Cs[28] ; clk_50       ; clk_50      ; 20.000       ; -0.079     ; 14.489     ;
; 5.431 ; Milestone2:M2_unit|state.state_bit_2 ; Milestone2:M2_unit|accum_1_Cs[29] ; clk_50       ; clk_50      ; 20.000       ; -0.079     ; 14.489     ;
; 5.431 ; Milestone2:M2_unit|state.state_bit_2 ; Milestone2:M2_unit|accum_1_Cs[22] ; clk_50       ; clk_50      ; 20.000       ; -0.079     ; 14.489     ;
; 5.431 ; Milestone1:M1_unit|mult_op_1_1[12]   ; Milestone1:M1_unit|accum_2[18]    ; clk_50       ; clk_50      ; 20.000       ; -0.033     ; 14.535     ;
; 5.432 ; Milestone1:M1_unit|mult_op_1_1[0]    ; Milestone1:M1_unit|accum_2[18]    ; clk_50       ; clk_50      ; 20.000       ; -0.042     ; 14.525     ;
; 5.436 ; Milestone2:M2_unit|state.state_bit_1 ; Milestone2:M2_unit|accum_1_Cs[13] ; clk_50       ; clk_50      ; 20.000       ; -0.084     ; 14.479     ;
; 5.438 ; Milestone2:M2_unit|state.state_bit_1 ; Milestone2:M2_unit|accum_1_Cs[12] ; clk_50       ; clk_50      ; 20.000       ; -0.066     ; 14.495     ;
; 5.440 ; Milestone1:M1_unit|mult_op_1_1[13]   ; Milestone1:M1_unit|accum_2[17]    ; clk_50       ; clk_50      ; 20.000       ; -0.052     ; 14.507     ;
; 5.460 ; Milestone2:M2_unit|state.state_bit_2 ; Milestone2:M2_unit|accum_3_Cs[30] ; clk_50       ; clk_50      ; 20.000       ; -0.064     ; 14.475     ;
+-------+--------------------------------------+-----------------------------------+--------------+-------------+--------------+------------+------------+


+------------------------------------------------------------------------------------------------------------------------------------------------------------------------------------------------------------------------------------------------------------------------------------------------------------+
; Slow 1200mV 0C Model Hold: 'clk_50'                                                                                                                                                                                                                                                                        ;
+-------+-------------------------------------------------------------------------------------+----------------------------------------------------------------------------------------------------------------------------------------+--------------+-------------+--------------+------------+------------+
; Slack ; From Node                                                                           ; To Node                                                                                                                                ; Launch Clock ; Latch Clock ; Relationship ; Clock Skew ; Data Delay ;
+-------+-------------------------------------------------------------------------------------+----------------------------------------------------------------------------------------------------------------------------------------+--------------+-------------+--------------+------------+------------+
; 0.324 ; Milestone2:M2_unit|Ct_write_data_b[9]                                               ; Milestone2:M2_unit|dual_port_T:RAM_inst2|altsyncram:altsyncram_component|altsyncram_rbk2:auto_generated|ram_block1a0~portb_datain_reg0 ; clk_50       ; clk_50      ; 0.000        ; 0.407      ; 0.932      ;
; 0.325 ; Milestone2:M2_unit|Ct_write_data_b[5]                                               ; Milestone2:M2_unit|dual_port_T:RAM_inst2|altsyncram:altsyncram_component|altsyncram_rbk2:auto_generated|ram_block1a0~portb_datain_reg0 ; clk_50       ; clk_50      ; 0.000        ; 0.407      ; 0.933      ;
; 0.327 ; Milestone2:M2_unit|Ct_write_data_b[13]                                              ; Milestone2:M2_unit|dual_port_T:RAM_inst2|altsyncram:altsyncram_component|altsyncram_rbk2:auto_generated|ram_block1a0~portb_datain_reg0 ; clk_50       ; clk_50      ; 0.000        ; 0.407      ; 0.935      ;
; 0.327 ; Milestone2:M2_unit|fetch_write_data_a[20]                                           ; Milestone2:M2_unit|dual_port_s:RAM_inst0|altsyncram:altsyncram_component|altsyncram_3vk2:auto_generated|ram_block1a0~porta_datain_reg0 ; clk_50       ; clk_50      ; 0.000        ; 0.400      ; 0.928      ;
; 0.331 ; Milestone2:M2_unit|Ct_write_data_b[14]                                              ; Milestone2:M2_unit|dual_port_T:RAM_inst2|altsyncram:altsyncram_component|altsyncram_rbk2:auto_generated|ram_block1a0~portb_datain_reg0 ; clk_50       ; clk_50      ; 0.000        ; 0.407      ; 0.939      ;
; 0.332 ; Milestone2:M2_unit|Ct_write_data_b[15]                                              ; Milestone2:M2_unit|dual_port_T:RAM_inst2|altsyncram:altsyncram_component|altsyncram_rbk2:auto_generated|ram_block1a0~portb_datain_reg0 ; clk_50       ; clk_50      ; 0.000        ; 0.407      ; 0.940      ;
; 0.332 ; Milestone2:M2_unit|fetch_write_data_a[18]                                           ; Milestone2:M2_unit|dual_port_s:RAM_inst0|altsyncram:altsyncram_component|altsyncram_3vk2:auto_generated|ram_block1a0~porta_datain_reg0 ; clk_50       ; clk_50      ; 0.000        ; 0.400      ; 0.933      ;
; 0.335 ; Milestone2:M2_unit|fetch_write_data_a[23]                                           ; Milestone2:M2_unit|dual_port_s:RAM_inst0|altsyncram:altsyncram_component|altsyncram_3vk2:auto_generated|ram_block1a0~porta_datain_reg0 ; clk_50       ; clk_50      ; 0.000        ; 0.400      ; 0.936      ;
; 0.338 ; Milestone2:M2_unit|Ct_write_data_b[12]                                              ; Milestone2:M2_unit|dual_port_T:RAM_inst2|altsyncram:altsyncram_component|altsyncram_rbk2:auto_generated|ram_block1a0~portb_datain_reg0 ; clk_50       ; clk_50      ; 0.000        ; 0.407      ; 0.946      ;
; 0.353 ; UART_SRAM_interface:UART_unit|UART_receive_controller:UART_RX|Frame_error           ; UART_SRAM_interface:UART_unit|UART_receive_controller:UART_RX|Frame_error                                                              ; clk_50       ; clk_50      ; 0.000        ; 0.073      ; 0.597      ;
; 0.353 ; Milestone2:M2_unit|fetch_write_en_a                                                 ; Milestone2:M2_unit|fetch_write_en_a                                                                                                    ; clk_50       ; clk_50      ; 0.000        ; 0.073      ; 0.597      ;
; 0.353 ; VGA_SRAM_interface:VGA_unit|VGA_SRAM_state.state_bit_3                              ; VGA_SRAM_interface:VGA_unit|VGA_SRAM_state.state_bit_3                                                                                 ; clk_50       ; clk_50      ; 0.000        ; 0.073      ; 0.597      ;
; 0.353 ; VGA_SRAM_interface:VGA_unit|VGA_SRAM_state.state_bit_2                              ; VGA_SRAM_interface:VGA_unit|VGA_SRAM_state.state_bit_2                                                                                 ; clk_50       ; clk_50      ; 0.000        ; 0.073      ; 0.597      ;
; 0.353 ; Milestone3:M3_unit|address[7]                                                       ; Milestone3:M3_unit|address[7]                                                                                                          ; clk_50       ; clk_50      ; 0.000        ; 0.073      ; 0.597      ;
; 0.353 ; Milestone3:M3_unit|address[4]                                                       ; Milestone3:M3_unit|address[4]                                                                                                          ; clk_50       ; clk_50      ; 0.000        ; 0.073      ; 0.597      ;
; 0.353 ; Milestone3:M3_unit|address[6]                                                       ; Milestone3:M3_unit|address[6]                                                                                                          ; clk_50       ; clk_50      ; 0.000        ; 0.073      ; 0.597      ;
; 0.353 ; Milestone3:M3_unit|address[5]                                                       ; Milestone3:M3_unit|address[5]                                                                                                          ; clk_50       ; clk_50      ; 0.000        ; 0.073      ; 0.597      ;
; 0.353 ; UART_SRAM_interface:UART_unit|UART_receive_controller:UART_RX|Empty                 ; UART_SRAM_interface:UART_unit|UART_receive_controller:UART_RX|Empty                                                                    ; clk_50       ; clk_50      ; 0.000        ; 0.073      ; 0.597      ;
; 0.353 ; UART_SRAM_interface:UART_unit|UART_receive_controller:UART_RX|RXC_state.state_bit_1 ; UART_SRAM_interface:UART_unit|UART_receive_controller:UART_RX|RXC_state.state_bit_1                                                    ; clk_50       ; clk_50      ; 0.000        ; 0.073      ; 0.597      ;
; 0.353 ; UART_SRAM_interface:UART_unit|UART_receive_controller:UART_RX|RXC_state.state_bit_0 ; UART_SRAM_interface:UART_unit|UART_receive_controller:UART_RX|RXC_state.state_bit_0                                                    ; clk_50       ; clk_50      ; 0.000        ; 0.073      ; 0.597      ;
; 0.353 ; UART_SRAM_interface:UART_unit|UART_receive_controller:UART_RX|data_count[0]         ; UART_SRAM_interface:UART_unit|UART_receive_controller:UART_RX|data_count[0]                                                            ; clk_50       ; clk_50      ; 0.000        ; 0.073      ; 0.597      ;
; 0.353 ; UART_SRAM_interface:UART_unit|UART_receive_controller:UART_RX|data_count[1]         ; UART_SRAM_interface:UART_unit|UART_receive_controller:UART_RX|data_count[1]                                                            ; clk_50       ; clk_50      ; 0.000        ; 0.073      ; 0.597      ;
; 0.353 ; UART_SRAM_interface:UART_unit|UART_receive_controller:UART_RX|data_count[2]         ; UART_SRAM_interface:UART_unit|UART_receive_controller:UART_RX|data_count[2]                                                            ; clk_50       ; clk_50      ; 0.000        ; 0.073      ; 0.597      ;
; 0.353 ; Milestone2:M2_unit|M2_state.state_bit_3                                             ; Milestone2:M2_unit|M2_state.state_bit_3                                                                                                ; clk_50       ; clk_50      ; 0.000        ; 0.073      ; 0.597      ;
; 0.353 ; Milestone2:M2_unit|M2_state.state_bit_2                                             ; Milestone2:M2_unit|M2_state.state_bit_2                                                                                                ; clk_50       ; clk_50      ; 0.000        ; 0.073      ; 0.597      ;
; 0.353 ; Milestone1:M1_unit|mult_op_4_1[0]                                                   ; Milestone1:M1_unit|mult_op_4_1[0]                                                                                                      ; clk_50       ; clk_50      ; 0.000        ; 0.073      ; 0.597      ;
; 0.353 ; Milestone1:M1_unit|mult_op_4_1[9]                                                   ; Milestone1:M1_unit|mult_op_4_1[9]                                                                                                      ; clk_50       ; clk_50      ; 0.000        ; 0.073      ; 0.597      ;
; 0.353 ; Milestone3:M3_unit|address[0]                                                       ; Milestone3:M3_unit|address[0]                                                                                                          ; clk_50       ; clk_50      ; 0.000        ; 0.073      ; 0.597      ;
; 0.353 ; Milestone3:M3_unit|address[2]                                                       ; Milestone3:M3_unit|address[2]                                                                                                          ; clk_50       ; clk_50      ; 0.000        ; 0.073      ; 0.597      ;
; 0.353 ; Milestone3:M3_unit|address[1]                                                       ; Milestone3:M3_unit|address[1]                                                                                                          ; clk_50       ; clk_50      ; 0.000        ; 0.073      ; 0.597      ;
; 0.353 ; Milestone3:M3_unit|M3_done                                                          ; Milestone3:M3_unit|M3_done                                                                                                             ; clk_50       ; clk_50      ; 0.000        ; 0.073      ; 0.597      ;
; 0.353 ; Milestone3:M3_unit|memory_type[0]                                                   ; Milestone3:M3_unit|memory_type[0]                                                                                                      ; clk_50       ; clk_50      ; 0.000        ; 0.073      ; 0.597      ;
; 0.353 ; Milestone3:M3_unit|flag_7                                                           ; Milestone3:M3_unit|flag_7                                                                                                              ; clk_50       ; clk_50      ; 0.000        ; 0.073      ; 0.597      ;
; 0.353 ; Milestone3:M3_unit|flag_3                                                           ; Milestone3:M3_unit|flag_3                                                                                                              ; clk_50       ; clk_50      ; 0.000        ; 0.073      ; 0.597      ;
; 0.353 ; Milestone3:M3_unit|mode                                                             ; Milestone3:M3_unit|mode                                                                                                                ; clk_50       ; clk_50      ; 0.000        ; 0.073      ; 0.597      ;
; 0.353 ; Milestone3:M3_unit|header_count[3]                                                  ; Milestone3:M3_unit|header_count[3]                                                                                                     ; clk_50       ; clk_50      ; 0.000        ; 0.073      ; 0.597      ;
; 0.353 ; Milestone3:M3_unit|header_count[2]                                                  ; Milestone3:M3_unit|header_count[2]                                                                                                     ; clk_50       ; clk_50      ; 0.000        ; 0.073      ; 0.597      ;
; 0.353 ; Milestone3:M3_unit|header_count[1]                                                  ; Milestone3:M3_unit|header_count[1]                                                                                                     ; clk_50       ; clk_50      ; 0.000        ; 0.073      ; 0.597      ;
; 0.353 ; Milestone3:M3_unit|flag_4                                                           ; Milestone3:M3_unit|flag_4                                                                                                              ; clk_50       ; clk_50      ; 0.000        ; 0.073      ; 0.597      ;
; 0.353 ; UART_SRAM_interface:UART_unit|UART_rx_unload_data                                   ; UART_SRAM_interface:UART_unit|UART_rx_unload_data                                                                                      ; clk_50       ; clk_50      ; 0.000        ; 0.073      ; 0.597      ;
; 0.353 ; M3_start                                                                            ; M3_start                                                                                                                               ; clk_50       ; clk_50      ; 0.000        ; 0.073      ; 0.597      ;
; 0.354 ; VGA_SRAM_interface:VGA_unit|VGA_controller:VGA_unit|oVGA_V_SYNC                     ; VGA_SRAM_interface:VGA_unit|VGA_controller:VGA_unit|oVGA_V_SYNC                                                                        ; clk_50       ; clk_50      ; 0.000        ; 0.072      ; 0.597      ;
; 0.354 ; Milestone2:M2_unit|flag_2                                                           ; Milestone2:M2_unit|flag_2                                                                                                              ; clk_50       ; clk_50      ; 0.000        ; 0.072      ; 0.597      ;
; 0.354 ; Milestone2:M2_unit|fetch_S_buffer[7]                                                ; Milestone2:M2_unit|fetch_S_buffer[7]                                                                                                   ; clk_50       ; clk_50      ; 0.000        ; 0.072      ; 0.597      ;
; 0.354 ; Milestone2:M2_unit|fetch_S_buffer[6]                                                ; Milestone2:M2_unit|fetch_S_buffer[6]                                                                                                   ; clk_50       ; clk_50      ; 0.000        ; 0.072      ; 0.597      ;
; 0.354 ; Milestone2:M2_unit|fetch_S_buffer[5]                                                ; Milestone2:M2_unit|fetch_S_buffer[5]                                                                                                   ; clk_50       ; clk_50      ; 0.000        ; 0.072      ; 0.597      ;
; 0.354 ; Milestone2:M2_unit|SRAM_write_data_M2_write[12]                                     ; Milestone2:M2_unit|SRAM_write_data_M2_write[12]                                                                                        ; clk_50       ; clk_50      ; 0.000        ; 0.072      ; 0.597      ;
; 0.354 ; Milestone2:M2_unit|fetch_S_buffer[4]                                                ; Milestone2:M2_unit|fetch_S_buffer[4]                                                                                                   ; clk_50       ; clk_50      ; 0.000        ; 0.072      ; 0.597      ;
; 0.354 ; Milestone2:M2_unit|fetch_S_buffer[3]                                                ; Milestone2:M2_unit|fetch_S_buffer[3]                                                                                                   ; clk_50       ; clk_50      ; 0.000        ; 0.072      ; 0.597      ;
; 0.354 ; Milestone2:M2_unit|SRAM_write_data_M2_write[10]                                     ; Milestone2:M2_unit|SRAM_write_data_M2_write[10]                                                                                        ; clk_50       ; clk_50      ; 0.000        ; 0.072      ; 0.597      ;
; 0.354 ; Milestone2:M2_unit|fetch_S_buffer[2]                                                ; Milestone2:M2_unit|fetch_S_buffer[2]                                                                                                   ; clk_50       ; clk_50      ; 0.000        ; 0.072      ; 0.597      ;
; 0.354 ; Milestone2:M2_unit|SRAM_write_data_M2_write[9]                                      ; Milestone2:M2_unit|SRAM_write_data_M2_write[9]                                                                                         ; clk_50       ; clk_50      ; 0.000        ; 0.072      ; 0.597      ;
; 0.354 ; Milestone2:M2_unit|fetch_S_buffer[29]                                               ; Milestone2:M2_unit|fetch_S_buffer[29]                                                                                                  ; clk_50       ; clk_50      ; 0.000        ; 0.072      ; 0.597      ;
; 0.354 ; Milestone2:M2_unit|fetch_S_buffer[30]                                               ; Milestone2:M2_unit|fetch_S_buffer[30]                                                                                                  ; clk_50       ; clk_50      ; 0.000        ; 0.072      ; 0.597      ;
; 0.354 ; Milestone2:M2_unit|fetch_S_buffer[28]                                               ; Milestone2:M2_unit|fetch_S_buffer[28]                                                                                                  ; clk_50       ; clk_50      ; 0.000        ; 0.072      ; 0.597      ;
; 0.354 ; Milestone2:M2_unit|fetch_S_buffer[27]                                               ; Milestone2:M2_unit|fetch_S_buffer[27]                                                                                                  ; clk_50       ; clk_50      ; 0.000        ; 0.072      ; 0.597      ;
; 0.354 ; Milestone2:M2_unit|fetch_S_buffer[24]                                               ; Milestone2:M2_unit|fetch_S_buffer[24]                                                                                                  ; clk_50       ; clk_50      ; 0.000        ; 0.072      ; 0.597      ;
; 0.354 ; Milestone2:M2_unit|fetch_S_buffer[26]                                               ; Milestone2:M2_unit|fetch_S_buffer[26]                                                                                                  ; clk_50       ; clk_50      ; 0.000        ; 0.072      ; 0.597      ;
; 0.354 ; Milestone2:M2_unit|fetch_S_buffer[25]                                               ; Milestone2:M2_unit|fetch_S_buffer[25]                                                                                                  ; clk_50       ; clk_50      ; 0.000        ; 0.072      ; 0.597      ;
; 0.354 ; Milestone2:M2_unit|fetch_S_buffer[16]                                               ; Milestone2:M2_unit|fetch_S_buffer[16]                                                                                                  ; clk_50       ; clk_50      ; 0.000        ; 0.072      ; 0.597      ;
; 0.354 ; Milestone2:M2_unit|fetch_S_buffer[18]                                               ; Milestone2:M2_unit|fetch_S_buffer[18]                                                                                                  ; clk_50       ; clk_50      ; 0.000        ; 0.072      ; 0.597      ;
; 0.354 ; Milestone2:M2_unit|fetch_S_buffer[31]                                               ; Milestone2:M2_unit|fetch_S_buffer[31]                                                                                                  ; clk_50       ; clk_50      ; 0.000        ; 0.072      ; 0.597      ;
; 0.354 ; Milestone2:M2_unit|fetch_S_buffer[0]                                                ; Milestone2:M2_unit|fetch_S_buffer[0]                                                                                                   ; clk_50       ; clk_50      ; 0.000        ; 0.072      ; 0.597      ;
; 0.354 ; Milestone2:M2_unit|SRAM_w_en_M2_write                                               ; Milestone2:M2_unit|SRAM_w_en_M2_write                                                                                                  ; clk_50       ; clk_50      ; 0.000        ; 0.072      ; 0.597      ;
; 0.354 ; Milestone2:M2_unit|Cs_w_en_a                                                        ; Milestone2:M2_unit|Cs_w_en_a                                                                                                           ; clk_50       ; clk_50      ; 0.000        ; 0.072      ; 0.597      ;
; 0.354 ; Milestone2:M2_unit|Cs_address_b[2][0]                                               ; Milestone2:M2_unit|Cs_address_b[2][0]                                                                                                  ; clk_50       ; clk_50      ; 0.000        ; 0.072      ; 0.597      ;
; 0.354 ; Milestone2:M2_unit|accum_3_buf[0]                                                   ; Milestone2:M2_unit|accum_3_buf[0]                                                                                                      ; clk_50       ; clk_50      ; 0.000        ; 0.072      ; 0.597      ;
; 0.354 ; Milestone2:M2_unit|accum_3_buf[3]                                                   ; Milestone2:M2_unit|accum_3_buf[3]                                                                                                      ; clk_50       ; clk_50      ; 0.000        ; 0.072      ; 0.597      ;
; 0.354 ; Milestone2:M2_unit|accum_3_buf[5]                                                   ; Milestone2:M2_unit|accum_3_buf[5]                                                                                                      ; clk_50       ; clk_50      ; 0.000        ; 0.072      ; 0.597      ;
; 0.354 ; Milestone2:M2_unit|accum_3_buf[9]                                                   ; Milestone2:M2_unit|accum_3_buf[9]                                                                                                      ; clk_50       ; clk_50      ; 0.000        ; 0.072      ; 0.597      ;
; 0.354 ; Milestone2:M2_unit|accum_3_buf[10]                                                  ; Milestone2:M2_unit|accum_3_buf[10]                                                                                                     ; clk_50       ; clk_50      ; 0.000        ; 0.072      ; 0.597      ;
; 0.354 ; Milestone2:M2_unit|accum_3_buf[12]                                                  ; Milestone2:M2_unit|accum_3_buf[12]                                                                                                     ; clk_50       ; clk_50      ; 0.000        ; 0.072      ; 0.597      ;
; 0.354 ; Milestone2:M2_unit|accum_3_buf[17]                                                  ; Milestone2:M2_unit|accum_3_buf[17]                                                                                                     ; clk_50       ; clk_50      ; 0.000        ; 0.072      ; 0.597      ;
; 0.354 ; Milestone2:M2_unit|Cs_address_a[1][1]                                               ; Milestone2:M2_unit|Cs_address_a[1][1]                                                                                                  ; clk_50       ; clk_50      ; 0.000        ; 0.072      ; 0.597      ;
; 0.354 ; Milestone2:M2_unit|fetch_S_Buffer_F[0]                                              ; Milestone2:M2_unit|fetch_S_Buffer_F[0]                                                                                                 ; clk_50       ; clk_50      ; 0.000        ; 0.072      ; 0.597      ;
; 0.354 ; Milestone2:M2_unit|fetch_S_Buffer_F[2]                                              ; Milestone2:M2_unit|fetch_S_Buffer_F[2]                                                                                                 ; clk_50       ; clk_50      ; 0.000        ; 0.072      ; 0.597      ;
; 0.354 ; Milestone2:M2_unit|fetch_S_Buffer_F[4]                                              ; Milestone2:M2_unit|fetch_S_Buffer_F[4]                                                                                                 ; clk_50       ; clk_50      ; 0.000        ; 0.072      ; 0.597      ;
; 0.354 ; Milestone2:M2_unit|fetch_S_Buffer_F[7]                                              ; Milestone2:M2_unit|fetch_S_Buffer_F[7]                                                                                                 ; clk_50       ; clk_50      ; 0.000        ; 0.072      ; 0.597      ;
; 0.354 ; Milestone2:M2_unit|first_run                                                        ; Milestone2:M2_unit|first_run                                                                                                           ; clk_50       ; clk_50      ; 0.000        ; 0.072      ; 0.597      ;
; 0.354 ; Milestone2:M2_unit|fetch_S_Buffer_F[9]                                              ; Milestone2:M2_unit|fetch_S_Buffer_F[9]                                                                                                 ; clk_50       ; clk_50      ; 0.000        ; 0.072      ; 0.597      ;
; 0.354 ; Milestone2:M2_unit|fetch_S_Buffer_F[11]                                             ; Milestone2:M2_unit|fetch_S_Buffer_F[11]                                                                                                ; clk_50       ; clk_50      ; 0.000        ; 0.072      ; 0.597      ;
; 0.354 ; Milestone2:M2_unit|fetch_S_Buffer_F[12]                                             ; Milestone2:M2_unit|fetch_S_Buffer_F[12]                                                                                                ; clk_50       ; clk_50      ; 0.000        ; 0.072      ; 0.597      ;
; 0.354 ; Milestone2:M2_unit|fetch_S_Buffer_F[14]                                             ; Milestone2:M2_unit|fetch_S_Buffer_F[14]                                                                                                ; clk_50       ; clk_50      ; 0.000        ; 0.072      ; 0.597      ;
; 0.354 ; Milestone3:M3_unit|dir                                                              ; Milestone3:M3_unit|dir                                                                                                                 ; clk_50       ; clk_50      ; 0.000        ; 0.072      ; 0.597      ;
; 0.354 ; Milestone3:M3_unit|address[3]                                                       ; Milestone3:M3_unit|address[3]                                                                                                          ; clk_50       ; clk_50      ; 0.000        ; 0.072      ; 0.597      ;
; 0.354 ; Milestone2:M2_unit|end_signal                                                       ; Milestone2:M2_unit|end_signal                                                                                                          ; clk_50       ; clk_50      ; 0.000        ; 0.072      ; 0.597      ;
; 0.354 ; Milestone2:M2_unit|mode                                                             ; Milestone2:M2_unit|mode                                                                                                                ; clk_50       ; clk_50      ; 0.000        ; 0.072      ; 0.597      ;
; 0.354 ; Milestone2:M2_unit|flag_1_Cs                                                        ; Milestone2:M2_unit|flag_1_Cs                                                                                                           ; clk_50       ; clk_50      ; 0.000        ; 0.072      ; 0.597      ;
; 0.354 ; Milestone2:M2_unit|iteration_Cs                                                     ; Milestone2:M2_unit|iteration_Cs                                                                                                        ; clk_50       ; clk_50      ; 0.000        ; 0.072      ; 0.597      ;
; 0.354 ; Milestone2:M2_unit|M2_finish_fetch                                                  ; Milestone2:M2_unit|M2_finish_fetch                                                                                                     ; clk_50       ; clk_50      ; 0.000        ; 0.072      ; 0.597      ;
; 0.354 ; Milestone2:M2_unit|row_index_F[1]                                                   ; Milestone2:M2_unit|row_index_F[1]                                                                                                      ; clk_50       ; clk_50      ; 0.000        ; 0.072      ; 0.597      ;
; 0.354 ; Milestone2:M2_unit|M2_finish_write                                                  ; Milestone2:M2_unit|M2_finish_write                                                                                                     ; clk_50       ; clk_50      ; 0.000        ; 0.072      ; 0.597      ;
; 0.354 ; Milestone2:M2_unit|col_block[2]                                                     ; Milestone2:M2_unit|col_block[2]                                                                                                        ; clk_50       ; clk_50      ; 0.000        ; 0.072      ; 0.597      ;
; 0.354 ; Milestone2:M2_unit|col_block[1]                                                     ; Milestone2:M2_unit|col_block[1]                                                                                                        ; clk_50       ; clk_50      ; 0.000        ; 0.072      ; 0.597      ;
; 0.354 ; Milestone2:M2_unit|col_block[3]                                                     ; Milestone2:M2_unit|col_block[3]                                                                                                        ; clk_50       ; clk_50      ; 0.000        ; 0.072      ; 0.597      ;
; 0.354 ; Milestone2:M2_unit|row_index[0]                                                     ; Milestone2:M2_unit|row_index[0]                                                                                                        ; clk_50       ; clk_50      ; 0.000        ; 0.072      ; 0.597      ;
; 0.354 ; Milestone2:M2_unit|row_index[1]                                                     ; Milestone2:M2_unit|row_index[1]                                                                                                        ; clk_50       ; clk_50      ; 0.000        ; 0.072      ; 0.597      ;
; 0.354 ; Milestone2:M2_unit|row_index[2]                                                     ; Milestone2:M2_unit|row_index[2]                                                                                                        ; clk_50       ; clk_50      ; 0.000        ; 0.072      ; 0.597      ;
; 0.354 ; Milestone2:M2_unit|row_index[3]                                                     ; Milestone2:M2_unit|row_index[3]                                                                                                        ; clk_50       ; clk_50      ; 0.000        ; 0.072      ; 0.597      ;
; 0.354 ; Milestone2:M2_unit|flag_1                                                           ; Milestone2:M2_unit|flag_1                                                                                                              ; clk_50       ; clk_50      ; 0.000        ; 0.072      ; 0.597      ;
+-------+-------------------------------------------------------------------------------------+----------------------------------------------------------------------------------------------------------------------------------------+--------------+-------------+--------------+------------+------------+


----------------------------------------------
; Slow 1200mV 0C Model Metastability Summary ;
----------------------------------------------
No synchronizer chains to report.


+------------------------------------+
; Fast 1200mV 0C Model Setup Summary ;
+--------+--------+------------------+
; Clock  ; Slack  ; End Point TNS    ;
+--------+--------+------------------+
; clk_50 ; 11.531 ; 0.000            ;
+--------+--------+------------------+


+-----------------------------------+
; Fast 1200mV 0C Model Hold Summary ;
+--------+-------+------------------+
; Clock  ; Slack ; End Point TNS    ;
+--------+-------+------------------+
; clk_50 ; 0.132 ; 0.000            ;
+--------+-------+------------------+


-----------------------------------------
; Fast 1200mV 0C Model Recovery Summary ;
-----------------------------------------
No paths to report.


----------------------------------------
; Fast 1200mV 0C Model Removal Summary ;
----------------------------------------
No paths to report.


+--------------------------------------------------------------------------------------------------+
; Fast 1200mV 0C Model Minimum Pulse Width Summary                                                 ;
+--------------------------------------------------------------------------+-------+---------------+
; Clock                                                                    ; Slack ; End Point TNS ;
+--------------------------------------------------------------------------+-------+---------------+
; SRAM_unit|Clock_100_PLL_inst|altpll_component|auto_generated|pll1|clk[0] ; 4.776 ; 0.000         ;
; clk_50                                                                   ; 9.373 ; 0.000         ;
+--------------------------------------------------------------------------+-------+---------------+


+---------------------------------------------------------------------------------------------------------------------------------------------------------+
; Fast 1200mV 0C Model Setup: 'clk_50'                                                                                                                    ;
+--------+--------------------------------------+-----------------------------------+--------------+-------------+--------------+------------+------------+
; Slack  ; From Node                            ; To Node                           ; Launch Clock ; Latch Clock ; Relationship ; Clock Skew ; Data Delay ;
+--------+--------------------------------------+-----------------------------------+--------------+-------------+--------------+------------+------------+
; 11.531 ; Milestone2:M2_unit|state.state_bit_2 ; Milestone2:M2_unit|accum_1_Cs[21] ; clk_50       ; clk_50      ; 20.000       ; -0.056     ; 8.400      ;
; 11.610 ; Milestone2:M2_unit|state.state_bit_2 ; Milestone2:M2_unit|accum_1_Cs[31] ; clk_50       ; clk_50      ; 20.000       ; -0.056     ; 8.321      ;
; 11.650 ; Milestone2:M2_unit|state.state_bit_2 ; Milestone2:M2_unit|accum_1_Cs[20] ; clk_50       ; clk_50      ; 20.000       ; -0.055     ; 8.282      ;
; 11.653 ; Milestone2:M2_unit|state.state_bit_0 ; Milestone2:M2_unit|accum_1_Cs[21] ; clk_50       ; clk_50      ; 20.000       ; -0.056     ; 8.278      ;
; 11.681 ; Milestone2:M2_unit|state.state_bit_2 ; Milestone2:M2_unit|accum_2_Cs[27] ; clk_50       ; clk_50      ; 20.000       ; -0.038     ; 8.268      ;
; 11.687 ; Milestone2:M2_unit|state.state_bit_2 ; Milestone2:M2_unit|accum_2_Cs[26] ; clk_50       ; clk_50      ; 20.000       ; -0.038     ; 8.262      ;
; 11.691 ; Milestone2:M2_unit|state.state_bit_1 ; Milestone2:M2_unit|accum_1_Cs[21] ; clk_50       ; clk_50      ; 20.000       ; -0.056     ; 8.240      ;
; 11.703 ; Milestone2:M2_unit|state.state_bit_1 ; Milestone2:M2_unit|accum_3_Cs[23] ; clk_50       ; clk_50      ; 20.000       ; -0.028     ; 8.256      ;
; 11.732 ; Milestone2:M2_unit|state.state_bit_0 ; Milestone2:M2_unit|accum_1_Cs[31] ; clk_50       ; clk_50      ; 20.000       ; -0.056     ; 8.199      ;
; 11.738 ; Milestone2:M2_unit|state.state_bit_2 ; Milestone2:M2_unit|accum_1_Cs[30] ; clk_50       ; clk_50      ; 20.000       ; -0.034     ; 8.215      ;
; 11.739 ; Milestone2:M2_unit|state.state_bit_1 ; Milestone2:M2_unit|accum_2_Cs[27] ; clk_50       ; clk_50      ; 20.000       ; -0.038     ; 8.210      ;
; 11.741 ; Milestone2:M2_unit|state.state_bit_2 ; Milestone2:M2_unit|accum_2_Cs[23] ; clk_50       ; clk_50      ; 20.000       ; -0.046     ; 8.200      ;
; 11.745 ; Milestone2:M2_unit|state.state_bit_1 ; Milestone2:M2_unit|accum_2_Cs[26] ; clk_50       ; clk_50      ; 20.000       ; -0.038     ; 8.204      ;
; 11.748 ; Milestone2:M2_unit|state.state_bit_2 ; Milestone2:M2_unit|accum_3_Cs[23] ; clk_50       ; clk_50      ; 20.000       ; -0.028     ; 8.211      ;
; 11.751 ; Milestone2:M2_unit|state.state_bit_2 ; Milestone2:M2_unit|accum_2_Cs[25] ; clk_50       ; clk_50      ; 20.000       ; -0.038     ; 8.198      ;
; 11.761 ; Milestone2:M2_unit|state.state_bit_2 ; Milestone2:M2_unit|accum_2_Cs[30] ; clk_50       ; clk_50      ; 20.000       ; -0.037     ; 8.189      ;
; 11.763 ; Milestone2:M2_unit|state.state_bit_2 ; Milestone2:M2_unit|accum_2_Cs[18] ; clk_50       ; clk_50      ; 20.000       ; -0.046     ; 8.178      ;
; 11.770 ; Milestone2:M2_unit|state.state_bit_1 ; Milestone2:M2_unit|accum_1_Cs[31] ; clk_50       ; clk_50      ; 20.000       ; -0.056     ; 8.161      ;
; 11.772 ; Milestone2:M2_unit|state.state_bit_0 ; Milestone2:M2_unit|accum_1_Cs[20] ; clk_50       ; clk_50      ; 20.000       ; -0.055     ; 8.160      ;
; 11.776 ; Milestone2:M2_unit|state.state_bit_1 ; Milestone2:M2_unit|accum_3_Cs[18] ; clk_50       ; clk_50      ; 20.000       ; -0.028     ; 8.183      ;
; 11.792 ; Milestone2:M2_unit|state.state_bit_2 ; Milestone2:M2_unit|accum_1_Cs[16] ; clk_50       ; clk_50      ; 20.000       ; -0.056     ; 8.139      ;
; 11.799 ; Milestone2:M2_unit|state.state_bit_1 ; Milestone2:M2_unit|accum_2_Cs[23] ; clk_50       ; clk_50      ; 20.000       ; -0.046     ; 8.142      ;
; 11.803 ; Milestone2:M2_unit|state.state_bit_0 ; Milestone2:M2_unit|accum_2_Cs[27] ; clk_50       ; clk_50      ; 20.000       ; -0.038     ; 8.146      ;
; 11.809 ; Milestone2:M2_unit|state.state_bit_0 ; Milestone2:M2_unit|accum_2_Cs[26] ; clk_50       ; clk_50      ; 20.000       ; -0.038     ; 8.140      ;
; 11.809 ; Milestone2:M2_unit|state.state_bit_1 ; Milestone2:M2_unit|accum_2_Cs[25] ; clk_50       ; clk_50      ; 20.000       ; -0.038     ; 8.140      ;
; 11.810 ; Milestone2:M2_unit|state.state_bit_1 ; Milestone2:M2_unit|accum_1_Cs[20] ; clk_50       ; clk_50      ; 20.000       ; -0.055     ; 8.122      ;
; 11.811 ; Milestone2:M2_unit|state.state_bit_2 ; Milestone2:M2_unit|accum_1_Cs[25] ; clk_50       ; clk_50      ; 20.000       ; -0.034     ; 8.142      ;
; 11.814 ; Milestone2:M2_unit|state.state_bit_2 ; Milestone2:M2_unit|accum_1_Cs[26] ; clk_50       ; clk_50      ; 20.000       ; -0.034     ; 8.139      ;
; 11.819 ; Milestone2:M2_unit|state.state_bit_1 ; Milestone2:M2_unit|accum_2_Cs[30] ; clk_50       ; clk_50      ; 20.000       ; -0.037     ; 8.131      ;
; 11.821 ; Milestone2:M2_unit|state.state_bit_1 ; Milestone2:M2_unit|accum_2_Cs[18] ; clk_50       ; clk_50      ; 20.000       ; -0.046     ; 8.120      ;
; 11.821 ; Milestone2:M2_unit|state.state_bit_2 ; Milestone2:M2_unit|accum_3_Cs[18] ; clk_50       ; clk_50      ; 20.000       ; -0.028     ; 8.138      ;
; 11.834 ; Milestone2:M2_unit|state.state_bit_0 ; Milestone2:M2_unit|accum_3_Cs[23] ; clk_50       ; clk_50      ; 20.000       ; -0.028     ; 8.125      ;
; 11.843 ; Milestone2:M2_unit|state.state_bit_2 ; Milestone2:M2_unit|accum_2_Cs[28] ; clk_50       ; clk_50      ; 20.000       ; -0.038     ; 8.106      ;
; 11.848 ; Milestone2:M2_unit|state.state_bit_2 ; Milestone2:M2_unit|accum_1_Cs[18] ; clk_50       ; clk_50      ; 20.000       ; -0.051     ; 8.088      ;
; 11.848 ; Milestone2:M2_unit|state.state_bit_2 ; Milestone2:M2_unit|accum_1_Cs[23] ; clk_50       ; clk_50      ; 20.000       ; -0.051     ; 8.088      ;
; 11.849 ; Milestone2:M2_unit|state.state_bit_2 ; Milestone2:M2_unit|accum_1_Cs[24] ; clk_50       ; clk_50      ; 20.000       ; -0.052     ; 8.086      ;
; 11.852 ; Milestone2:M2_unit|state.state_bit_2 ; Milestone2:M2_unit|accum_1_Cs[19] ; clk_50       ; clk_50      ; 20.000       ; -0.052     ; 8.083      ;
; 11.858 ; Milestone2:M2_unit|state.state_bit_2 ; Milestone2:M2_unit|accum_2_Cs[29] ; clk_50       ; clk_50      ; 20.000       ; -0.037     ; 8.092      ;
; 11.860 ; Milestone2:M2_unit|state.state_bit_0 ; Milestone2:M2_unit|accum_1_Cs[30] ; clk_50       ; clk_50      ; 20.000       ; -0.034     ; 8.093      ;
; 11.863 ; Milestone2:M2_unit|state.state_bit_0 ; Milestone2:M2_unit|accum_2_Cs[23] ; clk_50       ; clk_50      ; 20.000       ; -0.046     ; 8.078      ;
; 11.873 ; Milestone2:M2_unit|state.state_bit_0 ; Milestone2:M2_unit|accum_2_Cs[25] ; clk_50       ; clk_50      ; 20.000       ; -0.038     ; 8.076      ;
; 11.877 ; Milestone2:M2_unit|state.state_bit_2 ; Milestone2:M2_unit|accum_2_Cs[20] ; clk_50       ; clk_50      ; 20.000       ; -0.042     ; 8.068      ;
; 11.883 ; Milestone2:M2_unit|state.state_bit_0 ; Milestone2:M2_unit|accum_2_Cs[30] ; clk_50       ; clk_50      ; 20.000       ; -0.037     ; 8.067      ;
; 11.885 ; Milestone2:M2_unit|state.state_bit_0 ; Milestone2:M2_unit|accum_2_Cs[18] ; clk_50       ; clk_50      ; 20.000       ; -0.046     ; 8.056      ;
; 11.898 ; Milestone2:M2_unit|state.state_bit_1 ; Milestone2:M2_unit|accum_1_Cs[30] ; clk_50       ; clk_50      ; 20.000       ; -0.034     ; 8.055      ;
; 11.901 ; Milestone2:M2_unit|state.state_bit_1 ; Milestone2:M2_unit|accum_2_Cs[28] ; clk_50       ; clk_50      ; 20.000       ; -0.038     ; 8.048      ;
; 11.907 ; Milestone2:M2_unit|state.state_bit_0 ; Milestone2:M2_unit|accum_3_Cs[18] ; clk_50       ; clk_50      ; 20.000       ; -0.028     ; 8.052      ;
; 11.914 ; Milestone2:M2_unit|state.state_bit_0 ; Milestone2:M2_unit|accum_1_Cs[16] ; clk_50       ; clk_50      ; 20.000       ; -0.056     ; 8.017      ;
; 11.916 ; Milestone2:M2_unit|state.state_bit_1 ; Milestone2:M2_unit|accum_2_Cs[29] ; clk_50       ; clk_50      ; 20.000       ; -0.037     ; 8.034      ;
; 11.919 ; Milestone2:M2_unit|state.state_bit_1 ; Milestone2:M2_unit|accum_3_Cs[30] ; clk_50       ; clk_50      ; 20.000       ; -0.030     ; 8.038      ;
; 11.928 ; Milestone2:M2_unit|state.state_bit_2 ; Milestone2:M2_unit|accum_1_Cs[12] ; clk_50       ; clk_50      ; 20.000       ; -0.032     ; 8.027      ;
; 11.933 ; Milestone2:M2_unit|state.state_bit_0 ; Milestone2:M2_unit|accum_1_Cs[25] ; clk_50       ; clk_50      ; 20.000       ; -0.034     ; 8.020      ;
; 11.935 ; Milestone2:M2_unit|state.state_bit_1 ; Milestone2:M2_unit|accum_2_Cs[20] ; clk_50       ; clk_50      ; 20.000       ; -0.042     ; 8.010      ;
; 11.936 ; Milestone2:M2_unit|state.state_bit_0 ; Milestone2:M2_unit|accum_1_Cs[26] ; clk_50       ; clk_50      ; 20.000       ; -0.034     ; 8.017      ;
; 11.952 ; Milestone2:M2_unit|state.state_bit_1 ; Milestone2:M2_unit|accum_1_Cs[16] ; clk_50       ; clk_50      ; 20.000       ; -0.056     ; 7.979      ;
; 11.964 ; Milestone2:M2_unit|state.state_bit_2 ; Milestone2:M2_unit|accum_3_Cs[30] ; clk_50       ; clk_50      ; 20.000       ; -0.030     ; 7.993      ;
; 11.965 ; Milestone2:M2_unit|state.state_bit_0 ; Milestone2:M2_unit|accum_2_Cs[28] ; clk_50       ; clk_50      ; 20.000       ; -0.038     ; 7.984      ;
; 11.968 ; Milestone1:M1_unit|mult_op_1_1[10]   ; Milestone1:M1_unit|accum_2[17]    ; clk_50       ; clk_50      ; 20.000       ; -0.021     ; 7.998      ;
; 11.970 ; Milestone2:M2_unit|state.state_bit_0 ; Milestone2:M2_unit|accum_1_Cs[18] ; clk_50       ; clk_50      ; 20.000       ; -0.051     ; 7.966      ;
; 11.970 ; Milestone2:M2_unit|state.state_bit_0 ; Milestone2:M2_unit|accum_1_Cs[23] ; clk_50       ; clk_50      ; 20.000       ; -0.051     ; 7.966      ;
; 11.971 ; Milestone2:M2_unit|state.state_bit_1 ; Milestone2:M2_unit|accum_1_Cs[25] ; clk_50       ; clk_50      ; 20.000       ; -0.034     ; 7.982      ;
; 11.971 ; Milestone2:M2_unit|state.state_bit_0 ; Milestone2:M2_unit|accum_1_Cs[24] ; clk_50       ; clk_50      ; 20.000       ; -0.052     ; 7.964      ;
; 11.974 ; Milestone2:M2_unit|state.state_bit_1 ; Milestone2:M2_unit|accum_1_Cs[26] ; clk_50       ; clk_50      ; 20.000       ; -0.034     ; 7.979      ;
; 11.974 ; Milestone2:M2_unit|state.state_bit_0 ; Milestone2:M2_unit|accum_1_Cs[19] ; clk_50       ; clk_50      ; 20.000       ; -0.052     ; 7.961      ;
; 11.980 ; Milestone2:M2_unit|state.state_bit_0 ; Milestone2:M2_unit|accum_2_Cs[29] ; clk_50       ; clk_50      ; 20.000       ; -0.037     ; 7.970      ;
; 11.985 ; Milestone2:M2_unit|state.state_bit_1 ; Milestone2:M2_unit|accum_3_Cs[21] ; clk_50       ; clk_50      ; 20.000       ; -0.026     ; 7.976      ;
; 11.988 ; Milestone2:M2_unit|state.state_bit_1 ; Milestone2:M2_unit|accum_3_Cs[26] ; clk_50       ; clk_50      ; 20.000       ; -0.034     ; 7.965      ;
; 11.988 ; Milestone2:M2_unit|state.state_bit_2 ; Milestone2:M2_unit|accum_2_Cs[22] ; clk_50       ; clk_50      ; 20.000       ; -0.043     ; 7.956      ;
; 11.990 ; Milestone2:M2_unit|state.state_bit_1 ; Milestone2:M2_unit|accum_3_Cs[28] ; clk_50       ; clk_50      ; 20.000       ; -0.034     ; 7.963      ;
; 11.990 ; Milestone2:M2_unit|state.state_bit_1 ; Milestone2:M2_unit|accum_3_Cs[29] ; clk_50       ; clk_50      ; 20.000       ; -0.034     ; 7.963      ;
; 11.990 ; Milestone2:M2_unit|state.state_bit_1 ; Milestone2:M2_unit|accum_3_Cs[20] ; clk_50       ; clk_50      ; 20.000       ; -0.034     ; 7.963      ;
; 11.993 ; Milestone1:M1_unit|mult_op_1_1[9]    ; Milestone1:M1_unit|accum_2[17]    ; clk_50       ; clk_50      ; 20.000       ; -0.034     ; 7.960      ;
; 11.997 ; Milestone2:M2_unit|state.state_bit_2 ; Milestone2:M2_unit|accum_1[30]    ; clk_50       ; clk_50      ; 20.000       ; -0.031     ; 7.959      ;
; 11.999 ; Milestone2:M2_unit|state.state_bit_0 ; Milestone2:M2_unit|accum_2_Cs[20] ; clk_50       ; clk_50      ; 20.000       ; -0.042     ; 7.946      ;
; 12.000 ; Milestone2:M2_unit|state.state_bit_2 ; Milestone2:M2_unit|accum_1[25]    ; clk_50       ; clk_50      ; 20.000       ; -0.031     ; 7.956      ;
; 12.001 ; Milestone1:M1_unit|mult_op_1_1[10]   ; Milestone1:M1_unit|accum_2[18]    ; clk_50       ; clk_50      ; 20.000       ; -0.021     ; 7.965      ;
; 12.002 ; Milestone2:M2_unit|state.state_bit_2 ; Milestone2:M2_unit|accum_1_Cs[13] ; clk_50       ; clk_50      ; 20.000       ; -0.051     ; 7.934      ;
; 12.003 ; Milestone2:M2_unit|state.state_bit_2 ; Milestone2:M2_unit|accum_1_Cs[27] ; clk_50       ; clk_50      ; 20.000       ; -0.046     ; 7.938      ;
; 12.005 ; Milestone2:M2_unit|state.state_bit_2 ; Milestone2:M2_unit|accum_1_Cs[28] ; clk_50       ; clk_50      ; 20.000       ; -0.046     ; 7.936      ;
; 12.005 ; Milestone2:M2_unit|state.state_bit_2 ; Milestone2:M2_unit|accum_1_Cs[29] ; clk_50       ; clk_50      ; 20.000       ; -0.046     ; 7.936      ;
; 12.005 ; Milestone2:M2_unit|state.state_bit_2 ; Milestone2:M2_unit|accum_1_Cs[22] ; clk_50       ; clk_50      ; 20.000       ; -0.046     ; 7.936      ;
; 12.008 ; Milestone2:M2_unit|state.state_bit_1 ; Milestone2:M2_unit|accum_3_Cs[25] ; clk_50       ; clk_50      ; 20.000       ; -0.030     ; 7.949      ;
; 12.008 ; Milestone2:M2_unit|state.state_bit_1 ; Milestone2:M2_unit|accum_1_Cs[18] ; clk_50       ; clk_50      ; 20.000       ; -0.051     ; 7.928      ;
; 12.008 ; Milestone2:M2_unit|state.state_bit_1 ; Milestone2:M2_unit|accum_1_Cs[23] ; clk_50       ; clk_50      ; 20.000       ; -0.051     ; 7.928      ;
; 12.009 ; Milestone2:M2_unit|state.state_bit_1 ; Milestone2:M2_unit|accum_3_Cs[24] ; clk_50       ; clk_50      ; 20.000       ; -0.026     ; 7.952      ;
; 12.009 ; Milestone2:M2_unit|state.state_bit_1 ; Milestone2:M2_unit|accum_1_Cs[24] ; clk_50       ; clk_50      ; 20.000       ; -0.052     ; 7.926      ;
; 12.012 ; Milestone2:M2_unit|state.state_bit_1 ; Milestone2:M2_unit|accum_1_Cs[19] ; clk_50       ; clk_50      ; 20.000       ; -0.052     ; 7.923      ;
; 12.013 ; Milestone2:M2_unit|state.state_bit_1 ; Milestone2:M2_unit|accum_3_Cs[19] ; clk_50       ; clk_50      ; 20.000       ; -0.026     ; 7.948      ;
; 12.013 ; Milestone1:M1_unit|mult_op_1_1[0]    ; Milestone1:M1_unit|accum_2[17]    ; clk_50       ; clk_50      ; 20.000       ; -0.013     ; 7.961      ;
; 12.015 ; Milestone2:M2_unit|state.state_bit_2 ; Milestone2:M2_unit|accum_2_Cs[31] ; clk_50       ; clk_50      ; 20.000       ; -0.040     ; 7.932      ;
; 12.016 ; Milestone1:M1_unit|mult_op_1_1[10]   ; Milestone1:M1_unit|accum_2[31]    ; clk_50       ; clk_50      ; 20.000       ; -0.022     ; 7.949      ;
; 12.024 ; Milestone1:M1_unit|mult_op_1_1[10]   ; Milestone1:M1_unit|accum_2[19]    ; clk_50       ; clk_50      ; 20.000       ; -0.021     ; 7.942      ;
; 12.026 ; Milestone1:M1_unit|mult_op_1_1[9]    ; Milestone1:M1_unit|accum_2[18]    ; clk_50       ; clk_50      ; 20.000       ; -0.034     ; 7.927      ;
; 12.028 ; Milestone2:M2_unit|state.state_bit_2 ; Milestone2:M2_unit|accum_2_Cs[24] ; clk_50       ; clk_50      ; 20.000       ; -0.045     ; 7.914      ;
; 12.030 ; Milestone2:M2_unit|state.state_bit_2 ; Milestone2:M2_unit|accum_2_Cs[19] ; clk_50       ; clk_50      ; 20.000       ; -0.045     ; 7.912      ;
; 12.030 ; Milestone2:M2_unit|state.state_bit_2 ; Milestone2:M2_unit|accum_3_Cs[21] ; clk_50       ; clk_50      ; 20.000       ; -0.026     ; 7.931      ;
; 12.033 ; Milestone2:M2_unit|state.state_bit_2 ; Milestone2:M2_unit|accum_3_Cs[26] ; clk_50       ; clk_50      ; 20.000       ; -0.034     ; 7.920      ;
; 12.035 ; Milestone2:M2_unit|state.state_bit_2 ; Milestone2:M2_unit|accum_3_Cs[28] ; clk_50       ; clk_50      ; 20.000       ; -0.034     ; 7.918      ;
; 12.035 ; Milestone2:M2_unit|state.state_bit_2 ; Milestone2:M2_unit|accum_3_Cs[29] ; clk_50       ; clk_50      ; 20.000       ; -0.034     ; 7.918      ;
; 12.035 ; Milestone2:M2_unit|state.state_bit_2 ; Milestone2:M2_unit|accum_3_Cs[20] ; clk_50       ; clk_50      ; 20.000       ; -0.034     ; 7.918      ;
+--------+--------------------------------------+-----------------------------------+--------------+-------------+--------------+------------+------------+


+-------------------------------------------------------------------------------------------------------------------------------------------------------------------------------------------------------------------------------------------------------------------------------------------------------------+
; Fast 1200mV 0C Model Hold: 'clk_50'                                                                                                                                                                                                                                                                         ;
+-------+-------------------------------------------------------------------------------------+-----------------------------------------------------------------------------------------------------------------------------------------+--------------+-------------+--------------+------------+------------+
; Slack ; From Node                                                                           ; To Node                                                                                                                                 ; Launch Clock ; Latch Clock ; Relationship ; Clock Skew ; Data Delay ;
+-------+-------------------------------------------------------------------------------------+-----------------------------------------------------------------------------------------------------------------------------------------+--------------+-------------+--------------+------------+------------+
; 0.132 ; Milestone2:M2_unit|Ct_write_data_b[5]                                               ; Milestone2:M2_unit|dual_port_T:RAM_inst2|altsyncram:altsyncram_component|altsyncram_rbk2:auto_generated|ram_block1a0~portb_datain_reg0  ; clk_50       ; clk_50      ; 0.000        ; 0.238      ; 0.474      ;
; 0.132 ; Milestone2:M2_unit|Ct_write_data_b[9]                                               ; Milestone2:M2_unit|dual_port_T:RAM_inst2|altsyncram:altsyncram_component|altsyncram_rbk2:auto_generated|ram_block1a0~portb_datain_reg0  ; clk_50       ; clk_50      ; 0.000        ; 0.238      ; 0.474      ;
; 0.133 ; Milestone2:M2_unit|Ct_write_data_b[13]                                              ; Milestone2:M2_unit|dual_port_T:RAM_inst2|altsyncram:altsyncram_component|altsyncram_rbk2:auto_generated|ram_block1a0~portb_datain_reg0  ; clk_50       ; clk_50      ; 0.000        ; 0.238      ; 0.475      ;
; 0.133 ; Milestone2:M2_unit|Ct_write_data_b[14]                                              ; Milestone2:M2_unit|dual_port_T:RAM_inst2|altsyncram:altsyncram_component|altsyncram_rbk2:auto_generated|ram_block1a0~portb_datain_reg0  ; clk_50       ; clk_50      ; 0.000        ; 0.238      ; 0.475      ;
; 0.134 ; Milestone2:M2_unit|Ct_write_data_b[15]                                              ; Milestone2:M2_unit|dual_port_T:RAM_inst2|altsyncram:altsyncram_component|altsyncram_rbk2:auto_generated|ram_block1a0~portb_datain_reg0  ; clk_50       ; clk_50      ; 0.000        ; 0.238      ; 0.476      ;
; 0.137 ; Milestone2:M2_unit|Ct_write_data_b[12]                                              ; Milestone2:M2_unit|dual_port_T:RAM_inst2|altsyncram:altsyncram_component|altsyncram_rbk2:auto_generated|ram_block1a0~portb_datain_reg0  ; clk_50       ; clk_50      ; 0.000        ; 0.238      ; 0.479      ;
; 0.137 ; Milestone2:M2_unit|Ct_write_data_a[19]                                              ; Milestone2:M2_unit|dual_port_T:RAM_inst2|altsyncram:altsyncram_component|altsyncram_rbk2:auto_generated|ram_block1a18~porta_datain_reg0 ; clk_50       ; clk_50      ; 0.000        ; 0.237      ; 0.478      ;
; 0.137 ; Milestone2:M2_unit|Ct_write_data_a[22]                                              ; Milestone2:M2_unit|dual_port_T:RAM_inst2|altsyncram:altsyncram_component|altsyncram_rbk2:auto_generated|ram_block1a18~porta_datain_reg0 ; clk_50       ; clk_50      ; 0.000        ; 0.237      ; 0.478      ;
; 0.137 ; Milestone2:M2_unit|Ct_write_data_a[27]                                              ; Milestone2:M2_unit|dual_port_T:RAM_inst2|altsyncram:altsyncram_component|altsyncram_rbk2:auto_generated|ram_block1a18~porta_datain_reg0 ; clk_50       ; clk_50      ; 0.000        ; 0.237      ; 0.478      ;
; 0.137 ; Milestone2:M2_unit|fetch_write_data_a[20]                                           ; Milestone2:M2_unit|dual_port_s:RAM_inst0|altsyncram:altsyncram_component|altsyncram_3vk2:auto_generated|ram_block1a0~porta_datain_reg0  ; clk_50       ; clk_50      ; 0.000        ; 0.229      ; 0.470      ;
; 0.138 ; Milestone2:M2_unit|Ct_write_data_a[20]                                              ; Milestone2:M2_unit|dual_port_T:RAM_inst2|altsyncram:altsyncram_component|altsyncram_rbk2:auto_generated|ram_block1a18~porta_datain_reg0 ; clk_50       ; clk_50      ; 0.000        ; 0.237      ; 0.479      ;
; 0.139 ; Milestone2:M2_unit|Ct_write_data_a[21]                                              ; Milestone2:M2_unit|dual_port_T:RAM_inst2|altsyncram:altsyncram_component|altsyncram_rbk2:auto_generated|ram_block1a18~porta_datain_reg0 ; clk_50       ; clk_50      ; 0.000        ; 0.237      ; 0.480      ;
; 0.139 ; Milestone2:M2_unit|fetch_write_data_a[23]                                           ; Milestone2:M2_unit|dual_port_s:RAM_inst0|altsyncram:altsyncram_component|altsyncram_3vk2:auto_generated|ram_block1a0~porta_datain_reg0  ; clk_50       ; clk_50      ; 0.000        ; 0.229      ; 0.472      ;
; 0.140 ; Milestone2:M2_unit|fetch_write_data_a[18]                                           ; Milestone2:M2_unit|dual_port_s:RAM_inst0|altsyncram:altsyncram_component|altsyncram_3vk2:auto_generated|ram_block1a0~porta_datain_reg0  ; clk_50       ; clk_50      ; 0.000        ; 0.229      ; 0.473      ;
; 0.180 ; Milestone3:M3_unit|memory_type[0]                                                   ; Milestone3:M3_unit|memory_type[0]                                                                                                       ; clk_50       ; clk_50      ; 0.000        ; 0.043      ; 0.307      ;
; 0.180 ; Milestone3:M3_unit|flag_7                                                           ; Milestone3:M3_unit|flag_7                                                                                                               ; clk_50       ; clk_50      ; 0.000        ; 0.043      ; 0.307      ;
; 0.180 ; Milestone3:M3_unit|flag_3                                                           ; Milestone3:M3_unit|flag_3                                                                                                               ; clk_50       ; clk_50      ; 0.000        ; 0.043      ; 0.307      ;
; 0.181 ; VGA_SRAM_interface:VGA_unit|VGA_controller:VGA_unit|oVGA_V_SYNC                     ; VGA_SRAM_interface:VGA_unit|VGA_controller:VGA_unit|oVGA_V_SYNC                                                                         ; clk_50       ; clk_50      ; 0.000        ; 0.042      ; 0.307      ;
; 0.181 ; UART_SRAM_interface:UART_unit|UART_receive_controller:UART_RX|Frame_error           ; UART_SRAM_interface:UART_unit|UART_receive_controller:UART_RX|Frame_error                                                               ; clk_50       ; clk_50      ; 0.000        ; 0.042      ; 0.307      ;
; 0.181 ; Milestone2:M2_unit|fetch_S_buffer[7]                                                ; Milestone2:M2_unit|fetch_S_buffer[7]                                                                                                    ; clk_50       ; clk_50      ; 0.000        ; 0.042      ; 0.307      ;
; 0.181 ; Milestone2:M2_unit|fetch_S_buffer[6]                                                ; Milestone2:M2_unit|fetch_S_buffer[6]                                                                                                    ; clk_50       ; clk_50      ; 0.000        ; 0.042      ; 0.307      ;
; 0.181 ; Milestone2:M2_unit|fetch_S_buffer[5]                                                ; Milestone2:M2_unit|fetch_S_buffer[5]                                                                                                    ; clk_50       ; clk_50      ; 0.000        ; 0.042      ; 0.307      ;
; 0.181 ; Milestone2:M2_unit|fetch_S_buffer[4]                                                ; Milestone2:M2_unit|fetch_S_buffer[4]                                                                                                    ; clk_50       ; clk_50      ; 0.000        ; 0.042      ; 0.307      ;
; 0.181 ; Milestone2:M2_unit|fetch_S_buffer[3]                                                ; Milestone2:M2_unit|fetch_S_buffer[3]                                                                                                    ; clk_50       ; clk_50      ; 0.000        ; 0.042      ; 0.307      ;
; 0.181 ; Milestone2:M2_unit|fetch_S_buffer[2]                                                ; Milestone2:M2_unit|fetch_S_buffer[2]                                                                                                    ; clk_50       ; clk_50      ; 0.000        ; 0.042      ; 0.307      ;
; 0.181 ; Milestone2:M2_unit|fetch_S_buffer[29]                                               ; Milestone2:M2_unit|fetch_S_buffer[29]                                                                                                   ; clk_50       ; clk_50      ; 0.000        ; 0.042      ; 0.307      ;
; 0.181 ; Milestone2:M2_unit|fetch_S_buffer[30]                                               ; Milestone2:M2_unit|fetch_S_buffer[30]                                                                                                   ; clk_50       ; clk_50      ; 0.000        ; 0.042      ; 0.307      ;
; 0.181 ; Milestone2:M2_unit|fetch_S_buffer[28]                                               ; Milestone2:M2_unit|fetch_S_buffer[28]                                                                                                   ; clk_50       ; clk_50      ; 0.000        ; 0.042      ; 0.307      ;
; 0.181 ; Milestone2:M2_unit|fetch_S_buffer[27]                                               ; Milestone2:M2_unit|fetch_S_buffer[27]                                                                                                   ; clk_50       ; clk_50      ; 0.000        ; 0.042      ; 0.307      ;
; 0.181 ; Milestone2:M2_unit|fetch_S_buffer[24]                                               ; Milestone2:M2_unit|fetch_S_buffer[24]                                                                                                   ; clk_50       ; clk_50      ; 0.000        ; 0.042      ; 0.307      ;
; 0.181 ; Milestone2:M2_unit|fetch_S_buffer[26]                                               ; Milestone2:M2_unit|fetch_S_buffer[26]                                                                                                   ; clk_50       ; clk_50      ; 0.000        ; 0.042      ; 0.307      ;
; 0.181 ; Milestone2:M2_unit|fetch_S_buffer[25]                                               ; Milestone2:M2_unit|fetch_S_buffer[25]                                                                                                   ; clk_50       ; clk_50      ; 0.000        ; 0.042      ; 0.307      ;
; 0.181 ; Milestone2:M2_unit|fetch_S_buffer[16]                                               ; Milestone2:M2_unit|fetch_S_buffer[16]                                                                                                   ; clk_50       ; clk_50      ; 0.000        ; 0.042      ; 0.307      ;
; 0.181 ; Milestone2:M2_unit|fetch_S_buffer[18]                                               ; Milestone2:M2_unit|fetch_S_buffer[18]                                                                                                   ; clk_50       ; clk_50      ; 0.000        ; 0.042      ; 0.307      ;
; 0.181 ; Milestone2:M2_unit|fetch_S_buffer[31]                                               ; Milestone2:M2_unit|fetch_S_buffer[31]                                                                                                   ; clk_50       ; clk_50      ; 0.000        ; 0.042      ; 0.307      ;
; 0.181 ; Milestone2:M2_unit|fetch_S_buffer[0]                                                ; Milestone2:M2_unit|fetch_S_buffer[0]                                                                                                    ; clk_50       ; clk_50      ; 0.000        ; 0.042      ; 0.307      ;
; 0.181 ; Milestone2:M2_unit|accum_3_buf[1]                                                   ; Milestone2:M2_unit|accum_3_buf[1]                                                                                                       ; clk_50       ; clk_50      ; 0.000        ; 0.042      ; 0.307      ;
; 0.181 ; Milestone2:M2_unit|accum_3_buf[4]                                                   ; Milestone2:M2_unit|accum_3_buf[4]                                                                                                       ; clk_50       ; clk_50      ; 0.000        ; 0.042      ; 0.307      ;
; 0.181 ; Milestone2:M2_unit|accum_3_buf[6]                                                   ; Milestone2:M2_unit|accum_3_buf[6]                                                                                                       ; clk_50       ; clk_50      ; 0.000        ; 0.042      ; 0.307      ;
; 0.181 ; Milestone2:M2_unit|accum_3_buf[11]                                                  ; Milestone2:M2_unit|accum_3_buf[11]                                                                                                      ; clk_50       ; clk_50      ; 0.000        ; 0.042      ; 0.307      ;
; 0.181 ; Milestone2:M2_unit|accum_3_buf[13]                                                  ; Milestone2:M2_unit|accum_3_buf[13]                                                                                                      ; clk_50       ; clk_50      ; 0.000        ; 0.042      ; 0.307      ;
; 0.181 ; Milestone2:M2_unit|accum_3_buf[16]                                                  ; Milestone2:M2_unit|accum_3_buf[16]                                                                                                      ; clk_50       ; clk_50      ; 0.000        ; 0.042      ; 0.307      ;
; 0.181 ; Milestone2:M2_unit|fetch_S_Buffer_F[0]                                              ; Milestone2:M2_unit|fetch_S_Buffer_F[0]                                                                                                  ; clk_50       ; clk_50      ; 0.000        ; 0.042      ; 0.307      ;
; 0.181 ; Milestone2:M2_unit|fetch_S_Buffer_F[2]                                              ; Milestone2:M2_unit|fetch_S_Buffer_F[2]                                                                                                  ; clk_50       ; clk_50      ; 0.000        ; 0.042      ; 0.307      ;
; 0.181 ; Milestone2:M2_unit|fetch_S_Buffer_F[4]                                              ; Milestone2:M2_unit|fetch_S_Buffer_F[4]                                                                                                  ; clk_50       ; clk_50      ; 0.000        ; 0.042      ; 0.307      ;
; 0.181 ; Milestone2:M2_unit|fetch_S_Buffer_F[7]                                              ; Milestone2:M2_unit|fetch_S_Buffer_F[7]                                                                                                  ; clk_50       ; clk_50      ; 0.000        ; 0.042      ; 0.307      ;
; 0.181 ; Milestone2:M2_unit|fetch_write_en_a                                                 ; Milestone2:M2_unit|fetch_write_en_a                                                                                                     ; clk_50       ; clk_50      ; 0.000        ; 0.042      ; 0.307      ;
; 0.181 ; Milestone2:M2_unit|first_run                                                        ; Milestone2:M2_unit|first_run                                                                                                            ; clk_50       ; clk_50      ; 0.000        ; 0.042      ; 0.307      ;
; 0.181 ; Milestone2:M2_unit|fetch_S_Buffer_F[9]                                              ; Milestone2:M2_unit|fetch_S_Buffer_F[9]                                                                                                  ; clk_50       ; clk_50      ; 0.000        ; 0.042      ; 0.307      ;
; 0.181 ; Milestone2:M2_unit|fetch_S_Buffer_F[11]                                             ; Milestone2:M2_unit|fetch_S_Buffer_F[11]                                                                                                 ; clk_50       ; clk_50      ; 0.000        ; 0.042      ; 0.307      ;
; 0.181 ; Milestone2:M2_unit|fetch_S_Buffer_F[12]                                             ; Milestone2:M2_unit|fetch_S_Buffer_F[12]                                                                                                 ; clk_50       ; clk_50      ; 0.000        ; 0.042      ; 0.307      ;
; 0.181 ; Milestone2:M2_unit|fetch_S_Buffer_F[14]                                             ; Milestone2:M2_unit|fetch_S_Buffer_F[14]                                                                                                 ; clk_50       ; clk_50      ; 0.000        ; 0.042      ; 0.307      ;
; 0.181 ; VGA_SRAM_interface:VGA_unit|VGA_SRAM_state.state_bit_3                              ; VGA_SRAM_interface:VGA_unit|VGA_SRAM_state.state_bit_3                                                                                  ; clk_50       ; clk_50      ; 0.000        ; 0.042      ; 0.307      ;
; 0.181 ; VGA_SRAM_interface:VGA_unit|VGA_SRAM_state.state_bit_2                              ; VGA_SRAM_interface:VGA_unit|VGA_SRAM_state.state_bit_2                                                                                  ; clk_50       ; clk_50      ; 0.000        ; 0.042      ; 0.307      ;
; 0.181 ; Milestone3:M3_unit|address[7]                                                       ; Milestone3:M3_unit|address[7]                                                                                                           ; clk_50       ; clk_50      ; 0.000        ; 0.042      ; 0.307      ;
; 0.181 ; Milestone3:M3_unit|dir                                                              ; Milestone3:M3_unit|dir                                                                                                                  ; clk_50       ; clk_50      ; 0.000        ; 0.042      ; 0.307      ;
; 0.181 ; Milestone3:M3_unit|address[4]                                                       ; Milestone3:M3_unit|address[4]                                                                                                           ; clk_50       ; clk_50      ; 0.000        ; 0.042      ; 0.307      ;
; 0.181 ; Milestone3:M3_unit|address[6]                                                       ; Milestone3:M3_unit|address[6]                                                                                                           ; clk_50       ; clk_50      ; 0.000        ; 0.042      ; 0.307      ;
; 0.181 ; Milestone3:M3_unit|address[5]                                                       ; Milestone3:M3_unit|address[5]                                                                                                           ; clk_50       ; clk_50      ; 0.000        ; 0.042      ; 0.307      ;
; 0.181 ; Milestone3:M3_unit|address[3]                                                       ; Milestone3:M3_unit|address[3]                                                                                                           ; clk_50       ; clk_50      ; 0.000        ; 0.042      ; 0.307      ;
; 0.181 ; UART_SRAM_interface:UART_unit|UART_receive_controller:UART_RX|RXC_state.state_bit_1 ; UART_SRAM_interface:UART_unit|UART_receive_controller:UART_RX|RXC_state.state_bit_1                                                     ; clk_50       ; clk_50      ; 0.000        ; 0.042      ; 0.307      ;
; 0.181 ; UART_SRAM_interface:UART_unit|UART_receive_controller:UART_RX|RXC_state.state_bit_0 ; UART_SRAM_interface:UART_unit|UART_receive_controller:UART_RX|RXC_state.state_bit_0                                                     ; clk_50       ; clk_50      ; 0.000        ; 0.042      ; 0.307      ;
; 0.181 ; UART_SRAM_interface:UART_unit|UART_receive_controller:UART_RX|data_count[0]         ; UART_SRAM_interface:UART_unit|UART_receive_controller:UART_RX|data_count[0]                                                             ; clk_50       ; clk_50      ; 0.000        ; 0.042      ; 0.307      ;
; 0.181 ; UART_SRAM_interface:UART_unit|UART_receive_controller:UART_RX|data_count[1]         ; UART_SRAM_interface:UART_unit|UART_receive_controller:UART_RX|data_count[1]                                                             ; clk_50       ; clk_50      ; 0.000        ; 0.042      ; 0.307      ;
; 0.181 ; UART_SRAM_interface:UART_unit|UART_receive_controller:UART_RX|data_count[2]         ; UART_SRAM_interface:UART_unit|UART_receive_controller:UART_RX|data_count[2]                                                             ; clk_50       ; clk_50      ; 0.000        ; 0.042      ; 0.307      ;
; 0.181 ; Milestone2:M2_unit|M2_state.state_bit_3                                             ; Milestone2:M2_unit|M2_state.state_bit_3                                                                                                 ; clk_50       ; clk_50      ; 0.000        ; 0.042      ; 0.307      ;
; 0.181 ; Milestone2:M2_unit|M2_state.state_bit_2                                             ; Milestone2:M2_unit|M2_state.state_bit_2                                                                                                 ; clk_50       ; clk_50      ; 0.000        ; 0.042      ; 0.307      ;
; 0.181 ; Milestone3:M3_unit|SRAM_write_data[15]                                              ; Milestone3:M3_unit|SRAM_write_data[15]                                                                                                  ; clk_50       ; clk_50      ; 0.000        ; 0.042      ; 0.307      ;
; 0.181 ; Milestone3:M3_unit|SRAM_write_data[14]                                              ; Milestone3:M3_unit|SRAM_write_data[14]                                                                                                  ; clk_50       ; clk_50      ; 0.000        ; 0.042      ; 0.307      ;
; 0.181 ; Milestone1:M1_unit|mult_op_4_1[0]                                                   ; Milestone1:M1_unit|mult_op_4_1[0]                                                                                                       ; clk_50       ; clk_50      ; 0.000        ; 0.042      ; 0.307      ;
; 0.181 ; Milestone1:M1_unit|mult_op_4_1[9]                                                   ; Milestone1:M1_unit|mult_op_4_1[9]                                                                                                       ; clk_50       ; clk_50      ; 0.000        ; 0.042      ; 0.307      ;
; 0.181 ; Milestone3:M3_unit|address[0]                                                       ; Milestone3:M3_unit|address[0]                                                                                                           ; clk_50       ; clk_50      ; 0.000        ; 0.042      ; 0.307      ;
; 0.181 ; Milestone3:M3_unit|address[2]                                                       ; Milestone3:M3_unit|address[2]                                                                                                           ; clk_50       ; clk_50      ; 0.000        ; 0.042      ; 0.307      ;
; 0.181 ; Milestone3:M3_unit|address[1]                                                       ; Milestone3:M3_unit|address[1]                                                                                                           ; clk_50       ; clk_50      ; 0.000        ; 0.042      ; 0.307      ;
; 0.181 ; top_state.state_bit_2                                                               ; top_state.state_bit_2                                                                                                                   ; clk_50       ; clk_50      ; 0.000        ; 0.042      ; 0.307      ;
; 0.181 ; UART_rx_enable                                                                      ; UART_rx_enable                                                                                                                          ; clk_50       ; clk_50      ; 0.000        ; 0.042      ; 0.307      ;
; 0.181 ; M2_start                                                                            ; M2_start                                                                                                                                ; clk_50       ; clk_50      ; 0.000        ; 0.042      ; 0.307      ;
; 0.181 ; Milestone3:M3_unit|M3_done                                                          ; Milestone3:M3_unit|M3_done                                                                                                              ; clk_50       ; clk_50      ; 0.000        ; 0.042      ; 0.307      ;
; 0.181 ; Milestone3:M3_unit|memory_type[1]                                                   ; Milestone3:M3_unit|memory_type[1]                                                                                                       ; clk_50       ; clk_50      ; 0.000        ; 0.042      ; 0.307      ;
; 0.181 ; Milestone3:M3_unit|mode                                                             ; Milestone3:M3_unit|mode                                                                                                                 ; clk_50       ; clk_50      ; 0.000        ; 0.042      ; 0.307      ;
; 0.181 ; Milestone3:M3_unit|header_count[3]                                                  ; Milestone3:M3_unit|header_count[3]                                                                                                      ; clk_50       ; clk_50      ; 0.000        ; 0.042      ; 0.307      ;
; 0.181 ; Milestone3:M3_unit|header_count[0]                                                  ; Milestone3:M3_unit|header_count[0]                                                                                                      ; clk_50       ; clk_50      ; 0.000        ; 0.042      ; 0.307      ;
; 0.181 ; Milestone3:M3_unit|header_count[2]                                                  ; Milestone3:M3_unit|header_count[2]                                                                                                      ; clk_50       ; clk_50      ; 0.000        ; 0.042      ; 0.307      ;
; 0.181 ; Milestone3:M3_unit|header_count[1]                                                  ; Milestone3:M3_unit|header_count[1]                                                                                                      ; clk_50       ; clk_50      ; 0.000        ; 0.042      ; 0.307      ;
; 0.181 ; Milestone3:M3_unit|header_count[5]                                                  ; Milestone3:M3_unit|header_count[5]                                                                                                      ; clk_50       ; clk_50      ; 0.000        ; 0.042      ; 0.307      ;
; 0.181 ; Milestone3:M3_unit|header_count[4]                                                  ; Milestone3:M3_unit|header_count[4]                                                                                                      ; clk_50       ; clk_50      ; 0.000        ; 0.042      ; 0.307      ;
; 0.181 ; Milestone3:M3_unit|flag_4                                                           ; Milestone3:M3_unit|flag_4                                                                                                               ; clk_50       ; clk_50      ; 0.000        ; 0.042      ; 0.307      ;
; 0.181 ; UART_SRAM_interface:UART_unit|UART_rx_unload_data                                   ; UART_SRAM_interface:UART_unit|UART_rx_unload_data                                                                                       ; clk_50       ; clk_50      ; 0.000        ; 0.042      ; 0.307      ;
; 0.181 ; Milestone2:M2_unit|row_index_F[3]                                                   ; Milestone2:M2_unit|row_index_F[3]                                                                                                       ; clk_50       ; clk_50      ; 0.000        ; 0.042      ; 0.307      ;
; 0.181 ; Milestone2:M2_unit|row_index_F[2]                                                   ; Milestone2:M2_unit|row_index_F[2]                                                                                                       ; clk_50       ; clk_50      ; 0.000        ; 0.042      ; 0.307      ;
; 0.181 ; VGA_enable                                                                          ; VGA_enable                                                                                                                              ; clk_50       ; clk_50      ; 0.000        ; 0.042      ; 0.307      ;
; 0.181 ; UART_rx_initialize                                                                  ; UART_rx_initialize                                                                                                                      ; clk_50       ; clk_50      ; 0.000        ; 0.042      ; 0.307      ;
; 0.181 ; M3_start                                                                            ; M3_start                                                                                                                                ; clk_50       ; clk_50      ; 0.000        ; 0.042      ; 0.307      ;
; 0.182 ; PB_controller:PB_unit|clock_1kHz                                                    ; PB_controller:PB_unit|clock_1kHz                                                                                                        ; clk_50       ; clk_50      ; 0.000        ; 0.041      ; 0.307      ;
; 0.182 ; Milestone2:M2_unit|flag_2                                                           ; Milestone2:M2_unit|flag_2                                                                                                               ; clk_50       ; clk_50      ; 0.000        ; 0.041      ; 0.307      ;
; 0.182 ; Milestone2:M2_unit|SRAM_write_data_M2_write[15]                                     ; Milestone2:M2_unit|SRAM_write_data_M2_write[15]                                                                                         ; clk_50       ; clk_50      ; 0.000        ; 0.041      ; 0.307      ;
; 0.182 ; Milestone2:M2_unit|SRAM_write_data_M2_write[14]                                     ; Milestone2:M2_unit|SRAM_write_data_M2_write[14]                                                                                         ; clk_50       ; clk_50      ; 0.000        ; 0.041      ; 0.307      ;
; 0.182 ; Milestone2:M2_unit|SRAM_write_data_M2_write[13]                                     ; Milestone2:M2_unit|SRAM_write_data_M2_write[13]                                                                                         ; clk_50       ; clk_50      ; 0.000        ; 0.041      ; 0.307      ;
; 0.182 ; Milestone2:M2_unit|SRAM_write_data_M2_write[12]                                     ; Milestone2:M2_unit|SRAM_write_data_M2_write[12]                                                                                         ; clk_50       ; clk_50      ; 0.000        ; 0.041      ; 0.307      ;
; 0.182 ; Milestone2:M2_unit|SRAM_write_data_M2_write[11]                                     ; Milestone2:M2_unit|SRAM_write_data_M2_write[11]                                                                                         ; clk_50       ; clk_50      ; 0.000        ; 0.041      ; 0.307      ;
+-------+-------------------------------------------------------------------------------------+-----------------------------------------------------------------------------------------------------------------------------------------+--------------+-------------+--------------+------------+------------+


----------------------------------------------
; Fast 1200mV 0C Model Metastability Summary ;
----------------------------------------------
No synchronizer chains to report.


+--------------------------------------------------------------------------------------------------------------------------------------+
; Multicorner Timing Analysis Summary                                                                                                  ;
+---------------------------------------------------------------------------+-------+-------+----------+---------+---------------------+
; Clock                                                                     ; Setup ; Hold  ; Recovery ; Removal ; Minimum Pulse Width ;
+---------------------------------------------------------------------------+-------+-------+----------+---------+---------------------+
; Worst-case Slack                                                          ; 3.011 ; 0.132 ; N/A      ; N/A     ; 4.754               ;
;  SRAM_unit|Clock_100_PLL_inst|altpll_component|auto_generated|pll1|clk[0] ; N/A   ; N/A   ; N/A      ; N/A     ; 4.754               ;
;  clk_50                                                                   ; 3.011 ; 0.132 ; N/A      ; N/A     ; 9.373               ;
; Design-wide TNS                                                           ; 0.0   ; 0.0   ; 0.0      ; 0.0     ; 0.0                 ;
;  SRAM_unit|Clock_100_PLL_inst|altpll_component|auto_generated|pll1|clk[0] ; N/A   ; N/A   ; N/A      ; N/A     ; 0.000               ;
;  clk_50                                                                   ; 0.000 ; 0.000 ; N/A      ; N/A     ; 0.000               ;
+---------------------------------------------------------------------------+-------+-------+----------+---------+---------------------+


+----------------------------------------------------------------------------------------------------------------------------------------------------------------------------------------------------------------------------------------------------------------------------------------------------------------------------------------------------------------------------------------------------------------------------+
; Board Trace Model Assignments                                                                                                                                                                                                                                                                                                                                                                                              ;
+-------------------------+--------------+-------------------+-------------------------+-------------------------+---------------+---------------------+----------------+------------------+--------+------------------+------------------------+------------------------+--------------+---------------+-----------------+-------+---------------------+--------------------+---------------+-----------------+-------------+
; Pin                     ; I/O Standard ; Near Tline Length ; Near Tline L per Length ; Near Tline C per Length ; Near Series R ; Near Differential R ; Near Pull-up R ; Near Pull-down R ; Near C ; Far Tline Length ; Far Tline L per Length ; Far Tline C per Length ; Far Series R ; Far Pull-up R ; Far Pull-down R ; Far C ; Termination Voltage ; Far Differential R ; EBD File Name ; EBD Signal Name ; EBD Far-end ;
+-------------------------+--------------+-------------------+-------------------------+-------------------------+---------------+---------------------+----------------+------------------+--------+------------------+------------------------+------------------------+--------------+---------------+-----------------+-------+---------------------+--------------------+---------------+-----------------+-------------+
; SEVEN_SEGMENT_N_O[0][0] ; 2.5 V        ; 0 in              ; 0 H/in                  ; 0 F/in                  ; short         ; -                   ; open           ; open             ; open   ; 0 in             ; 0 H/in                 ; 0 F/in                 ; short        ; open          ; open            ; open  ; 0 V                 ; -                  ; n/a           ; n/a             ; n/a         ;
; SEVEN_SEGMENT_N_O[0][1] ; 2.5 V        ; 0 in              ; 0 H/in                  ; 0 F/in                  ; short         ; -                   ; open           ; open             ; open   ; 0 in             ; 0 H/in                 ; 0 F/in                 ; short        ; open          ; open            ; open  ; 0 V                 ; -                  ; n/a           ; n/a             ; n/a         ;
; SEVEN_SEGMENT_N_O[0][2] ; 2.5 V        ; 0 in              ; 0 H/in                  ; 0 F/in                  ; short         ; -                   ; open           ; open             ; open   ; 0 in             ; 0 H/in                 ; 0 F/in                 ; short        ; open          ; open            ; open  ; 0 V                 ; -                  ; n/a           ; n/a             ; n/a         ;
; SEVEN_SEGMENT_N_O[0][3] ; 2.5 V        ; 0 in              ; 0 H/in                  ; 0 F/in                  ; short         ; -                   ; open           ; open             ; open   ; 0 in             ; 0 H/in                 ; 0 F/in                 ; short        ; open          ; open            ; open  ; 0 V                 ; -                  ; n/a           ; n/a             ; n/a         ;
; SEVEN_SEGMENT_N_O[0][4] ; 2.5 V        ; 0 in              ; 0 H/in                  ; 0 F/in                  ; short         ; -                   ; open           ; open             ; open   ; 0 in             ; 0 H/in                 ; 0 F/in                 ; short        ; open          ; open            ; open  ; 0 V                 ; -                  ; n/a           ; n/a             ; n/a         ;
; SEVEN_SEGMENT_N_O[0][5] ; 2.5 V        ; 0 in              ; 0 H/in                  ; 0 F/in                  ; short         ; -                   ; open           ; open             ; open   ; 0 in             ; 0 H/in                 ; 0 F/in                 ; short        ; open          ; open            ; open  ; 0 V                 ; -                  ; n/a           ; n/a             ; n/a         ;
; SEVEN_SEGMENT_N_O[0][6] ; 2.5 V        ; 0 in              ; 0 H/in                  ; 0 F/in                  ; short         ; -                   ; open           ; open             ; open   ; 0 in             ; 0 H/in                 ; 0 F/in                 ; short        ; open          ; open            ; open  ; 0 V                 ; -                  ; n/a           ; n/a             ; n/a         ;
; SEVEN_SEGMENT_N_O[1][0] ; 2.5 V        ; 0 in              ; 0 H/in                  ; 0 F/in                  ; short         ; -                   ; open           ; open             ; open   ; 0 in             ; 0 H/in                 ; 0 F/in                 ; short        ; open          ; open            ; open  ; 0 V                 ; -                  ; n/a           ; n/a             ; n/a         ;
; SEVEN_SEGMENT_N_O[1][1] ; 2.5 V        ; 0 in              ; 0 H/in                  ; 0 F/in                  ; short         ; -                   ; open           ; open             ; open   ; 0 in             ; 0 H/in                 ; 0 F/in                 ; short        ; open          ; open            ; open  ; 0 V                 ; -                  ; n/a           ; n/a             ; n/a         ;
; SEVEN_SEGMENT_N_O[1][2] ; 2.5 V        ; 0 in              ; 0 H/in                  ; 0 F/in                  ; short         ; -                   ; open           ; open             ; open   ; 0 in             ; 0 H/in                 ; 0 F/in                 ; short        ; open          ; open            ; open  ; 0 V                 ; -                  ; n/a           ; n/a             ; n/a         ;
; SEVEN_SEGMENT_N_O[1][3] ; 2.5 V        ; 0 in              ; 0 H/in                  ; 0 F/in                  ; short         ; -                   ; open           ; open             ; open   ; 0 in             ; 0 H/in                 ; 0 F/in                 ; short        ; open          ; open            ; open  ; 0 V                 ; -                  ; n/a           ; n/a             ; n/a         ;
; SEVEN_SEGMENT_N_O[1][4] ; 2.5 V        ; 0 in              ; 0 H/in                  ; 0 F/in                  ; short         ; -                   ; open           ; open             ; open   ; 0 in             ; 0 H/in                 ; 0 F/in                 ; short        ; open          ; open            ; open  ; 0 V                 ; -                  ; n/a           ; n/a             ; n/a         ;
; SEVEN_SEGMENT_N_O[1][5] ; 2.5 V        ; 0 in              ; 0 H/in                  ; 0 F/in                  ; short         ; -                   ; open           ; open             ; open   ; 0 in             ; 0 H/in                 ; 0 F/in                 ; short        ; open          ; open            ; open  ; 0 V                 ; -                  ; n/a           ; n/a             ; n/a         ;
; SEVEN_SEGMENT_N_O[1][6] ; 2.5 V        ; 0 in              ; 0 H/in                  ; 0 F/in                  ; short         ; -                   ; open           ; open             ; open   ; 0 in             ; 0 H/in                 ; 0 F/in                 ; short        ; open          ; open            ; open  ; 0 V                 ; -                  ; n/a           ; n/a             ; n/a         ;
; SEVEN_SEGMENT_N_O[2][0] ; 2.5 V        ; 0 in              ; 0 H/in                  ; 0 F/in                  ; short         ; -                   ; open           ; open             ; open   ; 0 in             ; 0 H/in                 ; 0 F/in                 ; short        ; open          ; open            ; open  ; 0 V                 ; -                  ; n/a           ; n/a             ; n/a         ;
; SEVEN_SEGMENT_N_O[2][1] ; 2.5 V        ; 0 in              ; 0 H/in                  ; 0 F/in                  ; short         ; -                   ; open           ; open             ; open   ; 0 in             ; 0 H/in                 ; 0 F/in                 ; short        ; open          ; open            ; open  ; 0 V                 ; -                  ; n/a           ; n/a             ; n/a         ;
; SEVEN_SEGMENT_N_O[2][2] ; 2.5 V        ; 0 in              ; 0 H/in                  ; 0 F/in                  ; short         ; -                   ; open           ; open             ; open   ; 0 in             ; 0 H/in                 ; 0 F/in                 ; short        ; open          ; open            ; open  ; 0 V                 ; -                  ; n/a           ; n/a             ; n/a         ;
; SEVEN_SEGMENT_N_O[2][3] ; 2.5 V        ; 0 in              ; 0 H/in                  ; 0 F/in                  ; short         ; -                   ; open           ; open             ; open   ; 0 in             ; 0 H/in                 ; 0 F/in                 ; short        ; open          ; open            ; open  ; 0 V                 ; -                  ; n/a           ; n/a             ; n/a         ;
; SEVEN_SEGMENT_N_O[2][4] ; 2.5 V        ; 0 in              ; 0 H/in                  ; 0 F/in                  ; short         ; -                   ; open           ; open             ; open   ; 0 in             ; 0 H/in                 ; 0 F/in                 ; short        ; open          ; open            ; open  ; 0 V                 ; -                  ; n/a           ; n/a             ; n/a         ;
; SEVEN_SEGMENT_N_O[2][5] ; 2.5 V        ; 0 in              ; 0 H/in                  ; 0 F/in                  ; short         ; -                   ; open           ; open             ; open   ; 0 in             ; 0 H/in                 ; 0 F/in                 ; short        ; open          ; open            ; open  ; 0 V                 ; -                  ; n/a           ; n/a             ; n/a         ;
; SEVEN_SEGMENT_N_O[2][6] ; 2.5 V        ; 0 in              ; 0 H/in                  ; 0 F/in                  ; short         ; -                   ; open           ; open             ; open   ; 0 in             ; 0 H/in                 ; 0 F/in                 ; short        ; open          ; open            ; open  ; 0 V                 ; -                  ; n/a           ; n/a             ; n/a         ;
; SEVEN_SEGMENT_N_O[3][0] ; 2.5 V        ; 0 in              ; 0 H/in                  ; 0 F/in                  ; short         ; -                   ; open           ; open             ; open   ; 0 in             ; 0 H/in                 ; 0 F/in                 ; short        ; open          ; open            ; open  ; 0 V                 ; -                  ; n/a           ; n/a             ; n/a         ;
; SEVEN_SEGMENT_N_O[3][1] ; 2.5 V        ; 0 in              ; 0 H/in                  ; 0 F/in                  ; short         ; -                   ; open           ; open             ; open   ; 0 in             ; 0 H/in                 ; 0 F/in                 ; short        ; open          ; open            ; open  ; 0 V                 ; -                  ; n/a           ; n/a             ; n/a         ;
; SEVEN_SEGMENT_N_O[3][2] ; 3.3-V LVTTL  ; 0 in              ; 0 H/in                  ; 0 F/in                  ; short         ; -                   ; open           ; open             ; open   ; 0 in             ; 0 H/in                 ; 0 F/in                 ; short        ; open          ; open            ; open  ; 0 V                 ; -                  ; n/a           ; n/a             ; n/a         ;
; SEVEN_SEGMENT_N_O[3][3] ; 3.3-V LVTTL  ; 0 in              ; 0 H/in                  ; 0 F/in                  ; short         ; -                   ; open           ; open             ; open   ; 0 in             ; 0 H/in                 ; 0 F/in                 ; short        ; open          ; open            ; open  ; 0 V                 ; -                  ; n/a           ; n/a             ; n/a         ;
; SEVEN_SEGMENT_N_O[3][4] ; 3.3-V LVTTL  ; 0 in              ; 0 H/in                  ; 0 F/in                  ; short         ; -                   ; open           ; open             ; open   ; 0 in             ; 0 H/in                 ; 0 F/in                 ; short        ; open          ; open            ; open  ; 0 V                 ; -                  ; n/a           ; n/a             ; n/a         ;
; SEVEN_SEGMENT_N_O[3][5] ; 3.3-V LVTTL  ; 0 in              ; 0 H/in                  ; 0 F/in                  ; short         ; -                   ; open           ; open             ; open   ; 0 in             ; 0 H/in                 ; 0 F/in                 ; short        ; open          ; open            ; open  ; 0 V                 ; -                  ; n/a           ; n/a             ; n/a         ;
; SEVEN_SEGMENT_N_O[3][6] ; 3.3-V LVTTL  ; 0 in              ; 0 H/in                  ; 0 F/in                  ; short         ; -                   ; open           ; open             ; open   ; 0 in             ; 0 H/in                 ; 0 F/in                 ; short        ; open          ; open            ; open  ; 0 V                 ; -                  ; n/a           ; n/a             ; n/a         ;
; SEVEN_SEGMENT_N_O[4][0] ; 3.3-V LVTTL  ; 0 in              ; 0 H/in                  ; 0 F/in                  ; short         ; -                   ; open           ; open             ; open   ; 0 in             ; 0 H/in                 ; 0 F/in                 ; short        ; open          ; open            ; open  ; 0 V                 ; -                  ; n/a           ; n/a             ; n/a         ;
; SEVEN_SEGMENT_N_O[4][1] ; 3.3-V LVTTL  ; 0 in              ; 0 H/in                  ; 0 F/in                  ; short         ; -                   ; open           ; open             ; open   ; 0 in             ; 0 H/in                 ; 0 F/in                 ; short        ; open          ; open            ; open  ; 0 V                 ; -                  ; n/a           ; n/a             ; n/a         ;
; SEVEN_SEGMENT_N_O[4][2] ; 3.3-V LVTTL  ; 0 in              ; 0 H/in                  ; 0 F/in                  ; short         ; -                   ; open           ; open             ; open   ; 0 in             ; 0 H/in                 ; 0 F/in                 ; short        ; open          ; open            ; open  ; 0 V                 ; -                  ; n/a           ; n/a             ; n/a         ;
; SEVEN_SEGMENT_N_O[4][3] ; 3.3-V LVTTL  ; 0 in              ; 0 H/in                  ; 0 F/in                  ; short         ; -                   ; open           ; open             ; open   ; 0 in             ; 0 H/in                 ; 0 F/in                 ; short        ; open          ; open            ; open  ; 0 V                 ; -                  ; n/a           ; n/a             ; n/a         ;
; SEVEN_SEGMENT_N_O[4][4] ; 3.3-V LVTTL  ; 0 in              ; 0 H/in                  ; 0 F/in                  ; short         ; -                   ; open           ; open             ; open   ; 0 in             ; 0 H/in                 ; 0 F/in                 ; short        ; open          ; open            ; open  ; 0 V                 ; -                  ; n/a           ; n/a             ; n/a         ;
; SEVEN_SEGMENT_N_O[4][5] ; 3.3-V LVTTL  ; 0 in              ; 0 H/in                  ; 0 F/in                  ; short         ; -                   ; open           ; open             ; open   ; 0 in             ; 0 H/in                 ; 0 F/in                 ; short        ; open          ; open            ; open  ; 0 V                 ; -                  ; n/a           ; n/a             ; n/a         ;
; SEVEN_SEGMENT_N_O[4][6] ; 3.3-V LVTTL  ; 0 in              ; 0 H/in                  ; 0 F/in                  ; short         ; -                   ; open           ; open             ; open   ; 0 in             ; 0 H/in                 ; 0 F/in                 ; short        ; open          ; open            ; open  ; 0 V                 ; -                  ; n/a           ; n/a             ; n/a         ;
; SEVEN_SEGMENT_N_O[5][0] ; 3.3-V LVTTL  ; 0 in              ; 0 H/in                  ; 0 F/in                  ; short         ; -                   ; open           ; open             ; open   ; 0 in             ; 0 H/in                 ; 0 F/in                 ; short        ; open          ; open            ; open  ; 0 V                 ; -                  ; n/a           ; n/a             ; n/a         ;
; SEVEN_SEGMENT_N_O[5][1] ; 3.3-V LVTTL  ; 0 in              ; 0 H/in                  ; 0 F/in                  ; short         ; -                   ; open           ; open             ; open   ; 0 in             ; 0 H/in                 ; 0 F/in                 ; short        ; open          ; open            ; open  ; 0 V                 ; -                  ; n/a           ; n/a             ; n/a         ;
; SEVEN_SEGMENT_N_O[5][2] ; 3.3-V LVTTL  ; 0 in              ; 0 H/in                  ; 0 F/in                  ; short         ; -                   ; open           ; open             ; open   ; 0 in             ; 0 H/in                 ; 0 F/in                 ; short        ; open          ; open            ; open  ; 0 V                 ; -                  ; n/a           ; n/a             ; n/a         ;
; SEVEN_SEGMENT_N_O[5][3] ; 3.3-V LVTTL  ; 0 in              ; 0 H/in                  ; 0 F/in                  ; short         ; -                   ; open           ; open             ; open   ; 0 in             ; 0 H/in                 ; 0 F/in                 ; short        ; open          ; open            ; open  ; 0 V                 ; -                  ; n/a           ; n/a             ; n/a         ;
; SEVEN_SEGMENT_N_O[5][4] ; 3.3-V LVTTL  ; 0 in              ; 0 H/in                  ; 0 F/in                  ; short         ; -                   ; open           ; open             ; open   ; 0 in             ; 0 H/in                 ; 0 F/in                 ; short        ; open          ; open            ; open  ; 0 V                 ; -                  ; n/a           ; n/a             ; n/a         ;
; SEVEN_SEGMENT_N_O[5][5] ; 3.3-V LVTTL  ; 0 in              ; 0 H/in                  ; 0 F/in                  ; short         ; -                   ; open           ; open             ; open   ; 0 in             ; 0 H/in                 ; 0 F/in                 ; short        ; open          ; open            ; open  ; 0 V                 ; -                  ; n/a           ; n/a             ; n/a         ;
; SEVEN_SEGMENT_N_O[5][6] ; 3.3-V LVTTL  ; 0 in              ; 0 H/in                  ; 0 F/in                  ; short         ; -                   ; open           ; open             ; open   ; 0 in             ; 0 H/in                 ; 0 F/in                 ; short        ; open          ; open            ; open  ; 0 V                 ; -                  ; n/a           ; n/a             ; n/a         ;
; SEVEN_SEGMENT_N_O[6][0] ; 3.3-V LVTTL  ; 0 in              ; 0 H/in                  ; 0 F/in                  ; short         ; -                   ; open           ; open             ; open   ; 0 in             ; 0 H/in                 ; 0 F/in                 ; short        ; open          ; open            ; open  ; 0 V                 ; -                  ; n/a           ; n/a             ; n/a         ;
; SEVEN_SEGMENT_N_O[6][1] ; 3.3-V LVTTL  ; 0 in              ; 0 H/in                  ; 0 F/in                  ; short         ; -                   ; open           ; open             ; open   ; 0 in             ; 0 H/in                 ; 0 F/in                 ; short        ; open          ; open            ; open  ; 0 V                 ; -                  ; n/a           ; n/a             ; n/a         ;
; SEVEN_SEGMENT_N_O[6][2] ; 3.3-V LVTTL  ; 0 in              ; 0 H/in                  ; 0 F/in                  ; short         ; -                   ; open           ; open             ; open   ; 0 in             ; 0 H/in                 ; 0 F/in                 ; short        ; open          ; open            ; open  ; 0 V                 ; -                  ; n/a           ; n/a             ; n/a         ;
; SEVEN_SEGMENT_N_O[6][3] ; 3.3-V LVTTL  ; 0 in              ; 0 H/in                  ; 0 F/in                  ; short         ; -                   ; open           ; open             ; open   ; 0 in             ; 0 H/in                 ; 0 F/in                 ; short        ; open          ; open            ; open  ; 0 V                 ; -                  ; n/a           ; n/a             ; n/a         ;
; SEVEN_SEGMENT_N_O[6][4] ; 3.3-V LVTTL  ; 0 in              ; 0 H/in                  ; 0 F/in                  ; short         ; -                   ; open           ; open             ; open   ; 0 in             ; 0 H/in                 ; 0 F/in                 ; short        ; open          ; open            ; open  ; 0 V                 ; -                  ; n/a           ; n/a             ; n/a         ;
; SEVEN_SEGMENT_N_O[6][5] ; 3.3-V LVTTL  ; 0 in              ; 0 H/in                  ; 0 F/in                  ; short         ; -                   ; open           ; open             ; open   ; 0 in             ; 0 H/in                 ; 0 F/in                 ; short        ; open          ; open            ; open  ; 0 V                 ; -                  ; n/a           ; n/a             ; n/a         ;
; SEVEN_SEGMENT_N_O[6][6] ; 3.3-V LVTTL  ; 0 in              ; 0 H/in                  ; 0 F/in                  ; short         ; -                   ; open           ; open             ; open   ; 0 in             ; 0 H/in                 ; 0 F/in                 ; short        ; open          ; open            ; open  ; 0 V                 ; -                  ; n/a           ; n/a             ; n/a         ;
; SEVEN_SEGMENT_N_O[7][0] ; 3.3-V LVTTL  ; 0 in              ; 0 H/in                  ; 0 F/in                  ; short         ; -                   ; open           ; open             ; open   ; 0 in             ; 0 H/in                 ; 0 F/in                 ; short        ; open          ; open            ; open  ; 0 V                 ; -                  ; n/a           ; n/a             ; n/a         ;
; SEVEN_SEGMENT_N_O[7][1] ; 3.3-V LVTTL  ; 0 in              ; 0 H/in                  ; 0 F/in                  ; short         ; -                   ; open           ; open             ; open   ; 0 in             ; 0 H/in                 ; 0 F/in                 ; short        ; open          ; open            ; open  ; 0 V                 ; -                  ; n/a           ; n/a             ; n/a         ;
; SEVEN_SEGMENT_N_O[7][2] ; 3.3-V LVTTL  ; 0 in              ; 0 H/in                  ; 0 F/in                  ; short         ; -                   ; open           ; open             ; open   ; 0 in             ; 0 H/in                 ; 0 F/in                 ; short        ; open          ; open            ; open  ; 0 V                 ; -                  ; n/a           ; n/a             ; n/a         ;
; SEVEN_SEGMENT_N_O[7][3] ; 3.3-V LVTTL  ; 0 in              ; 0 H/in                  ; 0 F/in                  ; short         ; -                   ; open           ; open             ; open   ; 0 in             ; 0 H/in                 ; 0 F/in                 ; short        ; open          ; open            ; open  ; 0 V                 ; -                  ; n/a           ; n/a             ; n/a         ;
; SEVEN_SEGMENT_N_O[7][4] ; 3.3-V LVTTL  ; 0 in              ; 0 H/in                  ; 0 F/in                  ; short         ; -                   ; open           ; open             ; open   ; 0 in             ; 0 H/in                 ; 0 F/in                 ; short        ; open          ; open            ; open  ; 0 V                 ; -                  ; n/a           ; n/a             ; n/a         ;
; SEVEN_SEGMENT_N_O[7][5] ; 3.3-V LVTTL  ; 0 in              ; 0 H/in                  ; 0 F/in                  ; short         ; -                   ; open           ; open             ; open   ; 0 in             ; 0 H/in                 ; 0 F/in                 ; short        ; open          ; open            ; open  ; 0 V                 ; -                  ; n/a           ; n/a             ; n/a         ;
; SEVEN_SEGMENT_N_O[7][6] ; 3.3-V LVTTL  ; 0 in              ; 0 H/in                  ; 0 F/in                  ; short         ; -                   ; open           ; open             ; open   ; 0 in             ; 0 H/in                 ; 0 F/in                 ; short        ; open          ; open            ; open  ; 0 V                 ; -                  ; n/a           ; n/a             ; n/a         ;
; LED_GREEN_O[0]          ; 2.5 V        ; 0 in              ; 0 H/in                  ; 0 F/in                  ; short         ; -                   ; open           ; open             ; open   ; 0 in             ; 0 H/in                 ; 0 F/in                 ; short        ; open          ; open            ; open  ; 0 V                 ; -                  ; n/a           ; n/a             ; n/a         ;
; LED_GREEN_O[1]          ; 2.5 V        ; 0 in              ; 0 H/in                  ; 0 F/in                  ; short         ; -                   ; open           ; open             ; open   ; 0 in             ; 0 H/in                 ; 0 F/in                 ; short        ; open          ; open            ; open  ; 0 V                 ; -                  ; n/a           ; n/a             ; n/a         ;
; LED_GREEN_O[2]          ; 2.5 V        ; 0 in              ; 0 H/in                  ; 0 F/in                  ; short         ; -                   ; open           ; open             ; open   ; 0 in             ; 0 H/in                 ; 0 F/in                 ; short        ; open          ; open            ; open  ; 0 V                 ; -                  ; n/a           ; n/a             ; n/a         ;
; LED_GREEN_O[3]          ; 2.5 V        ; 0 in              ; 0 H/in                  ; 0 F/in                  ; short         ; -                   ; open           ; open             ; open   ; 0 in             ; 0 H/in                 ; 0 F/in                 ; short        ; open          ; open            ; open  ; 0 V                 ; -                  ; n/a           ; n/a             ; n/a         ;
; LED_GREEN_O[4]          ; 2.5 V        ; 0 in              ; 0 H/in                  ; 0 F/in                  ; short         ; -                   ; open           ; open             ; open   ; 0 in             ; 0 H/in                 ; 0 F/in                 ; short        ; open          ; open            ; open  ; 0 V                 ; -                  ; n/a           ; n/a             ; n/a         ;
; LED_GREEN_O[5]          ; 2.5 V        ; 0 in              ; 0 H/in                  ; 0 F/in                  ; short         ; -                   ; open           ; open             ; open   ; 0 in             ; 0 H/in                 ; 0 F/in                 ; short        ; open          ; open            ; open  ; 0 V                 ; -                  ; n/a           ; n/a             ; n/a         ;
; LED_GREEN_O[6]          ; 2.5 V        ; 0 in              ; 0 H/in                  ; 0 F/in                  ; short         ; -                   ; open           ; open             ; open   ; 0 in             ; 0 H/in                 ; 0 F/in                 ; short        ; open          ; open            ; open  ; 0 V                 ; -                  ; n/a           ; n/a             ; n/a         ;
; LED_GREEN_O[7]          ; 2.5 V        ; 0 in              ; 0 H/in                  ; 0 F/in                  ; short         ; -                   ; open           ; open             ; open   ; 0 in             ; 0 H/in                 ; 0 F/in                 ; short        ; open          ; open            ; open  ; 0 V                 ; -                  ; n/a           ; n/a             ; n/a         ;
; LED_GREEN_O[8]          ; 2.5 V        ; 0 in              ; 0 H/in                  ; 0 F/in                  ; short         ; -                   ; open           ; open             ; open   ; 0 in             ; 0 H/in                 ; 0 F/in                 ; short        ; open          ; open            ; open  ; 0 V                 ; -                  ; n/a           ; n/a             ; n/a         ;
; VGA_CLOCK_O             ; 3.3-V LVTTL  ; 0 in              ; 0 H/in                  ; 0 F/in                  ; short         ; -                   ; open           ; open             ; open   ; 0 in             ; 0 H/in                 ; 0 F/in                 ; short        ; open          ; open            ; open  ; 0 V                 ; -                  ; n/a           ; n/a             ; n/a         ;
; VGA_HSYNC_O             ; 3.3-V LVTTL  ; 0 in              ; 0 H/in                  ; 0 F/in                  ; short         ; -                   ; open           ; open             ; open   ; 0 in             ; 0 H/in                 ; 0 F/in                 ; short        ; open          ; open            ; open  ; 0 V                 ; -                  ; n/a           ; n/a             ; n/a         ;
; VGA_VSYNC_O             ; 3.3-V LVTTL  ; 0 in              ; 0 H/in                  ; 0 F/in                  ; short         ; -                   ; open           ; open             ; open   ; 0 in             ; 0 H/in                 ; 0 F/in                 ; short        ; open          ; open            ; open  ; 0 V                 ; -                  ; n/a           ; n/a             ; n/a         ;
; VGA_BLANK_O             ; 3.3-V LVTTL  ; 0 in              ; 0 H/in                  ; 0 F/in                  ; short         ; -                   ; open           ; open             ; open   ; 0 in             ; 0 H/in                 ; 0 F/in                 ; short        ; open          ; open            ; open  ; 0 V                 ; -                  ; n/a           ; n/a             ; n/a         ;
; VGA_SYNC_O              ; 3.3-V LVTTL  ; 0 in              ; 0 H/in                  ; 0 F/in                  ; short         ; -                   ; open           ; open             ; open   ; 0 in             ; 0 H/in                 ; 0 F/in                 ; short        ; open          ; open            ; open  ; 0 V                 ; -                  ; n/a           ; n/a             ; n/a         ;
; VGA_RED_O[0]            ; 3.3-V LVTTL  ; 0 in              ; 0 H/in                  ; 0 F/in                  ; short         ; -                   ; open           ; open             ; open   ; 0 in             ; 0 H/in                 ; 0 F/in                 ; short        ; open          ; open            ; open  ; 0 V                 ; -                  ; n/a           ; n/a             ; n/a         ;
; VGA_RED_O[1]            ; 3.3-V LVTTL  ; 0 in              ; 0 H/in                  ; 0 F/in                  ; short         ; -                   ; open           ; open             ; open   ; 0 in             ; 0 H/in                 ; 0 F/in                 ; short        ; open          ; open            ; open  ; 0 V                 ; -                  ; n/a           ; n/a             ; n/a         ;
; VGA_RED_O[2]            ; 3.3-V LVTTL  ; 0 in              ; 0 H/in                  ; 0 F/in                  ; short         ; -                   ; open           ; open             ; open   ; 0 in             ; 0 H/in                 ; 0 F/in                 ; short        ; open          ; open            ; open  ; 0 V                 ; -                  ; n/a           ; n/a             ; n/a         ;
; VGA_RED_O[3]            ; 3.3-V LVTTL  ; 0 in              ; 0 H/in                  ; 0 F/in                  ; short         ; -                   ; open           ; open             ; open   ; 0 in             ; 0 H/in                 ; 0 F/in                 ; short        ; open          ; open            ; open  ; 0 V                 ; -                  ; n/a           ; n/a             ; n/a         ;
; VGA_RED_O[4]            ; 3.3-V LVTTL  ; 0 in              ; 0 H/in                  ; 0 F/in                  ; short         ; -                   ; open           ; open             ; open   ; 0 in             ; 0 H/in                 ; 0 F/in                 ; short        ; open          ; open            ; open  ; 0 V                 ; -                  ; n/a           ; n/a             ; n/a         ;
; VGA_RED_O[5]            ; 3.3-V LVTTL  ; 0 in              ; 0 H/in                  ; 0 F/in                  ; short         ; -                   ; open           ; open             ; open   ; 0 in             ; 0 H/in                 ; 0 F/in                 ; short        ; open          ; open            ; open  ; 0 V                 ; -                  ; n/a           ; n/a             ; n/a         ;
; VGA_RED_O[6]            ; 3.3-V LVTTL  ; 0 in              ; 0 H/in                  ; 0 F/in                  ; short         ; -                   ; open           ; open             ; open   ; 0 in             ; 0 H/in                 ; 0 F/in                 ; short        ; open          ; open            ; open  ; 0 V                 ; -                  ; n/a           ; n/a             ; n/a         ;
; VGA_RED_O[7]            ; 3.3-V LVTTL  ; 0 in              ; 0 H/in                  ; 0 F/in                  ; short         ; -                   ; open           ; open             ; open   ; 0 in             ; 0 H/in                 ; 0 F/in                 ; short        ; open          ; open            ; open  ; 0 V                 ; -                  ; n/a           ; n/a             ; n/a         ;
; VGA_GREEN_O[0]          ; 3.3-V LVTTL  ; 0 in              ; 0 H/in                  ; 0 F/in                  ; short         ; -                   ; open           ; open             ; open   ; 0 in             ; 0 H/in                 ; 0 F/in                 ; short        ; open          ; open            ; open  ; 0 V                 ; -                  ; n/a           ; n/a             ; n/a         ;
; VGA_GREEN_O[1]          ; 3.3-V LVTTL  ; 0 in              ; 0 H/in                  ; 0 F/in                  ; short         ; -                   ; open           ; open             ; open   ; 0 in             ; 0 H/in                 ; 0 F/in                 ; short        ; open          ; open            ; open  ; 0 V                 ; -                  ; n/a           ; n/a             ; n/a         ;
; VGA_GREEN_O[2]          ; 3.3-V LVTTL  ; 0 in              ; 0 H/in                  ; 0 F/in                  ; short         ; -                   ; open           ; open             ; open   ; 0 in             ; 0 H/in                 ; 0 F/in                 ; short        ; open          ; open            ; open  ; 0 V                 ; -                  ; n/a           ; n/a             ; n/a         ;
; VGA_GREEN_O[3]          ; 3.3-V LVTTL  ; 0 in              ; 0 H/in                  ; 0 F/in                  ; short         ; -                   ; open           ; open             ; open   ; 0 in             ; 0 H/in                 ; 0 F/in                 ; short        ; open          ; open            ; open  ; 0 V                 ; -                  ; n/a           ; n/a             ; n/a         ;
; VGA_GREEN_O[4]          ; 3.3-V LVTTL  ; 0 in              ; 0 H/in                  ; 0 F/in                  ; short         ; -                   ; open           ; open             ; open   ; 0 in             ; 0 H/in                 ; 0 F/in                 ; short        ; open          ; open            ; open  ; 0 V                 ; -                  ; n/a           ; n/a             ; n/a         ;
; VGA_GREEN_O[5]          ; 3.3-V LVTTL  ; 0 in              ; 0 H/in                  ; 0 F/in                  ; short         ; -                   ; open           ; open             ; open   ; 0 in             ; 0 H/in                 ; 0 F/in                 ; short        ; open          ; open            ; open  ; 0 V                 ; -                  ; n/a           ; n/a             ; n/a         ;
; VGA_GREEN_O[6]          ; 3.3-V LVTTL  ; 0 in              ; 0 H/in                  ; 0 F/in                  ; short         ; -                   ; open           ; open             ; open   ; 0 in             ; 0 H/in                 ; 0 F/in                 ; short        ; open          ; open            ; open  ; 0 V                 ; -                  ; n/a           ; n/a             ; n/a         ;
; VGA_GREEN_O[7]          ; 3.3-V LVTTL  ; 0 in              ; 0 H/in                  ; 0 F/in                  ; short         ; -                   ; open           ; open             ; open   ; 0 in             ; 0 H/in                 ; 0 F/in                 ; short        ; open          ; open            ; open  ; 0 V                 ; -                  ; n/a           ; n/a             ; n/a         ;
; VGA_BLUE_O[0]           ; 3.3-V LVTTL  ; 0 in              ; 0 H/in                  ; 0 F/in                  ; short         ; -                   ; open           ; open             ; open   ; 0 in             ; 0 H/in                 ; 0 F/in                 ; short        ; open          ; open            ; open  ; 0 V                 ; -                  ; n/a           ; n/a             ; n/a         ;
; VGA_BLUE_O[1]           ; 3.3-V LVTTL  ; 0 in              ; 0 H/in                  ; 0 F/in                  ; short         ; -                   ; open           ; open             ; open   ; 0 in             ; 0 H/in                 ; 0 F/in                 ; short        ; open          ; open            ; open  ; 0 V                 ; -                  ; n/a           ; n/a             ; n/a         ;
; VGA_BLUE_O[2]           ; 3.3-V LVTTL  ; 0 in              ; 0 H/in                  ; 0 F/in                  ; short         ; -                   ; open           ; open             ; open   ; 0 in             ; 0 H/in                 ; 0 F/in                 ; short        ; open          ; open            ; open  ; 0 V                 ; -                  ; n/a           ; n/a             ; n/a         ;
; VGA_BLUE_O[3]           ; 3.3-V LVTTL  ; 0 in              ; 0 H/in                  ; 0 F/in                  ; short         ; -                   ; open           ; open             ; open   ; 0 in             ; 0 H/in                 ; 0 F/in                 ; short        ; open          ; open            ; open  ; 0 V                 ; -                  ; n/a           ; n/a             ; n/a         ;
; VGA_BLUE_O[4]           ; 3.3-V LVTTL  ; 0 in              ; 0 H/in                  ; 0 F/in                  ; short         ; -                   ; open           ; open             ; open   ; 0 in             ; 0 H/in                 ; 0 F/in                 ; short        ; open          ; open            ; open  ; 0 V                 ; -                  ; n/a           ; n/a             ; n/a         ;
; VGA_BLUE_O[5]           ; 3.3-V LVTTL  ; 0 in              ; 0 H/in                  ; 0 F/in                  ; short         ; -                   ; open           ; open             ; open   ; 0 in             ; 0 H/in                 ; 0 F/in                 ; short        ; open          ; open            ; open  ; 0 V                 ; -                  ; n/a           ; n/a             ; n/a         ;
; VGA_BLUE_O[6]           ; 3.3-V LVTTL  ; 0 in              ; 0 H/in                  ; 0 F/in                  ; short         ; -                   ; open           ; open             ; open   ; 0 in             ; 0 H/in                 ; 0 F/in                 ; short        ; open          ; open            ; open  ; 0 V                 ; -                  ; n/a           ; n/a             ; n/a         ;
; VGA_BLUE_O[7]           ; 3.3-V LVTTL  ; 0 in              ; 0 H/in                  ; 0 F/in                  ; short         ; -                   ; open           ; open             ; open   ; 0 in             ; 0 H/in                 ; 0 F/in                 ; short        ; open          ; open            ; open  ; 0 V                 ; -                  ; n/a           ; n/a             ; n/a         ;
; SRAM_ADDRESS_O[0]       ; 3.3-V LVTTL  ; 0 in              ; 0 H/in                  ; 0 F/in                  ; short         ; -                   ; open           ; open             ; open   ; 0 in             ; 0 H/in                 ; 0 F/in                 ; short        ; open          ; open            ; open  ; 0 V                 ; -                  ; n/a           ; n/a             ; n/a         ;
; SRAM_ADDRESS_O[1]       ; 3.3-V LVTTL  ; 0 in              ; 0 H/in                  ; 0 F/in                  ; short         ; -                   ; open           ; open             ; open   ; 0 in             ; 0 H/in                 ; 0 F/in                 ; short        ; open          ; open            ; open  ; 0 V                 ; -                  ; n/a           ; n/a             ; n/a         ;
; SRAM_ADDRESS_O[2]       ; 3.3-V LVTTL  ; 0 in              ; 0 H/in                  ; 0 F/in                  ; short         ; -                   ; open           ; open             ; open   ; 0 in             ; 0 H/in                 ; 0 F/in                 ; short        ; open          ; open            ; open  ; 0 V                 ; -                  ; n/a           ; n/a             ; n/a         ;
; SRAM_ADDRESS_O[3]       ; 3.3-V LVTTL  ; 0 in              ; 0 H/in                  ; 0 F/in                  ; short         ; -                   ; open           ; open             ; open   ; 0 in             ; 0 H/in                 ; 0 F/in                 ; short        ; open          ; open            ; open  ; 0 V                 ; -                  ; n/a           ; n/a             ; n/a         ;
; SRAM_ADDRESS_O[4]       ; 3.3-V LVTTL  ; 0 in              ; 0 H/in                  ; 0 F/in                  ; short         ; -                   ; open           ; open             ; open   ; 0 in             ; 0 H/in                 ; 0 F/in                 ; short        ; open          ; open            ; open  ; 0 V                 ; -                  ; n/a           ; n/a             ; n/a         ;
; SRAM_ADDRESS_O[5]       ; 3.3-V LVTTL  ; 0 in              ; 0 H/in                  ; 0 F/in                  ; short         ; -                   ; open           ; open             ; open   ; 0 in             ; 0 H/in                 ; 0 F/in                 ; short        ; open          ; open            ; open  ; 0 V                 ; -                  ; n/a           ; n/a             ; n/a         ;
; SRAM_ADDRESS_O[6]       ; 3.3-V LVTTL  ; 0 in              ; 0 H/in                  ; 0 F/in                  ; short         ; -                   ; open           ; open             ; open   ; 0 in             ; 0 H/in                 ; 0 F/in                 ; short        ; open          ; open            ; open  ; 0 V                 ; -                  ; n/a           ; n/a             ; n/a         ;
; SRAM_ADDRESS_O[7]       ; 3.3-V LVTTL  ; 0 in              ; 0 H/in                  ; 0 F/in                  ; short         ; -                   ; open           ; open             ; open   ; 0 in             ; 0 H/in                 ; 0 F/in                 ; short        ; open          ; open            ; open  ; 0 V                 ; -                  ; n/a           ; n/a             ; n/a         ;
; SRAM_ADDRESS_O[8]       ; 3.3-V LVTTL  ; 0 in              ; 0 H/in                  ; 0 F/in                  ; short         ; -                   ; open           ; open             ; open   ; 0 in             ; 0 H/in                 ; 0 F/in                 ; short        ; open          ; open            ; open  ; 0 V                 ; -                  ; n/a           ; n/a             ; n/a         ;
; SRAM_ADDRESS_O[9]       ; 3.3-V LVTTL  ; 0 in              ; 0 H/in                  ; 0 F/in                  ; short         ; -                   ; open           ; open             ; open   ; 0 in             ; 0 H/in                 ; 0 F/in                 ; short        ; open          ; open            ; open  ; 0 V                 ; -                  ; n/a           ; n/a             ; n/a         ;
; SRAM_ADDRESS_O[10]      ; 3.3-V LVTTL  ; 0 in              ; 0 H/in                  ; 0 F/in                  ; short         ; -                   ; open           ; open             ; open   ; 0 in             ; 0 H/in                 ; 0 F/in                 ; short        ; open          ; open            ; open  ; 0 V                 ; -                  ; n/a           ; n/a             ; n/a         ;
; SRAM_ADDRESS_O[11]      ; 3.3-V LVTTL  ; 0 in              ; 0 H/in                  ; 0 F/in                  ; short         ; -                   ; open           ; open             ; open   ; 0 in             ; 0 H/in                 ; 0 F/in                 ; short        ; open          ; open            ; open  ; 0 V                 ; -                  ; n/a           ; n/a             ; n/a         ;
; SRAM_ADDRESS_O[12]      ; 3.3-V LVTTL  ; 0 in              ; 0 H/in                  ; 0 F/in                  ; short         ; -                   ; open           ; open             ; open   ; 0 in             ; 0 H/in                 ; 0 F/in                 ; short        ; open          ; open            ; open  ; 0 V                 ; -                  ; n/a           ; n/a             ; n/a         ;
; SRAM_ADDRESS_O[13]      ; 3.3-V LVTTL  ; 0 in              ; 0 H/in                  ; 0 F/in                  ; short         ; -                   ; open           ; open             ; open   ; 0 in             ; 0 H/in                 ; 0 F/in                 ; short        ; open          ; open            ; open  ; 0 V                 ; -                  ; n/a           ; n/a             ; n/a         ;
; SRAM_ADDRESS_O[14]      ; 3.3-V LVTTL  ; 0 in              ; 0 H/in                  ; 0 F/in                  ; short         ; -                   ; open           ; open             ; open   ; 0 in             ; 0 H/in                 ; 0 F/in                 ; short        ; open          ; open            ; open  ; 0 V                 ; -                  ; n/a           ; n/a             ; n/a         ;
; SRAM_ADDRESS_O[15]      ; 3.3-V LVTTL  ; 0 in              ; 0 H/in                  ; 0 F/in                  ; short         ; -                   ; open           ; open             ; open   ; 0 in             ; 0 H/in                 ; 0 F/in                 ; short        ; open          ; open            ; open  ; 0 V                 ; -                  ; n/a           ; n/a             ; n/a         ;
; SRAM_ADDRESS_O[16]      ; 3.3-V LVTTL  ; 0 in              ; 0 H/in                  ; 0 F/in                  ; short         ; -                   ; open           ; open             ; open   ; 0 in             ; 0 H/in                 ; 0 F/in                 ; short        ; open          ; open            ; open  ; 0 V                 ; -                  ; n/a           ; n/a             ; n/a         ;
; SRAM_ADDRESS_O[17]      ; 3.3-V LVTTL  ; 0 in              ; 0 H/in                  ; 0 F/in                  ; short         ; -                   ; open           ; open             ; open   ; 0 in             ; 0 H/in                 ; 0 F/in                 ; short        ; open          ; open            ; open  ; 0 V                 ; -                  ; n/a           ; n/a             ; n/a         ;
; SRAM_ADDRESS_O[18]      ; 3.3-V LVTTL  ; 0 in              ; 0 H/in                  ; 0 F/in                  ; short         ; -                   ; open           ; open             ; open   ; 0 in             ; 0 H/in                 ; 0 F/in                 ; short        ; open          ; open            ; open  ; 0 V                 ; -                  ; n/a           ; n/a             ; n/a         ;
; SRAM_ADDRESS_O[19]      ; 3.3-V LVTTL  ; 0 in              ; 0 H/in                  ; 0 F/in                  ; short         ; -                   ; open           ; open             ; open   ; 0 in             ; 0 H/in                 ; 0 F/in                 ; short        ; open          ; open            ; open  ; 0 V                 ; -                  ; n/a           ; n/a             ; n/a         ;
; SRAM_UB_N_O             ; 3.3-V LVTTL  ; 0 in              ; 0 H/in                  ; 0 F/in                  ; short         ; -                   ; open           ; open             ; open   ; 0 in             ; 0 H/in                 ; 0 F/in                 ; short        ; open          ; open            ; open  ; 0 V                 ; -                  ; n/a           ; n/a             ; n/a         ;
; SRAM_LB_N_O             ; 3.3-V LVTTL  ; 0 in              ; 0 H/in                  ; 0 F/in                  ; short         ; -                   ; open           ; open             ; open   ; 0 in             ; 0 H/in                 ; 0 F/in                 ; short        ; open          ; open            ; open  ; 0 V                 ; -                  ; n/a           ; n/a             ; n/a         ;
; SRAM_WE_N_O             ; 3.3-V LVTTL  ; 0 in              ; 0 H/in                  ; 0 F/in                  ; short         ; -                   ; open           ; open             ; open   ; 0 in             ; 0 H/in                 ; 0 F/in                 ; short        ; open          ; open            ; open  ; 0 V                 ; -                  ; n/a           ; n/a             ; n/a         ;
; SRAM_CE_N_O             ; 3.3-V LVTTL  ; 0 in              ; 0 H/in                  ; 0 F/in                  ; short         ; -                   ; open           ; open             ; open   ; 0 in             ; 0 H/in                 ; 0 F/in                 ; short        ; open          ; open            ; open  ; 0 V                 ; -                  ; n/a           ; n/a             ; n/a         ;
; SRAM_OE_N_O             ; 3.3-V LVTTL  ; 0 in              ; 0 H/in                  ; 0 F/in                  ; short         ; -                   ; open           ; open             ; open   ; 0 in             ; 0 H/in                 ; 0 F/in                 ; short        ; open          ; open            ; open  ; 0 V                 ; -                  ; n/a           ; n/a             ; n/a         ;
; UART_TX_O               ; 3.3-V LVTTL  ; 0 in              ; 0 H/in                  ; 0 F/in                  ; short         ; -                   ; open           ; open             ; open   ; 0 in             ; 0 H/in                 ; 0 F/in                 ; short        ; open          ; open            ; open  ; 0 V                 ; -                  ; n/a           ; n/a             ; n/a         ;
; SRAM_DATA_IO[0]         ; 3.3-V LVTTL  ; 0 in              ; 0 H/in                  ; 0 F/in                  ; short         ; -                   ; open           ; open             ; open   ; 0 in             ; 0 H/in                 ; 0 F/in                 ; short        ; open          ; open            ; open  ; 0 V                 ; -                  ; n/a           ; n/a             ; n/a         ;
; SRAM_DATA_IO[1]         ; 3.3-V LVTTL  ; 0 in              ; 0 H/in                  ; 0 F/in                  ; short         ; -                   ; open           ; open             ; open   ; 0 in             ; 0 H/in                 ; 0 F/in                 ; short        ; open          ; open            ; open  ; 0 V                 ; -                  ; n/a           ; n/a             ; n/a         ;
; SRAM_DATA_IO[2]         ; 3.3-V LVTTL  ; 0 in              ; 0 H/in                  ; 0 F/in                  ; short         ; -                   ; open           ; open             ; open   ; 0 in             ; 0 H/in                 ; 0 F/in                 ; short        ; open          ; open            ; open  ; 0 V                 ; -                  ; n/a           ; n/a             ; n/a         ;
; SRAM_DATA_IO[3]         ; 3.3-V LVTTL  ; 0 in              ; 0 H/in                  ; 0 F/in                  ; short         ; -                   ; open           ; open             ; open   ; 0 in             ; 0 H/in                 ; 0 F/in                 ; short        ; open          ; open            ; open  ; 0 V                 ; -                  ; n/a           ; n/a             ; n/a         ;
; SRAM_DATA_IO[4]         ; 3.3-V LVTTL  ; 0 in              ; 0 H/in                  ; 0 F/in                  ; short         ; -                   ; open           ; open             ; open   ; 0 in             ; 0 H/in                 ; 0 F/in                 ; short        ; open          ; open            ; open  ; 0 V                 ; -                  ; n/a           ; n/a             ; n/a         ;
; SRAM_DATA_IO[5]         ; 3.3-V LVTTL  ; 0 in              ; 0 H/in                  ; 0 F/in                  ; short         ; -                   ; open           ; open             ; open   ; 0 in             ; 0 H/in                 ; 0 F/in                 ; short        ; open          ; open            ; open  ; 0 V                 ; -                  ; n/a           ; n/a             ; n/a         ;
; SRAM_DATA_IO[6]         ; 3.3-V LVTTL  ; 0 in              ; 0 H/in                  ; 0 F/in                  ; short         ; -                   ; open           ; open             ; open   ; 0 in             ; 0 H/in                 ; 0 F/in                 ; short        ; open          ; open            ; open  ; 0 V                 ; -                  ; n/a           ; n/a             ; n/a         ;
; SRAM_DATA_IO[7]         ; 3.3-V LVTTL  ; 0 in              ; 0 H/in                  ; 0 F/in                  ; short         ; -                   ; open           ; open             ; open   ; 0 in             ; 0 H/in                 ; 0 F/in                 ; short        ; open          ; open            ; open  ; 0 V                 ; -                  ; n/a           ; n/a             ; n/a         ;
; SRAM_DATA_IO[8]         ; 3.3-V LVTTL  ; 0 in              ; 0 H/in                  ; 0 F/in                  ; short         ; -                   ; open           ; open             ; open   ; 0 in             ; 0 H/in                 ; 0 F/in                 ; short        ; open          ; open            ; open  ; 0 V                 ; -                  ; n/a           ; n/a             ; n/a         ;
; SRAM_DATA_IO[9]         ; 3.3-V LVTTL  ; 0 in              ; 0 H/in                  ; 0 F/in                  ; short         ; -                   ; open           ; open             ; open   ; 0 in             ; 0 H/in                 ; 0 F/in                 ; short        ; open          ; open            ; open  ; 0 V                 ; -                  ; n/a           ; n/a             ; n/a         ;
; SRAM_DATA_IO[10]        ; 3.3-V LVTTL  ; 0 in              ; 0 H/in                  ; 0 F/in                  ; short         ; -                   ; open           ; open             ; open   ; 0 in             ; 0 H/in                 ; 0 F/in                 ; short        ; open          ; open            ; open  ; 0 V                 ; -                  ; n/a           ; n/a             ; n/a         ;
; SRAM_DATA_IO[11]        ; 3.3-V LVTTL  ; 0 in              ; 0 H/in                  ; 0 F/in                  ; short         ; -                   ; open           ; open             ; open   ; 0 in             ; 0 H/in                 ; 0 F/in                 ; short        ; open          ; open            ; open  ; 0 V                 ; -                  ; n/a           ; n/a             ; n/a         ;
; SRAM_DATA_IO[12]        ; 3.3-V LVTTL  ; 0 in              ; 0 H/in                  ; 0 F/in                  ; short         ; -                   ; open           ; open             ; open   ; 0 in             ; 0 H/in                 ; 0 F/in                 ; short        ; open          ; open            ; open  ; 0 V                 ; -                  ; n/a           ; n/a             ; n/a         ;
; SRAM_DATA_IO[13]        ; 3.3-V LVTTL  ; 0 in              ; 0 H/in                  ; 0 F/in                  ; short         ; -                   ; open           ; open             ; open   ; 0 in             ; 0 H/in                 ; 0 F/in                 ; short        ; open          ; open            ; open  ; 0 V                 ; -                  ; n/a           ; n/a             ; n/a         ;
; SRAM_DATA_IO[14]        ; 3.3-V LVTTL  ; 0 in              ; 0 H/in                  ; 0 F/in                  ; short         ; -                   ; open           ; open             ; open   ; 0 in             ; 0 H/in                 ; 0 F/in                 ; short        ; open          ; open            ; open  ; 0 V                 ; -                  ; n/a           ; n/a             ; n/a         ;
; SRAM_DATA_IO[15]        ; 3.3-V LVTTL  ; 0 in              ; 0 H/in                  ; 0 F/in                  ; short         ; -                   ; open           ; open             ; open   ; 0 in             ; 0 H/in                 ; 0 F/in                 ; short        ; open          ; open            ; open  ; 0 V                 ; -                  ; n/a           ; n/a             ; n/a         ;
; ~ALTERA_DCLK~           ; 2.5 V        ; 0 in              ; 0 H/in                  ; 0 F/in                  ; short         ; -                   ; open           ; open             ; open   ; 0 in             ; 0 H/in                 ; 0 F/in                 ; short        ; open          ; open            ; open  ; 0 V                 ; -                  ; n/a           ; n/a             ; n/a         ;
; ~ALTERA_nCEO~           ; 2.5 V        ; 0 in              ; 0 H/in                  ; 0 F/in                  ; short         ; -                   ; open           ; open             ; open   ; 0 in             ; 0 H/in                 ; 0 F/in                 ; short        ; open          ; open            ; open  ; 0 V                 ; -                  ; n/a           ; n/a             ; n/a         ;
+-------------------------+--------------+-------------------+-------------------------+-------------------------+---------------+---------------------+----------------+------------------+--------+------------------+------------------------+------------------------+--------------+---------------+-----------------+-------+---------------------+--------------------+---------------+-----------------+-------------+


+----------------------------------------------------------------------------+
; Input Transition Times                                                     ;
+-------------------------+--------------+-----------------+-----------------+
; Pin                     ; I/O Standard ; 10-90 Rise Time ; 90-10 Fall Time ;
+-------------------------+--------------+-----------------+-----------------+
; SWITCH_I[0]             ; 2.5 V        ; 2000 ps         ; 2000 ps         ;
; SWITCH_I[1]             ; 2.5 V        ; 2000 ps         ; 2000 ps         ;
; SWITCH_I[2]             ; 2.5 V        ; 2000 ps         ; 2000 ps         ;
; SWITCH_I[3]             ; 2.5 V        ; 2000 ps         ; 2000 ps         ;
; SWITCH_I[4]             ; 2.5 V        ; 2000 ps         ; 2000 ps         ;
; SWITCH_I[5]             ; 2.5 V        ; 2000 ps         ; 2000 ps         ;
; SWITCH_I[6]             ; 2.5 V        ; 2000 ps         ; 2000 ps         ;
; SWITCH_I[7]             ; 2.5 V        ; 2000 ps         ; 2000 ps         ;
; SWITCH_I[8]             ; 2.5 V        ; 2000 ps         ; 2000 ps         ;
; SWITCH_I[9]             ; 2.5 V        ; 2000 ps         ; 2000 ps         ;
; SWITCH_I[10]            ; 2.5 V        ; 2000 ps         ; 2000 ps         ;
; SWITCH_I[11]            ; 2.5 V        ; 2000 ps         ; 2000 ps         ;
; SWITCH_I[12]            ; 2.5 V        ; 2000 ps         ; 2000 ps         ;
; SWITCH_I[13]            ; 2.5 V        ; 2000 ps         ; 2000 ps         ;
; SWITCH_I[14]            ; 2.5 V        ; 2000 ps         ; 2000 ps         ;
; SWITCH_I[15]            ; 2.5 V        ; 2000 ps         ; 2000 ps         ;
; SWITCH_I[16]            ; 2.5 V        ; 2000 ps         ; 2000 ps         ;
; SRAM_DATA_IO[0]         ; 3.3-V LVTTL  ; 2640 ps         ; 2640 ps         ;
; SRAM_DATA_IO[1]         ; 3.3-V LVTTL  ; 2640 ps         ; 2640 ps         ;
; SRAM_DATA_IO[2]         ; 3.3-V LVTTL  ; 2640 ps         ; 2640 ps         ;
; SRAM_DATA_IO[3]         ; 3.3-V LVTTL  ; 2640 ps         ; 2640 ps         ;
; SRAM_DATA_IO[4]         ; 3.3-V LVTTL  ; 2640 ps         ; 2640 ps         ;
; SRAM_DATA_IO[5]         ; 3.3-V LVTTL  ; 2640 ps         ; 2640 ps         ;
; SRAM_DATA_IO[6]         ; 3.3-V LVTTL  ; 2640 ps         ; 2640 ps         ;
; SRAM_DATA_IO[7]         ; 3.3-V LVTTL  ; 2640 ps         ; 2640 ps         ;
; SRAM_DATA_IO[8]         ; 3.3-V LVTTL  ; 2640 ps         ; 2640 ps         ;
; SRAM_DATA_IO[9]         ; 3.3-V LVTTL  ; 2640 ps         ; 2640 ps         ;
; SRAM_DATA_IO[10]        ; 3.3-V LVTTL  ; 2640 ps         ; 2640 ps         ;
; SRAM_DATA_IO[11]        ; 3.3-V LVTTL  ; 2640 ps         ; 2640 ps         ;
; SRAM_DATA_IO[12]        ; 3.3-V LVTTL  ; 2640 ps         ; 2640 ps         ;
; SRAM_DATA_IO[13]        ; 3.3-V LVTTL  ; 2640 ps         ; 2640 ps         ;
; SRAM_DATA_IO[14]        ; 3.3-V LVTTL  ; 2640 ps         ; 2640 ps         ;
; SRAM_DATA_IO[15]        ; 3.3-V LVTTL  ; 2640 ps         ; 2640 ps         ;
; SWITCH_I[17]            ; 2.5 V        ; 2000 ps         ; 2000 ps         ;
; CLOCK_50_I              ; 2.5 V        ; 2000 ps         ; 2000 ps         ;
; UART_RX_I               ; 3.3-V LVTTL  ; 2640 ps         ; 2640 ps         ;
; PUSH_BUTTON_N_I[0]      ; 2.5 V        ; 2000 ps         ; 2000 ps         ;
; PUSH_BUTTON_N_I[1]      ; 2.5 V        ; 2000 ps         ; 2000 ps         ;
; PUSH_BUTTON_N_I[2]      ; 2.5 V        ; 2000 ps         ; 2000 ps         ;
; PUSH_BUTTON_N_I[3]      ; 2.5 V        ; 2000 ps         ; 2000 ps         ;
; ~ALTERA_ASDO_DATA1~     ; 2.5 V        ; 2000 ps         ; 2000 ps         ;
; ~ALTERA_FLASH_nCE_nCSO~ ; 2.5 V        ; 2000 ps         ; 2000 ps         ;
; ~ALTERA_DATA0~          ; 2.5 V        ; 2000 ps         ; 2000 ps         ;
+-------------------------+--------------+-----------------+-----------------+


+------------------------------------------------------------------------------------------------------------------------------------------------------------------------------------------------------------------------------------------------------------------------------------------------------------------------------------------------------------------------------------------------------------------------------------------------------------------------------------------------------------------------------------------------------------------------------------------------------------------------------------------------------------------------------------------------------+
; Signal Integrity Metrics (Slow 1200mv 0c Model)                                                                                                                                                                                                                                                                                                                                                                                                                                                                                                                                                                                                                                                      ;
+-------------------------+--------------+---------------------+---------------------+------------------------------+------------------------------+---------------------+---------------------+--------------------------------------+--------------------------------------+-----------------------------+-----------------------------+----------------------------+----------------------------+-----------------------------+-----------------------------+--------------------+--------------------+-------------------------------------+-------------------------------------+----------------------------+----------------------------+---------------------------+---------------------------+
; Pin                     ; I/O Standard ; Board Delay on Rise ; Board Delay on Fall ; Steady State Voh at FPGA Pin ; Steady State Vol at FPGA Pin ; Voh Max at FPGA Pin ; Vol Min at FPGA Pin ; Ringback Voltage on Rise at FPGA Pin ; Ringback Voltage on Fall at FPGA Pin ; 10-90 Rise Time at FPGA Pin ; 90-10 Fall Time at FPGA Pin ; Monotonic Rise at FPGA Pin ; Monotonic Fall at FPGA Pin ; Steady State Voh at Far-end ; Steady State Vol at Far-end ; Voh Max at Far-end ; Vol Min at Far-end ; Ringback Voltage on Rise at Far-end ; Ringback Voltage on Fall at Far-end ; 10-90 Rise Time at Far-end ; 90-10 Fall Time at Far-end ; Monotonic Rise at Far-end ; Monotonic Fall at Far-end ;
+-------------------------+--------------+---------------------+---------------------+------------------------------+------------------------------+---------------------+---------------------+--------------------------------------+--------------------------------------+-----------------------------+-----------------------------+----------------------------+----------------------------+-----------------------------+-----------------------------+--------------------+--------------------+-------------------------------------+-------------------------------------+----------------------------+----------------------------+---------------------------+---------------------------+
; SEVEN_SEGMENT_N_O[0][0] ; 2.5 V        ; 0 s                 ; 0 s                 ; 2.32 V                       ; 5.97e-09 V                   ; 2.38 V              ; -0.0182 V           ; 0.206 V                              ; 0.041 V                              ; 3.07e-10 s                  ; 4.5e-10 s                   ; Yes                        ; Yes                        ; 2.32 V                      ; 5.97e-09 V                  ; 2.38 V             ; -0.0182 V          ; 0.206 V                             ; 0.041 V                             ; 3.07e-10 s                 ; 4.5e-10 s                  ; Yes                       ; Yes                       ;
; SEVEN_SEGMENT_N_O[0][1] ; 2.5 V        ; 0 s                 ; 0 s                 ; 2.32 V                       ; 5.97e-09 V                   ; 2.33 V              ; -0.00219 V          ; 0.227 V                              ; 0.048 V                              ; 2.69e-09 s                  ; 3.44e-09 s                  ; Yes                        ; Yes                        ; 2.32 V                      ; 5.97e-09 V                  ; 2.33 V             ; -0.00219 V         ; 0.227 V                             ; 0.048 V                             ; 2.69e-09 s                 ; 3.44e-09 s                 ; Yes                       ; Yes                       ;
; SEVEN_SEGMENT_N_O[0][2] ; 2.5 V        ; 0 s                 ; 0 s                 ; 2.32 V                       ; 5.97e-09 V                   ; 2.38 V              ; -0.0182 V           ; 0.206 V                              ; 0.041 V                              ; 3.07e-10 s                  ; 4.5e-10 s                   ; Yes                        ; Yes                        ; 2.32 V                      ; 5.97e-09 V                  ; 2.38 V             ; -0.0182 V          ; 0.206 V                             ; 0.041 V                             ; 3.07e-10 s                 ; 4.5e-10 s                  ; Yes                       ; Yes                       ;
; SEVEN_SEGMENT_N_O[0][3] ; 2.5 V        ; 0 s                 ; 0 s                 ; 2.32 V                       ; 4.18e-09 V                   ; 2.38 V              ; -0.0144 V           ; 0.183 V                              ; 0.036 V                              ; 2.95e-10 s                  ; 4.35e-10 s                  ; Yes                        ; Yes                        ; 2.32 V                      ; 4.18e-09 V                  ; 2.38 V             ; -0.0144 V          ; 0.183 V                             ; 0.036 V                             ; 2.95e-10 s                 ; 4.35e-10 s                 ; Yes                       ; Yes                       ;
; SEVEN_SEGMENT_N_O[0][4] ; 2.5 V        ; 0 s                 ; 0 s                 ; 2.32 V                       ; 4.18e-09 V                   ; 2.38 V              ; -0.0144 V           ; 0.183 V                              ; 0.036 V                              ; 2.95e-10 s                  ; 4.35e-10 s                  ; Yes                        ; Yes                        ; 2.32 V                      ; 4.18e-09 V                  ; 2.38 V             ; -0.0144 V          ; 0.183 V                             ; 0.036 V                             ; 2.95e-10 s                 ; 4.35e-10 s                 ; Yes                       ; Yes                       ;
; SEVEN_SEGMENT_N_O[0][5] ; 2.5 V        ; 0 s                 ; 0 s                 ; 2.32 V                       ; 4.18e-09 V                   ; 2.33 V              ; -0.00212 V          ; 0.17 V                               ; 0.047 V                              ; 2.67e-09 s                  ; 3.43e-09 s                  ; Yes                        ; Yes                        ; 2.32 V                      ; 4.18e-09 V                  ; 2.33 V             ; -0.00212 V         ; 0.17 V                              ; 0.047 V                             ; 2.67e-09 s                 ; 3.43e-09 s                 ; Yes                       ; Yes                       ;
; SEVEN_SEGMENT_N_O[0][6] ; 2.5 V        ; 0 s                 ; 0 s                 ; 2.32 V                       ; 4.18e-09 V                   ; 2.38 V              ; -0.0144 V           ; 0.183 V                              ; 0.036 V                              ; 2.95e-10 s                  ; 4.35e-10 s                  ; Yes                        ; Yes                        ; 2.32 V                      ; 4.18e-09 V                  ; 2.38 V             ; -0.0144 V          ; 0.183 V                             ; 0.036 V                             ; 2.95e-10 s                 ; 4.35e-10 s                 ; Yes                       ; Yes                       ;
; SEVEN_SEGMENT_N_O[1][0] ; 2.5 V        ; 0 s                 ; 0 s                 ; 2.32 V                       ; 4.18e-09 V                   ; 2.38 V              ; -0.0144 V           ; 0.183 V                              ; 0.036 V                              ; 2.95e-10 s                  ; 4.35e-10 s                  ; Yes                        ; Yes                        ; 2.32 V                      ; 4.18e-09 V                  ; 2.38 V             ; -0.0144 V          ; 0.183 V                             ; 0.036 V                             ; 2.95e-10 s                 ; 4.35e-10 s                 ; Yes                       ; Yes                       ;
; SEVEN_SEGMENT_N_O[1][1] ; 2.5 V        ; 0 s                 ; 0 s                 ; 2.32 V                       ; 4.18e-09 V                   ; 2.38 V              ; -0.00483 V          ; 0.152 V                              ; 0.012 V                              ; 4.81e-10 s                  ; 6.29e-10 s                  ; Yes                        ; Yes                        ; 2.32 V                      ; 4.18e-09 V                  ; 2.38 V             ; -0.00483 V         ; 0.152 V                             ; 0.012 V                             ; 4.81e-10 s                 ; 6.29e-10 s                 ; Yes                       ; Yes                       ;
; SEVEN_SEGMENT_N_O[1][2] ; 2.5 V        ; 0 s                 ; 0 s                 ; 2.32 V                       ; 4.18e-09 V                   ; 2.38 V              ; -0.00483 V          ; 0.152 V                              ; 0.012 V                              ; 4.81e-10 s                  ; 6.29e-10 s                  ; Yes                        ; Yes                        ; 2.32 V                      ; 4.18e-09 V                  ; 2.38 V             ; -0.00483 V         ; 0.152 V                             ; 0.012 V                             ; 4.81e-10 s                 ; 6.29e-10 s                 ; Yes                       ; Yes                       ;
; SEVEN_SEGMENT_N_O[1][3] ; 2.5 V        ; 0 s                 ; 0 s                 ; 2.32 V                       ; 4.18e-09 V                   ; 2.38 V              ; -0.00483 V          ; 0.152 V                              ; 0.012 V                              ; 4.81e-10 s                  ; 6.29e-10 s                  ; Yes                        ; Yes                        ; 2.32 V                      ; 4.18e-09 V                  ; 2.38 V             ; -0.00483 V         ; 0.152 V                             ; 0.012 V                             ; 4.81e-10 s                 ; 6.29e-10 s                 ; Yes                       ; Yes                       ;
; SEVEN_SEGMENT_N_O[1][4] ; 2.5 V        ; 0 s                 ; 0 s                 ; 2.32 V                       ; 4.18e-09 V                   ; 2.38 V              ; -0.00483 V          ; 0.152 V                              ; 0.012 V                              ; 4.81e-10 s                  ; 6.29e-10 s                  ; Yes                        ; Yes                        ; 2.32 V                      ; 4.18e-09 V                  ; 2.38 V             ; -0.00483 V         ; 0.152 V                             ; 0.012 V                             ; 4.81e-10 s                 ; 6.29e-10 s                 ; Yes                       ; Yes                       ;
; SEVEN_SEGMENT_N_O[1][5] ; 2.5 V        ; 0 s                 ; 0 s                 ; 2.32 V                       ; 4.18e-09 V                   ; 2.33 V              ; -0.00212 V          ; 0.17 V                               ; 0.047 V                              ; 2.67e-09 s                  ; 3.43e-09 s                  ; Yes                        ; Yes                        ; 2.32 V                      ; 4.18e-09 V                  ; 2.33 V             ; -0.00212 V         ; 0.17 V                              ; 0.047 V                             ; 2.67e-09 s                 ; 3.43e-09 s                 ; Yes                       ; Yes                       ;
; SEVEN_SEGMENT_N_O[1][6] ; 2.5 V        ; 0 s                 ; 0 s                 ; 2.32 V                       ; 4.18e-09 V                   ; 2.33 V              ; -0.00212 V          ; 0.17 V                               ; 0.047 V                              ; 2.67e-09 s                  ; 3.43e-09 s                  ; Yes                        ; Yes                        ; 2.32 V                      ; 4.18e-09 V                  ; 2.33 V             ; -0.00212 V         ; 0.17 V                              ; 0.047 V                             ; 2.67e-09 s                 ; 3.43e-09 s                 ; Yes                       ; Yes                       ;
; SEVEN_SEGMENT_N_O[2][0] ; 2.5 V        ; 0 s                 ; 0 s                 ; 2.32 V                       ; 4.18e-09 V                   ; 2.38 V              ; -0.00483 V          ; 0.152 V                              ; 0.012 V                              ; 4.81e-10 s                  ; 6.29e-10 s                  ; Yes                        ; Yes                        ; 2.32 V                      ; 4.18e-09 V                  ; 2.38 V             ; -0.00483 V         ; 0.152 V                             ; 0.012 V                             ; 4.81e-10 s                 ; 6.29e-10 s                 ; Yes                       ; Yes                       ;
; SEVEN_SEGMENT_N_O[2][1] ; 2.5 V        ; 0 s                 ; 0 s                 ; 2.32 V                       ; 4.18e-09 V                   ; 2.38 V              ; -0.00483 V          ; 0.152 V                              ; 0.012 V                              ; 4.81e-10 s                  ; 6.29e-10 s                  ; Yes                        ; Yes                        ; 2.32 V                      ; 4.18e-09 V                  ; 2.38 V             ; -0.00483 V         ; 0.152 V                             ; 0.012 V                             ; 4.81e-10 s                 ; 6.29e-10 s                 ; Yes                       ; Yes                       ;
; SEVEN_SEGMENT_N_O[2][2] ; 2.5 V        ; 0 s                 ; 0 s                 ; 2.32 V                       ; 4.18e-09 V                   ; 2.38 V              ; -0.00483 V          ; 0.152 V                              ; 0.012 V                              ; 4.81e-10 s                  ; 6.29e-10 s                  ; Yes                        ; Yes                        ; 2.32 V                      ; 4.18e-09 V                  ; 2.38 V             ; -0.00483 V         ; 0.152 V                             ; 0.012 V                             ; 4.81e-10 s                 ; 6.29e-10 s                 ; Yes                       ; Yes                       ;
; SEVEN_SEGMENT_N_O[2][3] ; 2.5 V        ; 0 s                 ; 0 s                 ; 2.32 V                       ; 4.18e-09 V                   ; 2.38 V              ; -0.00483 V          ; 0.152 V                              ; 0.012 V                              ; 4.81e-10 s                  ; 6.29e-10 s                  ; Yes                        ; Yes                        ; 2.32 V                      ; 4.18e-09 V                  ; 2.38 V             ; -0.00483 V         ; 0.152 V                             ; 0.012 V                             ; 4.81e-10 s                 ; 6.29e-10 s                 ; Yes                       ; Yes                       ;
; SEVEN_SEGMENT_N_O[2][4] ; 2.5 V        ; 0 s                 ; 0 s                 ; 2.32 V                       ; 4.18e-09 V                   ; 2.38 V              ; -0.00483 V          ; 0.152 V                              ; 0.012 V                              ; 4.81e-10 s                  ; 6.29e-10 s                  ; Yes                        ; Yes                        ; 2.32 V                      ; 4.18e-09 V                  ; 2.38 V             ; -0.00483 V         ; 0.152 V                             ; 0.012 V                             ; 4.81e-10 s                 ; 6.29e-10 s                 ; Yes                       ; Yes                       ;
; SEVEN_SEGMENT_N_O[2][5] ; 2.5 V        ; 0 s                 ; 0 s                 ; 2.32 V                       ; 4.18e-09 V                   ; 2.38 V              ; -0.00483 V          ; 0.152 V                              ; 0.012 V                              ; 4.81e-10 s                  ; 6.29e-10 s                  ; Yes                        ; Yes                        ; 2.32 V                      ; 4.18e-09 V                  ; 2.38 V             ; -0.00483 V         ; 0.152 V                             ; 0.012 V                             ; 4.81e-10 s                 ; 6.29e-10 s                 ; Yes                       ; Yes                       ;
; SEVEN_SEGMENT_N_O[2][6] ; 2.5 V        ; 0 s                 ; 0 s                 ; 2.32 V                       ; 4.18e-09 V                   ; 2.38 V              ; -0.00483 V          ; 0.152 V                              ; 0.012 V                              ; 4.81e-10 s                  ; 6.29e-10 s                  ; Yes                        ; Yes                        ; 2.32 V                      ; 4.18e-09 V                  ; 2.38 V             ; -0.00483 V         ; 0.152 V                             ; 0.012 V                             ; 4.81e-10 s                 ; 6.29e-10 s                 ; Yes                       ; Yes                       ;
; SEVEN_SEGMENT_N_O[3][0] ; 2.5 V        ; 0 s                 ; 0 s                 ; 2.32 V                       ; 4.18e-09 V                   ; 2.38 V              ; -0.00483 V          ; 0.152 V                              ; 0.012 V                              ; 4.81e-10 s                  ; 6.29e-10 s                  ; Yes                        ; Yes                        ; 2.32 V                      ; 4.18e-09 V                  ; 2.38 V             ; -0.00483 V         ; 0.152 V                             ; 0.012 V                             ; 4.81e-10 s                 ; 6.29e-10 s                 ; Yes                       ; Yes                       ;
; SEVEN_SEGMENT_N_O[3][1] ; 2.5 V        ; 0 s                 ; 0 s                 ; 2.32 V                       ; 4.18e-09 V                   ; 2.38 V              ; -0.0144 V           ; 0.183 V                              ; 0.036 V                              ; 2.95e-10 s                  ; 4.35e-10 s                  ; Yes                        ; Yes                        ; 2.32 V                      ; 4.18e-09 V                  ; 2.38 V             ; -0.0144 V          ; 0.183 V                             ; 0.036 V                             ; 2.95e-10 s                 ; 4.35e-10 s                 ; Yes                       ; Yes                       ;
; SEVEN_SEGMENT_N_O[3][2] ; 3.3-V LVTTL  ; 0 s                 ; 0 s                 ; 3.08 V                       ; 1.58e-08 V                   ; 3.09 V              ; -0.012 V            ; 0.232 V                              ; 0.268 V                              ; 4.75e-09 s                  ; 3.5e-09 s                   ; Yes                        ; No                         ; 3.08 V                      ; 1.58e-08 V                  ; 3.09 V             ; -0.012 V           ; 0.232 V                             ; 0.268 V                             ; 4.75e-09 s                 ; 3.5e-09 s                  ; Yes                       ; No                        ;
; SEVEN_SEGMENT_N_O[3][3] ; 3.3-V LVTTL  ; 0 s                 ; 0 s                 ; 3.08 V                       ; 1.58e-08 V                   ; 3.13 V              ; -0.117 V            ; 0.143 V                              ; 0.259 V                              ; 6.22e-10 s                  ; 4.46e-10 s                  ; No                         ; No                         ; 3.08 V                      ; 1.58e-08 V                  ; 3.13 V             ; -0.117 V           ; 0.143 V                             ; 0.259 V                             ; 6.22e-10 s                 ; 4.46e-10 s                 ; No                        ; No                        ;
; SEVEN_SEGMENT_N_O[3][4] ; 3.3-V LVTTL  ; 0 s                 ; 0 s                 ; 3.08 V                       ; 1.58e-08 V                   ; 3.13 V              ; -0.117 V            ; 0.143 V                              ; 0.259 V                              ; 6.22e-10 s                  ; 4.46e-10 s                  ; No                         ; No                         ; 3.08 V                      ; 1.58e-08 V                  ; 3.13 V             ; -0.117 V           ; 0.143 V                             ; 0.259 V                             ; 6.22e-10 s                 ; 4.46e-10 s                 ; No                        ; No                        ;
; SEVEN_SEGMENT_N_O[3][5] ; 3.3-V LVTTL  ; 0 s                 ; 0 s                 ; 3.08 V                       ; 1.58e-08 V                   ; 3.13 V              ; -0.117 V            ; 0.143 V                              ; 0.259 V                              ; 6.22e-10 s                  ; 4.46e-10 s                  ; No                         ; No                         ; 3.08 V                      ; 1.58e-08 V                  ; 3.13 V             ; -0.117 V           ; 0.143 V                             ; 0.259 V                             ; 6.22e-10 s                 ; 4.46e-10 s                 ; No                        ; No                        ;
; SEVEN_SEGMENT_N_O[3][6] ; 3.3-V LVTTL  ; 0 s                 ; 0 s                 ; 3.08 V                       ; 1.58e-08 V                   ; 3.13 V              ; -0.117 V            ; 0.143 V                              ; 0.259 V                              ; 6.22e-10 s                  ; 4.46e-10 s                  ; No                         ; No                         ; 3.08 V                      ; 1.58e-08 V                  ; 3.13 V             ; -0.117 V           ; 0.143 V                             ; 0.259 V                             ; 6.22e-10 s                 ; 4.46e-10 s                 ; No                        ; No                        ;
; SEVEN_SEGMENT_N_O[4][0] ; 3.3-V LVTTL  ; 0 s                 ; 0 s                 ; 3.08 V                       ; 1.58e-08 V                   ; 3.13 V              ; -0.117 V            ; 0.143 V                              ; 0.259 V                              ; 6.22e-10 s                  ; 4.46e-10 s                  ; No                         ; No                         ; 3.08 V                      ; 1.58e-08 V                  ; 3.13 V             ; -0.117 V           ; 0.143 V                             ; 0.259 V                             ; 6.22e-10 s                 ; 4.46e-10 s                 ; No                        ; No                        ;
; SEVEN_SEGMENT_N_O[4][1] ; 3.3-V LVTTL  ; 0 s                 ; 0 s                 ; 3.08 V                       ; 1.58e-08 V                   ; 3.13 V              ; -0.117 V            ; 0.143 V                              ; 0.259 V                              ; 6.22e-10 s                  ; 4.46e-10 s                  ; No                         ; No                         ; 3.08 V                      ; 1.58e-08 V                  ; 3.13 V             ; -0.117 V           ; 0.143 V                             ; 0.259 V                             ; 6.22e-10 s                 ; 4.46e-10 s                 ; No                        ; No                        ;
; SEVEN_SEGMENT_N_O[4][2] ; 3.3-V LVTTL  ; 0 s                 ; 0 s                 ; 3.08 V                       ; 1.58e-08 V                   ; 3.13 V              ; -0.117 V            ; 0.143 V                              ; 0.259 V                              ; 6.22e-10 s                  ; 4.46e-10 s                  ; No                         ; No                         ; 3.08 V                      ; 1.58e-08 V                  ; 3.13 V             ; -0.117 V           ; 0.143 V                             ; 0.259 V                             ; 6.22e-10 s                 ; 4.46e-10 s                 ; No                        ; No                        ;
; SEVEN_SEGMENT_N_O[4][3] ; 3.3-V LVTTL  ; 0 s                 ; 0 s                 ; 3.08 V                       ; 1.58e-08 V                   ; 3.13 V              ; -0.117 V            ; 0.143 V                              ; 0.259 V                              ; 6.22e-10 s                  ; 4.46e-10 s                  ; No                         ; No                         ; 3.08 V                      ; 1.58e-08 V                  ; 3.13 V             ; -0.117 V           ; 0.143 V                             ; 0.259 V                             ; 6.22e-10 s                 ; 4.46e-10 s                 ; No                        ; No                        ;
; SEVEN_SEGMENT_N_O[4][4] ; 3.3-V LVTTL  ; 0 s                 ; 0 s                 ; 3.08 V                       ; 1.58e-08 V                   ; 3.13 V              ; -0.117 V            ; 0.143 V                              ; 0.259 V                              ; 6.22e-10 s                  ; 4.46e-10 s                  ; No                         ; No                         ; 3.08 V                      ; 1.58e-08 V                  ; 3.13 V             ; -0.117 V           ; 0.143 V                             ; 0.259 V                             ; 6.22e-10 s                 ; 4.46e-10 s                 ; No                        ; No                        ;
; SEVEN_SEGMENT_N_O[4][5] ; 3.3-V LVTTL  ; 0 s                 ; 0 s                 ; 3.08 V                       ; 1.58e-08 V                   ; 3.13 V              ; -0.117 V            ; 0.143 V                              ; 0.259 V                              ; 6.22e-10 s                  ; 4.46e-10 s                  ; No                         ; No                         ; 3.08 V                      ; 1.58e-08 V                  ; 3.13 V             ; -0.117 V           ; 0.143 V                             ; 0.259 V                             ; 6.22e-10 s                 ; 4.46e-10 s                 ; No                        ; No                        ;
; SEVEN_SEGMENT_N_O[4][6] ; 3.3-V LVTTL  ; 0 s                 ; 0 s                 ; 3.08 V                       ; 1.58e-08 V                   ; 3.13 V              ; -0.117 V            ; 0.143 V                              ; 0.259 V                              ; 6.22e-10 s                  ; 4.46e-10 s                  ; No                         ; No                         ; 3.08 V                      ; 1.58e-08 V                  ; 3.13 V             ; -0.117 V           ; 0.143 V                             ; 0.259 V                             ; 6.22e-10 s                 ; 4.46e-10 s                 ; No                        ; No                        ;
; SEVEN_SEGMENT_N_O[5][0] ; 3.3-V LVTTL  ; 0 s                 ; 0 s                 ; 3.08 V                       ; 1.58e-08 V                   ; 3.13 V              ; -0.117 V            ; 0.143 V                              ; 0.259 V                              ; 6.22e-10 s                  ; 4.46e-10 s                  ; No                         ; No                         ; 3.08 V                      ; 1.58e-08 V                  ; 3.13 V             ; -0.117 V           ; 0.143 V                             ; 0.259 V                             ; 6.22e-10 s                 ; 4.46e-10 s                 ; No                        ; No                        ;
; SEVEN_SEGMENT_N_O[5][1] ; 3.3-V LVTTL  ; 0 s                 ; 0 s                 ; 3.08 V                       ; 1.58e-08 V                   ; 3.09 V              ; -0.012 V            ; 0.232 V                              ; 0.268 V                              ; 4.75e-09 s                  ; 3.5e-09 s                   ; Yes                        ; No                         ; 3.08 V                      ; 1.58e-08 V                  ; 3.09 V             ; -0.012 V           ; 0.232 V                             ; 0.268 V                             ; 4.75e-09 s                 ; 3.5e-09 s                  ; Yes                       ; No                        ;
; SEVEN_SEGMENT_N_O[5][2] ; 3.3-V LVTTL  ; 0 s                 ; 0 s                 ; 3.08 V                       ; 1.58e-08 V                   ; 3.13 V              ; -0.117 V            ; 0.143 V                              ; 0.259 V                              ; 6.22e-10 s                  ; 4.46e-10 s                  ; No                         ; No                         ; 3.08 V                      ; 1.58e-08 V                  ; 3.13 V             ; -0.117 V           ; 0.143 V                             ; 0.259 V                             ; 6.22e-10 s                 ; 4.46e-10 s                 ; No                        ; No                        ;
; SEVEN_SEGMENT_N_O[5][3] ; 3.3-V LVTTL  ; 0 s                 ; 0 s                 ; 3.08 V                       ; 1.58e-08 V                   ; 3.13 V              ; -0.117 V            ; 0.143 V                              ; 0.259 V                              ; 6.22e-10 s                  ; 4.46e-10 s                  ; No                         ; No                         ; 3.08 V                      ; 1.58e-08 V                  ; 3.13 V             ; -0.117 V           ; 0.143 V                             ; 0.259 V                             ; 6.22e-10 s                 ; 4.46e-10 s                 ; No                        ; No                        ;
; SEVEN_SEGMENT_N_O[5][4] ; 3.3-V LVTTL  ; 0 s                 ; 0 s                 ; 3.08 V                       ; 1.58e-08 V                   ; 3.13 V              ; -0.117 V            ; 0.143 V                              ; 0.259 V                              ; 6.22e-10 s                  ; 4.46e-10 s                  ; No                         ; No                         ; 3.08 V                      ; 1.58e-08 V                  ; 3.13 V             ; -0.117 V           ; 0.143 V                             ; 0.259 V                             ; 6.22e-10 s                 ; 4.46e-10 s                 ; No                        ; No                        ;
; SEVEN_SEGMENT_N_O[5][5] ; 3.3-V LVTTL  ; 0 s                 ; 0 s                 ; 3.08 V                       ; 1.58e-08 V                   ; 3.13 V              ; -0.117 V            ; 0.143 V                              ; 0.259 V                              ; 6.22e-10 s                  ; 4.46e-10 s                  ; No                         ; No                         ; 3.08 V                      ; 1.58e-08 V                  ; 3.13 V             ; -0.117 V           ; 0.143 V                             ; 0.259 V                             ; 6.22e-10 s                 ; 4.46e-10 s                 ; No                        ; No                        ;
; SEVEN_SEGMENT_N_O[5][6] ; 3.3-V LVTTL  ; 0 s                 ; 0 s                 ; 3.08 V                       ; 1.58e-08 V                   ; 3.13 V              ; -0.117 V            ; 0.143 V                              ; 0.259 V                              ; 6.22e-10 s                  ; 4.46e-10 s                  ; No                         ; No                         ; 3.08 V                      ; 1.58e-08 V                  ; 3.13 V             ; -0.117 V           ; 0.143 V                             ; 0.259 V                             ; 6.22e-10 s                 ; 4.46e-10 s                 ; No                        ; No                        ;
; SEVEN_SEGMENT_N_O[6][0] ; 3.3-V LVTTL  ; 0 s                 ; 0 s                 ; 3.08 V                       ; 1.58e-08 V                   ; 3.13 V              ; -0.117 V            ; 0.143 V                              ; 0.259 V                              ; 6.22e-10 s                  ; 4.46e-10 s                  ; No                         ; No                         ; 3.08 V                      ; 1.58e-08 V                  ; 3.13 V             ; -0.117 V           ; 0.143 V                             ; 0.259 V                             ; 6.22e-10 s                 ; 4.46e-10 s                 ; No                        ; No                        ;
; SEVEN_SEGMENT_N_O[6][1] ; 3.3-V LVTTL  ; 0 s                 ; 0 s                 ; 3.08 V                       ; 1.58e-08 V                   ; 3.13 V              ; -0.117 V            ; 0.143 V                              ; 0.259 V                              ; 6.22e-10 s                  ; 4.46e-10 s                  ; No                         ; No                         ; 3.08 V                      ; 1.58e-08 V                  ; 3.13 V             ; -0.117 V           ; 0.143 V                             ; 0.259 V                             ; 6.22e-10 s                 ; 4.46e-10 s                 ; No                        ; No                        ;
; SEVEN_SEGMENT_N_O[6][2] ; 3.3-V LVTTL  ; 0 s                 ; 0 s                 ; 3.08 V                       ; 1.58e-08 V                   ; 3.13 V              ; -0.117 V            ; 0.143 V                              ; 0.259 V                              ; 6.22e-10 s                  ; 4.46e-10 s                  ; No                         ; No                         ; 3.08 V                      ; 1.58e-08 V                  ; 3.13 V             ; -0.117 V           ; 0.143 V                             ; 0.259 V                             ; 6.22e-10 s                 ; 4.46e-10 s                 ; No                        ; No                        ;
; SEVEN_SEGMENT_N_O[6][3] ; 3.3-V LVTTL  ; 0 s                 ; 0 s                 ; 3.08 V                       ; 1.58e-08 V                   ; 3.13 V              ; -0.117 V            ; 0.143 V                              ; 0.259 V                              ; 6.22e-10 s                  ; 4.46e-10 s                  ; No                         ; No                         ; 3.08 V                      ; 1.58e-08 V                  ; 3.13 V             ; -0.117 V           ; 0.143 V                             ; 0.259 V                             ; 6.22e-10 s                 ; 4.46e-10 s                 ; No                        ; No                        ;
; SEVEN_SEGMENT_N_O[6][4] ; 3.3-V LVTTL  ; 0 s                 ; 0 s                 ; 3.08 V                       ; 1.58e-08 V                   ; 3.13 V              ; -0.117 V            ; 0.143 V                              ; 0.259 V                              ; 6.22e-10 s                  ; 4.46e-10 s                  ; No                         ; No                         ; 3.08 V                      ; 1.58e-08 V                  ; 3.13 V             ; -0.117 V           ; 0.143 V                             ; 0.259 V                             ; 6.22e-10 s                 ; 4.46e-10 s                 ; No                        ; No                        ;
; SEVEN_SEGMENT_N_O[6][5] ; 3.3-V LVTTL  ; 0 s                 ; 0 s                 ; 3.08 V                       ; 1.58e-08 V                   ; 3.09 V              ; -0.012 V            ; 0.232 V                              ; 0.268 V                              ; 4.75e-09 s                  ; 3.5e-09 s                   ; Yes                        ; No                         ; 3.08 V                      ; 1.58e-08 V                  ; 3.09 V             ; -0.012 V           ; 0.232 V                             ; 0.268 V                             ; 4.75e-09 s                 ; 3.5e-09 s                  ; Yes                       ; No                        ;
; SEVEN_SEGMENT_N_O[6][6] ; 3.3-V LVTTL  ; 0 s                 ; 0 s                 ; 3.08 V                       ; 1.58e-08 V                   ; 3.13 V              ; -0.117 V            ; 0.143 V                              ; 0.259 V                              ; 6.22e-10 s                  ; 4.46e-10 s                  ; No                         ; No                         ; 3.08 V                      ; 1.58e-08 V                  ; 3.13 V             ; -0.117 V           ; 0.143 V                             ; 0.259 V                             ; 6.22e-10 s                 ; 4.46e-10 s                 ; No                        ; No                        ;
; SEVEN_SEGMENT_N_O[7][0] ; 3.3-V LVTTL  ; 0 s                 ; 0 s                 ; 3.08 V                       ; 1.58e-08 V                   ; 3.13 V              ; -0.117 V            ; 0.143 V                              ; 0.259 V                              ; 6.22e-10 s                  ; 4.46e-10 s                  ; No                         ; No                         ; 3.08 V                      ; 1.58e-08 V                  ; 3.13 V             ; -0.117 V           ; 0.143 V                             ; 0.259 V                             ; 6.22e-10 s                 ; 4.46e-10 s                 ; No                        ; No                        ;
; SEVEN_SEGMENT_N_O[7][1] ; 3.3-V LVTTL  ; 0 s                 ; 0 s                 ; 3.08 V                       ; 1.58e-08 V                   ; 3.13 V              ; -0.117 V            ; 0.143 V                              ; 0.259 V                              ; 6.22e-10 s                  ; 4.46e-10 s                  ; No                         ; No                         ; 3.08 V                      ; 1.58e-08 V                  ; 3.13 V             ; -0.117 V           ; 0.143 V                             ; 0.259 V                             ; 6.22e-10 s                 ; 4.46e-10 s                 ; No                        ; No                        ;
; SEVEN_SEGMENT_N_O[7][2] ; 3.3-V LVTTL  ; 0 s                 ; 0 s                 ; 3.08 V                       ; 1.58e-08 V                   ; 3.13 V              ; -0.117 V            ; 0.143 V                              ; 0.259 V                              ; 6.22e-10 s                  ; 4.46e-10 s                  ; No                         ; No                         ; 3.08 V                      ; 1.58e-08 V                  ; 3.13 V             ; -0.117 V           ; 0.143 V                             ; 0.259 V                             ; 6.22e-10 s                 ; 4.46e-10 s                 ; No                        ; No                        ;
; SEVEN_SEGMENT_N_O[7][3] ; 3.3-V LVTTL  ; 0 s                 ; 0 s                 ; 3.08 V                       ; 1.58e-08 V                   ; 3.13 V              ; -0.117 V            ; 0.143 V                              ; 0.259 V                              ; 6.22e-10 s                  ; 4.46e-10 s                  ; No                         ; No                         ; 3.08 V                      ; 1.58e-08 V                  ; 3.13 V             ; -0.117 V           ; 0.143 V                             ; 0.259 V                             ; 6.22e-10 s                 ; 4.46e-10 s                 ; No                        ; No                        ;
; SEVEN_SEGMENT_N_O[7][4] ; 3.3-V LVTTL  ; 0 s                 ; 0 s                 ; 3.08 V                       ; 1.58e-08 V                   ; 3.13 V              ; -0.117 V            ; 0.143 V                              ; 0.259 V                              ; 6.22e-10 s                  ; 4.46e-10 s                  ; No                         ; No                         ; 3.08 V                      ; 1.58e-08 V                  ; 3.13 V             ; -0.117 V           ; 0.143 V                             ; 0.259 V                             ; 6.22e-10 s                 ; 4.46e-10 s                 ; No                        ; No                        ;
; SEVEN_SEGMENT_N_O[7][5] ; 3.3-V LVTTL  ; 0 s                 ; 0 s                 ; 3.08 V                       ; 1.58e-08 V                   ; 3.13 V              ; -0.117 V            ; 0.143 V                              ; 0.259 V                              ; 6.22e-10 s                  ; 4.46e-10 s                  ; No                         ; No                         ; 3.08 V                      ; 1.58e-08 V                  ; 3.13 V             ; -0.117 V           ; 0.143 V                             ; 0.259 V                             ; 6.22e-10 s                 ; 4.46e-10 s                 ; No                        ; No                        ;
; SEVEN_SEGMENT_N_O[7][6] ; 3.3-V LVTTL  ; 0 s                 ; 0 s                 ; 3.08 V                       ; 1.58e-08 V                   ; 3.13 V              ; -0.117 V            ; 0.143 V                              ; 0.259 V                              ; 6.22e-10 s                  ; 4.46e-10 s                  ; No                         ; No                         ; 3.08 V                      ; 1.58e-08 V                  ; 3.13 V             ; -0.117 V           ; 0.143 V                             ; 0.259 V                             ; 6.22e-10 s                 ; 4.46e-10 s                 ; No                        ; No                        ;
; LED_GREEN_O[0]          ; 2.5 V        ; 0 s                 ; 0 s                 ; 2.32 V                       ; 5.97e-09 V                   ; 2.38 V              ; -0.0182 V           ; 0.206 V                              ; 0.041 V                              ; 3.07e-10 s                  ; 4.5e-10 s                   ; Yes                        ; Yes                        ; 2.32 V                      ; 5.97e-09 V                  ; 2.38 V             ; -0.0182 V          ; 0.206 V                             ; 0.041 V                             ; 3.07e-10 s                 ; 4.5e-10 s                  ; Yes                       ; Yes                       ;
; LED_GREEN_O[1]          ; 2.5 V        ; 0 s                 ; 0 s                 ; 2.32 V                       ; 5.97e-09 V                   ; 2.38 V              ; -0.0182 V           ; 0.206 V                              ; 0.041 V                              ; 3.07e-10 s                  ; 4.5e-10 s                   ; Yes                        ; Yes                        ; 2.32 V                      ; 5.97e-09 V                  ; 2.38 V             ; -0.0182 V          ; 0.206 V                             ; 0.041 V                             ; 3.07e-10 s                 ; 4.5e-10 s                  ; Yes                       ; Yes                       ;
; LED_GREEN_O[2]          ; 2.5 V        ; 0 s                 ; 0 s                 ; 2.32 V                       ; 5.97e-09 V                   ; 2.38 V              ; -0.0182 V           ; 0.206 V                              ; 0.041 V                              ; 3.07e-10 s                  ; 4.5e-10 s                   ; Yes                        ; Yes                        ; 2.32 V                      ; 5.97e-09 V                  ; 2.38 V             ; -0.0182 V          ; 0.206 V                             ; 0.041 V                             ; 3.07e-10 s                 ; 4.5e-10 s                  ; Yes                       ; Yes                       ;
; LED_GREEN_O[3]          ; 2.5 V        ; 0 s                 ; 0 s                 ; 2.32 V                       ; 5.97e-09 V                   ; 2.38 V              ; -0.0182 V           ; 0.206 V                              ; 0.041 V                              ; 3.07e-10 s                  ; 4.5e-10 s                   ; Yes                        ; Yes                        ; 2.32 V                      ; 5.97e-09 V                  ; 2.38 V             ; -0.0182 V          ; 0.206 V                             ; 0.041 V                             ; 3.07e-10 s                 ; 4.5e-10 s                  ; Yes                       ; Yes                       ;
; LED_GREEN_O[4]          ; 2.5 V        ; 0 s                 ; 0 s                 ; 2.32 V                       ; 5.97e-09 V                   ; 2.38 V              ; -0.0182 V           ; 0.206 V                              ; 0.041 V                              ; 3.07e-10 s                  ; 4.5e-10 s                   ; Yes                        ; Yes                        ; 2.32 V                      ; 5.97e-09 V                  ; 2.38 V             ; -0.0182 V          ; 0.206 V                             ; 0.041 V                             ; 3.07e-10 s                 ; 4.5e-10 s                  ; Yes                       ; Yes                       ;
; LED_GREEN_O[5]          ; 2.5 V        ; 0 s                 ; 0 s                 ; 2.32 V                       ; 5.97e-09 V                   ; 2.38 V              ; -0.0182 V           ; 0.206 V                              ; 0.041 V                              ; 3.07e-10 s                  ; 4.5e-10 s                   ; Yes                        ; Yes                        ; 2.32 V                      ; 5.97e-09 V                  ; 2.38 V             ; -0.0182 V          ; 0.206 V                             ; 0.041 V                             ; 3.07e-10 s                 ; 4.5e-10 s                  ; Yes                       ; Yes                       ;
; LED_GREEN_O[6]          ; 2.5 V        ; 0 s                 ; 0 s                 ; 2.32 V                       ; 5.97e-09 V                   ; 2.38 V              ; -0.0182 V           ; 0.206 V                              ; 0.041 V                              ; 3.07e-10 s                  ; 4.5e-10 s                   ; Yes                        ; Yes                        ; 2.32 V                      ; 5.97e-09 V                  ; 2.38 V             ; -0.0182 V          ; 0.206 V                             ; 0.041 V                             ; 3.07e-10 s                 ; 4.5e-10 s                  ; Yes                       ; Yes                       ;
; LED_GREEN_O[7]          ; 2.5 V        ; 0 s                 ; 0 s                 ; 2.32 V                       ; 5.97e-09 V                   ; 2.38 V              ; -0.0182 V           ; 0.206 V                              ; 0.041 V                              ; 3.07e-10 s                  ; 4.5e-10 s                   ; Yes                        ; Yes                        ; 2.32 V                      ; 5.97e-09 V                  ; 2.38 V             ; -0.0182 V          ; 0.206 V                             ; 0.041 V                             ; 3.07e-10 s                 ; 4.5e-10 s                  ; Yes                       ; Yes                       ;
; LED_GREEN_O[8]          ; 2.5 V        ; 0 s                 ; 0 s                 ; 2.32 V                       ; 5.97e-09 V                   ; 2.38 V              ; -0.0182 V           ; 0.206 V                              ; 0.041 V                              ; 3.07e-10 s                  ; 4.5e-10 s                   ; Yes                        ; Yes                        ; 2.32 V                      ; 5.97e-09 V                  ; 2.38 V             ; -0.0182 V          ; 0.206 V                             ; 0.041 V                             ; 3.07e-10 s                 ; 4.5e-10 s                  ; Yes                       ; Yes                       ;
; VGA_CLOCK_O             ; 3.3-V LVTTL  ; 0 s                 ; 0 s                 ; 3.08 V                       ; 1.58e-08 V                   ; 3.13 V              ; -0.117 V            ; 0.143 V                              ; 0.259 V                              ; 6.22e-10 s                  ; 4.46e-10 s                  ; No                         ; No                         ; 3.08 V                      ; 1.58e-08 V                  ; 3.13 V             ; -0.117 V           ; 0.143 V                             ; 0.259 V                             ; 6.22e-10 s                 ; 4.46e-10 s                 ; No                        ; No                        ;
; VGA_HSYNC_O             ; 3.3-V LVTTL  ; 0 s                 ; 0 s                 ; 3.08 V                       ; 1.58e-08 V                   ; 3.13 V              ; -0.117 V            ; 0.143 V                              ; 0.259 V                              ; 6.22e-10 s                  ; 4.46e-10 s                  ; No                         ; No                         ; 3.08 V                      ; 1.58e-08 V                  ; 3.13 V             ; -0.117 V           ; 0.143 V                             ; 0.259 V                             ; 6.22e-10 s                 ; 4.46e-10 s                 ; No                        ; No                        ;
; VGA_VSYNC_O             ; 3.3-V LVTTL  ; 0 s                 ; 0 s                 ; 3.08 V                       ; 1.58e-08 V                   ; 3.13 V              ; -0.117 V            ; 0.143 V                              ; 0.259 V                              ; 6.22e-10 s                  ; 4.46e-10 s                  ; No                         ; No                         ; 3.08 V                      ; 1.58e-08 V                  ; 3.13 V             ; -0.117 V           ; 0.143 V                             ; 0.259 V                             ; 6.22e-10 s                 ; 4.46e-10 s                 ; No                        ; No                        ;
; VGA_BLANK_O             ; 3.3-V LVTTL  ; 0 s                 ; 0 s                 ; 3.08 V                       ; 1.58e-08 V                   ; 3.13 V              ; -0.117 V            ; 0.143 V                              ; 0.259 V                              ; 6.22e-10 s                  ; 4.46e-10 s                  ; No                         ; No                         ; 3.08 V                      ; 1.58e-08 V                  ; 3.13 V             ; -0.117 V           ; 0.143 V                             ; 0.259 V                             ; 6.22e-10 s                 ; 4.46e-10 s                 ; No                        ; No                        ;
; VGA_SYNC_O              ; 3.3-V LVTTL  ; 0 s                 ; 0 s                 ; 3.08 V                       ; 1.58e-08 V                   ; 3.13 V              ; -0.117 V            ; 0.143 V                              ; 0.259 V                              ; 6.22e-10 s                  ; 4.46e-10 s                  ; No                         ; No                         ; 3.08 V                      ; 1.58e-08 V                  ; 3.13 V             ; -0.117 V           ; 0.143 V                             ; 0.259 V                             ; 6.22e-10 s                 ; 4.46e-10 s                 ; No                        ; No                        ;
; VGA_RED_O[0]            ; 3.3-V LVTTL  ; 0 s                 ; 0 s                 ; 3.08 V                       ; 1.58e-08 V                   ; 3.13 V              ; -0.117 V            ; 0.143 V                              ; 0.259 V                              ; 6.22e-10 s                  ; 4.46e-10 s                  ; No                         ; No                         ; 3.08 V                      ; 1.58e-08 V                  ; 3.13 V             ; -0.117 V           ; 0.143 V                             ; 0.259 V                             ; 6.22e-10 s                 ; 4.46e-10 s                 ; No                        ; No                        ;
; VGA_RED_O[1]            ; 3.3-V LVTTL  ; 0 s                 ; 0 s                 ; 3.08 V                       ; 1.58e-08 V                   ; 3.13 V              ; -0.117 V            ; 0.143 V                              ; 0.259 V                              ; 6.22e-10 s                  ; 4.46e-10 s                  ; No                         ; No                         ; 3.08 V                      ; 1.58e-08 V                  ; 3.13 V             ; -0.117 V           ; 0.143 V                             ; 0.259 V                             ; 6.22e-10 s                 ; 4.46e-10 s                 ; No                        ; No                        ;
; VGA_RED_O[2]            ; 3.3-V LVTTL  ; 0 s                 ; 0 s                 ; 3.08 V                       ; 1.58e-08 V                   ; 3.13 V              ; -0.117 V            ; 0.143 V                              ; 0.259 V                              ; 6.22e-10 s                  ; 4.46e-10 s                  ; No                         ; No                         ; 3.08 V                      ; 1.58e-08 V                  ; 3.13 V             ; -0.117 V           ; 0.143 V                             ; 0.259 V                             ; 6.22e-10 s                 ; 4.46e-10 s                 ; No                        ; No                        ;
; VGA_RED_O[3]            ; 3.3-V LVTTL  ; 0 s                 ; 0 s                 ; 3.08 V                       ; 1.58e-08 V                   ; 3.13 V              ; -0.117 V            ; 0.143 V                              ; 0.259 V                              ; 6.22e-10 s                  ; 4.46e-10 s                  ; No                         ; No                         ; 3.08 V                      ; 1.58e-08 V                  ; 3.13 V             ; -0.117 V           ; 0.143 V                             ; 0.259 V                             ; 6.22e-10 s                 ; 4.46e-10 s                 ; No                        ; No                        ;
; VGA_RED_O[4]            ; 3.3-V LVTTL  ; 0 s                 ; 0 s                 ; 3.08 V                       ; 1.58e-08 V                   ; 3.13 V              ; -0.117 V            ; 0.143 V                              ; 0.259 V                              ; 6.22e-10 s                  ; 4.46e-10 s                  ; No                         ; No                         ; 3.08 V                      ; 1.58e-08 V                  ; 3.13 V             ; -0.117 V           ; 0.143 V                             ; 0.259 V                             ; 6.22e-10 s                 ; 4.46e-10 s                 ; No                        ; No                        ;
; VGA_RED_O[5]            ; 3.3-V LVTTL  ; 0 s                 ; 0 s                 ; 3.08 V                       ; 1.58e-08 V                   ; 3.13 V              ; -0.117 V            ; 0.143 V                              ; 0.259 V                              ; 6.22e-10 s                  ; 4.46e-10 s                  ; No                         ; No                         ; 3.08 V                      ; 1.58e-08 V                  ; 3.13 V             ; -0.117 V           ; 0.143 V                             ; 0.259 V                             ; 6.22e-10 s                 ; 4.46e-10 s                 ; No                        ; No                        ;
; VGA_RED_O[6]            ; 3.3-V LVTTL  ; 0 s                 ; 0 s                 ; 3.08 V                       ; 1.58e-08 V                   ; 3.13 V              ; -0.117 V            ; 0.143 V                              ; 0.259 V                              ; 6.22e-10 s                  ; 4.46e-10 s                  ; No                         ; No                         ; 3.08 V                      ; 1.58e-08 V                  ; 3.13 V             ; -0.117 V           ; 0.143 V                             ; 0.259 V                             ; 6.22e-10 s                 ; 4.46e-10 s                 ; No                        ; No                        ;
; VGA_RED_O[7]            ; 3.3-V LVTTL  ; 0 s                 ; 0 s                 ; 3.08 V                       ; 1.58e-08 V                   ; 3.13 V              ; -0.117 V            ; 0.143 V                              ; 0.259 V                              ; 6.22e-10 s                  ; 4.46e-10 s                  ; No                         ; No                         ; 3.08 V                      ; 1.58e-08 V                  ; 3.13 V             ; -0.117 V           ; 0.143 V                             ; 0.259 V                             ; 6.22e-10 s                 ; 4.46e-10 s                 ; No                        ; No                        ;
; VGA_GREEN_O[0]          ; 3.3-V LVTTL  ; 0 s                 ; 0 s                 ; 3.08 V                       ; 1.58e-08 V                   ; 3.13 V              ; -0.117 V            ; 0.143 V                              ; 0.259 V                              ; 6.22e-10 s                  ; 4.46e-10 s                  ; No                         ; No                         ; 3.08 V                      ; 1.58e-08 V                  ; 3.13 V             ; -0.117 V           ; 0.143 V                             ; 0.259 V                             ; 6.22e-10 s                 ; 4.46e-10 s                 ; No                        ; No                        ;
; VGA_GREEN_O[1]          ; 3.3-V LVTTL  ; 0 s                 ; 0 s                 ; 3.08 V                       ; 1.58e-08 V                   ; 3.13 V              ; -0.117 V            ; 0.143 V                              ; 0.259 V                              ; 6.22e-10 s                  ; 4.46e-10 s                  ; No                         ; No                         ; 3.08 V                      ; 1.58e-08 V                  ; 3.13 V             ; -0.117 V           ; 0.143 V                             ; 0.259 V                             ; 6.22e-10 s                 ; 4.46e-10 s                 ; No                        ; No                        ;
; VGA_GREEN_O[2]          ; 3.3-V LVTTL  ; 0 s                 ; 0 s                 ; 3.08 V                       ; 1.58e-08 V                   ; 3.13 V              ; -0.117 V            ; 0.143 V                              ; 0.259 V                              ; 6.22e-10 s                  ; 4.46e-10 s                  ; No                         ; No                         ; 3.08 V                      ; 1.58e-08 V                  ; 3.13 V             ; -0.117 V           ; 0.143 V                             ; 0.259 V                             ; 6.22e-10 s                 ; 4.46e-10 s                 ; No                        ; No                        ;
; VGA_GREEN_O[3]          ; 3.3-V LVTTL  ; 0 s                 ; 0 s                 ; 3.08 V                       ; 1.58e-08 V                   ; 3.13 V              ; -0.117 V            ; 0.143 V                              ; 0.259 V                              ; 6.22e-10 s                  ; 4.46e-10 s                  ; No                         ; No                         ; 3.08 V                      ; 1.58e-08 V                  ; 3.13 V             ; -0.117 V           ; 0.143 V                             ; 0.259 V                             ; 6.22e-10 s                 ; 4.46e-10 s                 ; No                        ; No                        ;
; VGA_GREEN_O[4]          ; 3.3-V LVTTL  ; 0 s                 ; 0 s                 ; 3.08 V                       ; 1.58e-08 V                   ; 3.13 V              ; -0.117 V            ; 0.143 V                              ; 0.259 V                              ; 6.22e-10 s                  ; 4.46e-10 s                  ; No                         ; No                         ; 3.08 V                      ; 1.58e-08 V                  ; 3.13 V             ; -0.117 V           ; 0.143 V                             ; 0.259 V                             ; 6.22e-10 s                 ; 4.46e-10 s                 ; No                        ; No                        ;
; VGA_GREEN_O[5]          ; 3.3-V LVTTL  ; 0 s                 ; 0 s                 ; 3.08 V                       ; 1.58e-08 V                   ; 3.13 V              ; -0.117 V            ; 0.143 V                              ; 0.259 V                              ; 6.22e-10 s                  ; 4.46e-10 s                  ; No                         ; No                         ; 3.08 V                      ; 1.58e-08 V                  ; 3.13 V             ; -0.117 V           ; 0.143 V                             ; 0.259 V                             ; 6.22e-10 s                 ; 4.46e-10 s                 ; No                        ; No                        ;
; VGA_GREEN_O[6]          ; 3.3-V LVTTL  ; 0 s                 ; 0 s                 ; 3.08 V                       ; 1.58e-08 V                   ; 3.13 V              ; -0.117 V            ; 0.143 V                              ; 0.259 V                              ; 6.22e-10 s                  ; 4.46e-10 s                  ; No                         ; No                         ; 3.08 V                      ; 1.58e-08 V                  ; 3.13 V             ; -0.117 V           ; 0.143 V                             ; 0.259 V                             ; 6.22e-10 s                 ; 4.46e-10 s                 ; No                        ; No                        ;
; VGA_GREEN_O[7]          ; 3.3-V LVTTL  ; 0 s                 ; 0 s                 ; 3.08 V                       ; 1.58e-08 V                   ; 3.13 V              ; -0.117 V            ; 0.143 V                              ; 0.259 V                              ; 6.22e-10 s                  ; 4.46e-10 s                  ; No                         ; No                         ; 3.08 V                      ; 1.58e-08 V                  ; 3.13 V             ; -0.117 V           ; 0.143 V                             ; 0.259 V                             ; 6.22e-10 s                 ; 4.46e-10 s                 ; No                        ; No                        ;
; VGA_BLUE_O[0]           ; 3.3-V LVTTL  ; 0 s                 ; 0 s                 ; 3.08 V                       ; 1.58e-08 V                   ; 3.13 V              ; -0.117 V            ; 0.143 V                              ; 0.259 V                              ; 6.22e-10 s                  ; 4.46e-10 s                  ; No                         ; No                         ; 3.08 V                      ; 1.58e-08 V                  ; 3.13 V             ; -0.117 V           ; 0.143 V                             ; 0.259 V                             ; 6.22e-10 s                 ; 4.46e-10 s                 ; No                        ; No                        ;
; VGA_BLUE_O[1]           ; 3.3-V LVTTL  ; 0 s                 ; 0 s                 ; 3.08 V                       ; 1.58e-08 V                   ; 3.13 V              ; -0.117 V            ; 0.143 V                              ; 0.259 V                              ; 6.22e-10 s                  ; 4.46e-10 s                  ; No                         ; No                         ; 3.08 V                      ; 1.58e-08 V                  ; 3.13 V             ; -0.117 V           ; 0.143 V                             ; 0.259 V                             ; 6.22e-10 s                 ; 4.46e-10 s                 ; No                        ; No                        ;
; VGA_BLUE_O[2]           ; 3.3-V LVTTL  ; 0 s                 ; 0 s                 ; 3.08 V                       ; 1.58e-08 V                   ; 3.13 V              ; -0.117 V            ; 0.143 V                              ; 0.259 V                              ; 6.22e-10 s                  ; 4.46e-10 s                  ; No                         ; No                         ; 3.08 V                      ; 1.58e-08 V                  ; 3.13 V             ; -0.117 V           ; 0.143 V                             ; 0.259 V                             ; 6.22e-10 s                 ; 4.46e-10 s                 ; No                        ; No                        ;
; VGA_BLUE_O[3]           ; 3.3-V LVTTL  ; 0 s                 ; 0 s                 ; 3.08 V                       ; 1.58e-08 V                   ; 3.13 V              ; -0.117 V            ; 0.143 V                              ; 0.259 V                              ; 6.22e-10 s                  ; 4.46e-10 s                  ; No                         ; No                         ; 3.08 V                      ; 1.58e-08 V                  ; 3.13 V             ; -0.117 V           ; 0.143 V                             ; 0.259 V                             ; 6.22e-10 s                 ; 4.46e-10 s                 ; No                        ; No                        ;
; VGA_BLUE_O[4]           ; 3.3-V LVTTL  ; 0 s                 ; 0 s                 ; 3.08 V                       ; 1.58e-08 V                   ; 3.13 V              ; -0.117 V            ; 0.143 V                              ; 0.259 V                              ; 6.22e-10 s                  ; 4.46e-10 s                  ; No                         ; No                         ; 3.08 V                      ; 1.58e-08 V                  ; 3.13 V             ; -0.117 V           ; 0.143 V                             ; 0.259 V                             ; 6.22e-10 s                 ; 4.46e-10 s                 ; No                        ; No                        ;
; VGA_BLUE_O[5]           ; 3.3-V LVTTL  ; 0 s                 ; 0 s                 ; 3.08 V                       ; 1.58e-08 V                   ; 3.13 V              ; -0.117 V            ; 0.143 V                              ; 0.259 V                              ; 6.22e-10 s                  ; 4.46e-10 s                  ; No                         ; No                         ; 3.08 V                      ; 1.58e-08 V                  ; 3.13 V             ; -0.117 V           ; 0.143 V                             ; 0.259 V                             ; 6.22e-10 s                 ; 4.46e-10 s                 ; No                        ; No                        ;
; VGA_BLUE_O[6]           ; 3.3-V LVTTL  ; 0 s                 ; 0 s                 ; 3.08 V                       ; 1.58e-08 V                   ; 3.13 V              ; -0.117 V            ; 0.143 V                              ; 0.259 V                              ; 6.22e-10 s                  ; 4.46e-10 s                  ; No                         ; No                         ; 3.08 V                      ; 1.58e-08 V                  ; 3.13 V             ; -0.117 V           ; 0.143 V                             ; 0.259 V                             ; 6.22e-10 s                 ; 4.46e-10 s                 ; No                        ; No                        ;
; VGA_BLUE_O[7]           ; 3.3-V LVTTL  ; 0 s                 ; 0 s                 ; 3.08 V                       ; 1.58e-08 V                   ; 3.13 V              ; -0.117 V            ; 0.143 V                              ; 0.259 V                              ; 6.22e-10 s                  ; 4.46e-10 s                  ; No                         ; No                         ; 3.08 V                      ; 1.58e-08 V                  ; 3.13 V             ; -0.117 V           ; 0.143 V                             ; 0.259 V                             ; 6.22e-10 s                 ; 4.46e-10 s                 ; No                        ; No                        ;
; SRAM_ADDRESS_O[0]       ; 3.3-V LVTTL  ; 0 s                 ; 0 s                 ; 3.08 V                       ; 1.58e-08 V                   ; 3.13 V              ; -0.117 V            ; 0.143 V                              ; 0.259 V                              ; 6.22e-10 s                  ; 4.46e-10 s                  ; No                         ; No                         ; 3.08 V                      ; 1.58e-08 V                  ; 3.13 V             ; -0.117 V           ; 0.143 V                             ; 0.259 V                             ; 6.22e-10 s                 ; 4.46e-10 s                 ; No                        ; No                        ;
; SRAM_ADDRESS_O[1]       ; 3.3-V LVTTL  ; 0 s                 ; 0 s                 ; 3.08 V                       ; 1.58e-08 V                   ; 3.13 V              ; -0.117 V            ; 0.143 V                              ; 0.259 V                              ; 6.22e-10 s                  ; 4.46e-10 s                  ; No                         ; No                         ; 3.08 V                      ; 1.58e-08 V                  ; 3.13 V             ; -0.117 V           ; 0.143 V                             ; 0.259 V                             ; 6.22e-10 s                 ; 4.46e-10 s                 ; No                        ; No                        ;
; SRAM_ADDRESS_O[2]       ; 3.3-V LVTTL  ; 0 s                 ; 0 s                 ; 3.08 V                       ; 1.58e-08 V                   ; 3.13 V              ; -0.117 V            ; 0.143 V                              ; 0.259 V                              ; 6.22e-10 s                  ; 4.46e-10 s                  ; No                         ; No                         ; 3.08 V                      ; 1.58e-08 V                  ; 3.13 V             ; -0.117 V           ; 0.143 V                             ; 0.259 V                             ; 6.22e-10 s                 ; 4.46e-10 s                 ; No                        ; No                        ;
; SRAM_ADDRESS_O[3]       ; 3.3-V LVTTL  ; 0 s                 ; 0 s                 ; 3.08 V                       ; 1.58e-08 V                   ; 3.13 V              ; -0.117 V            ; 0.143 V                              ; 0.259 V                              ; 6.22e-10 s                  ; 4.46e-10 s                  ; No                         ; No                         ; 3.08 V                      ; 1.58e-08 V                  ; 3.13 V             ; -0.117 V           ; 0.143 V                             ; 0.259 V                             ; 6.22e-10 s                 ; 4.46e-10 s                 ; No                        ; No                        ;
; SRAM_ADDRESS_O[4]       ; 3.3-V LVTTL  ; 0 s                 ; 0 s                 ; 3.08 V                       ; 1.11e-08 V                   ; 3.13 V              ; -0.0798 V           ; 0.192 V                              ; 0.22 V                               ; 8.68e-10 s                  ; 6.46e-10 s                  ; No                         ; No                         ; 3.08 V                      ; 1.11e-08 V                  ; 3.13 V             ; -0.0798 V          ; 0.192 V                             ; 0.22 V                              ; 8.68e-10 s                 ; 6.46e-10 s                 ; No                        ; No                        ;
; SRAM_ADDRESS_O[5]       ; 3.3-V LVTTL  ; 0 s                 ; 0 s                 ; 3.08 V                       ; 1.58e-08 V                   ; 3.13 V              ; -0.117 V            ; 0.143 V                              ; 0.259 V                              ; 6.22e-10 s                  ; 4.46e-10 s                  ; No                         ; No                         ; 3.08 V                      ; 1.58e-08 V                  ; 3.13 V             ; -0.117 V           ; 0.143 V                             ; 0.259 V                             ; 6.22e-10 s                 ; 4.46e-10 s                 ; No                        ; No                        ;
; SRAM_ADDRESS_O[6]       ; 3.3-V LVTTL  ; 0 s                 ; 0 s                 ; 3.08 V                       ; 1.11e-08 V                   ; 3.13 V              ; -0.0798 V           ; 0.192 V                              ; 0.22 V                               ; 8.68e-10 s                  ; 6.46e-10 s                  ; No                         ; No                         ; 3.08 V                      ; 1.11e-08 V                  ; 3.13 V             ; -0.0798 V          ; 0.192 V                             ; 0.22 V                              ; 8.68e-10 s                 ; 6.46e-10 s                 ; No                        ; No                        ;
; SRAM_ADDRESS_O[7]       ; 3.3-V LVTTL  ; 0 s                 ; 0 s                 ; 3.08 V                       ; 1.11e-08 V                   ; 3.13 V              ; -0.0798 V           ; 0.192 V                              ; 0.22 V                               ; 8.68e-10 s                  ; 6.46e-10 s                  ; No                         ; No                         ; 3.08 V                      ; 1.11e-08 V                  ; 3.13 V             ; -0.0798 V          ; 0.192 V                             ; 0.22 V                              ; 8.68e-10 s                 ; 6.46e-10 s                 ; No                        ; No                        ;
; SRAM_ADDRESS_O[8]       ; 3.3-V LVTTL  ; 0 s                 ; 0 s                 ; 3.08 V                       ; 1.58e-08 V                   ; 3.13 V              ; -0.117 V            ; 0.143 V                              ; 0.259 V                              ; 6.22e-10 s                  ; 4.46e-10 s                  ; No                         ; No                         ; 3.08 V                      ; 1.58e-08 V                  ; 3.13 V             ; -0.117 V           ; 0.143 V                             ; 0.259 V                             ; 6.22e-10 s                 ; 4.46e-10 s                 ; No                        ; No                        ;
; SRAM_ADDRESS_O[9]       ; 3.3-V LVTTL  ; 0 s                 ; 0 s                 ; 3.08 V                       ; 1.11e-08 V                   ; 3.09 V              ; -0.0117 V           ; 0.268 V                              ; 0.262 V                              ; 4.74e-09 s                  ; 3.5e-09 s                   ; No                         ; No                         ; 3.08 V                      ; 1.11e-08 V                  ; 3.09 V             ; -0.0117 V          ; 0.268 V                             ; 0.262 V                             ; 4.74e-09 s                 ; 3.5e-09 s                  ; No                        ; No                        ;
; SRAM_ADDRESS_O[10]      ; 3.3-V LVTTL  ; 0 s                 ; 0 s                 ; 3.08 V                       ; 1.11e-08 V                   ; 3.13 V              ; -0.0798 V           ; 0.192 V                              ; 0.22 V                               ; 8.68e-10 s                  ; 6.46e-10 s                  ; No                         ; No                         ; 3.08 V                      ; 1.11e-08 V                  ; 3.13 V             ; -0.0798 V          ; 0.192 V                             ; 0.22 V                              ; 8.68e-10 s                 ; 6.46e-10 s                 ; No                        ; No                        ;
; SRAM_ADDRESS_O[11]      ; 3.3-V LVTTL  ; 0 s                 ; 0 s                 ; 3.08 V                       ; 1.11e-08 V                   ; 3.13 V              ; -0.0798 V           ; 0.192 V                              ; 0.22 V                               ; 8.68e-10 s                  ; 6.46e-10 s                  ; No                         ; No                         ; 3.08 V                      ; 1.11e-08 V                  ; 3.13 V             ; -0.0798 V          ; 0.192 V                             ; 0.22 V                              ; 8.68e-10 s                 ; 6.46e-10 s                 ; No                        ; No                        ;
; SRAM_ADDRESS_O[12]      ; 3.3-V LVTTL  ; 0 s                 ; 0 s                 ; 3.08 V                       ; 1.11e-08 V                   ; 3.09 V              ; -0.0117 V           ; 0.268 V                              ; 0.262 V                              ; 4.74e-09 s                  ; 3.5e-09 s                   ; No                         ; No                         ; 3.08 V                      ; 1.11e-08 V                  ; 3.09 V             ; -0.0117 V          ; 0.268 V                             ; 0.262 V                             ; 4.74e-09 s                 ; 3.5e-09 s                  ; No                        ; No                        ;
; SRAM_ADDRESS_O[13]      ; 3.3-V LVTTL  ; 0 s                 ; 0 s                 ; 3.08 V                       ; 1.11e-08 V                   ; 3.13 V              ; -0.0798 V           ; 0.192 V                              ; 0.22 V                               ; 8.68e-10 s                  ; 6.46e-10 s                  ; No                         ; No                         ; 3.08 V                      ; 1.11e-08 V                  ; 3.13 V             ; -0.0798 V          ; 0.192 V                             ; 0.22 V                              ; 8.68e-10 s                 ; 6.46e-10 s                 ; No                        ; No                        ;
; SRAM_ADDRESS_O[14]      ; 3.3-V LVTTL  ; 0 s                 ; 0 s                 ; 3.08 V                       ; 1.11e-08 V                   ; 3.13 V              ; -0.0798 V           ; 0.192 V                              ; 0.22 V                               ; 8.68e-10 s                  ; 6.46e-10 s                  ; No                         ; No                         ; 3.08 V                      ; 1.11e-08 V                  ; 3.13 V             ; -0.0798 V          ; 0.192 V                             ; 0.22 V                              ; 8.68e-10 s                 ; 6.46e-10 s                 ; No                        ; No                        ;
; SRAM_ADDRESS_O[15]      ; 3.3-V LVTTL  ; 0 s                 ; 0 s                 ; 3.08 V                       ; 1.58e-08 V                   ; 3.09 V              ; -0.012 V            ; 0.232 V                              ; 0.268 V                              ; 4.75e-09 s                  ; 3.5e-09 s                   ; Yes                        ; No                         ; 3.08 V                      ; 1.58e-08 V                  ; 3.09 V             ; -0.012 V           ; 0.232 V                             ; 0.268 V                             ; 4.75e-09 s                 ; 3.5e-09 s                  ; Yes                       ; No                        ;
; SRAM_ADDRESS_O[16]      ; 3.3-V LVTTL  ; 0 s                 ; 0 s                 ; 3.08 V                       ; 1.58e-08 V                   ; 3.13 V              ; -0.117 V            ; 0.143 V                              ; 0.259 V                              ; 6.22e-10 s                  ; 4.46e-10 s                  ; No                         ; No                         ; 3.08 V                      ; 1.58e-08 V                  ; 3.13 V             ; -0.117 V           ; 0.143 V                             ; 0.259 V                             ; 6.22e-10 s                 ; 4.46e-10 s                 ; No                        ; No                        ;
; SRAM_ADDRESS_O[17]      ; 3.3-V LVTTL  ; 0 s                 ; 0 s                 ; 3.08 V                       ; 1.58e-08 V                   ; 3.13 V              ; -0.117 V            ; 0.143 V                              ; 0.259 V                              ; 6.22e-10 s                  ; 4.46e-10 s                  ; No                         ; No                         ; 3.08 V                      ; 1.58e-08 V                  ; 3.13 V             ; -0.117 V           ; 0.143 V                             ; 0.259 V                             ; 6.22e-10 s                 ; 4.46e-10 s                 ; No                        ; No                        ;
; SRAM_ADDRESS_O[18]      ; 3.3-V LVTTL  ; 0 s                 ; 0 s                 ; 3.08 V                       ; 1.58e-08 V                   ; 3.13 V              ; -0.117 V            ; 0.143 V                              ; 0.259 V                              ; 6.22e-10 s                  ; 4.46e-10 s                  ; No                         ; No                         ; 3.08 V                      ; 1.58e-08 V                  ; 3.13 V             ; -0.117 V           ; 0.143 V                             ; 0.259 V                             ; 6.22e-10 s                 ; 4.46e-10 s                 ; No                        ; No                        ;
; SRAM_ADDRESS_O[19]      ; 3.3-V LVTTL  ; 0 s                 ; 0 s                 ; 3.08 V                       ; 1.11e-08 V                   ; 3.09 V              ; -0.0117 V           ; 0.268 V                              ; 0.262 V                              ; 4.74e-09 s                  ; 3.5e-09 s                   ; No                         ; No                         ; 3.08 V                      ; 1.11e-08 V                  ; 3.09 V             ; -0.0117 V          ; 0.268 V                             ; 0.262 V                             ; 4.74e-09 s                 ; 3.5e-09 s                  ; No                        ; No                        ;
; SRAM_UB_N_O             ; 3.3-V LVTTL  ; 0 s                 ; 0 s                 ; 3.08 V                       ; 1.11e-08 V                   ; 3.13 V              ; -0.0798 V           ; 0.192 V                              ; 0.22 V                               ; 8.68e-10 s                  ; 6.46e-10 s                  ; No                         ; No                         ; 3.08 V                      ; 1.11e-08 V                  ; 3.13 V             ; -0.0798 V          ; 0.192 V                             ; 0.22 V                              ; 8.68e-10 s                 ; 6.46e-10 s                 ; No                        ; No                        ;
; SRAM_LB_N_O             ; 3.3-V LVTTL  ; 0 s                 ; 0 s                 ; 3.08 V                       ; 1.58e-08 V                   ; 3.13 V              ; -0.117 V            ; 0.143 V                              ; 0.259 V                              ; 6.22e-10 s                  ; 4.46e-10 s                  ; No                         ; No                         ; 3.08 V                      ; 1.58e-08 V                  ; 3.13 V             ; -0.117 V           ; 0.143 V                             ; 0.259 V                             ; 6.22e-10 s                 ; 4.46e-10 s                 ; No                        ; No                        ;
; SRAM_WE_N_O             ; 3.3-V LVTTL  ; 0 s                 ; 0 s                 ; 3.08 V                       ; 1.58e-08 V                   ; 3.13 V              ; -0.117 V            ; 0.143 V                              ; 0.259 V                              ; 6.22e-10 s                  ; 4.46e-10 s                  ; No                         ; No                         ; 3.08 V                      ; 1.58e-08 V                  ; 3.13 V             ; -0.117 V           ; 0.143 V                             ; 0.259 V                             ; 6.22e-10 s                 ; 4.46e-10 s                 ; No                        ; No                        ;
; SRAM_CE_N_O             ; 3.3-V LVTTL  ; 0 s                 ; 0 s                 ; 3.08 V                       ; 1.58e-08 V                   ; 3.13 V              ; -0.117 V            ; 0.143 V                              ; 0.259 V                              ; 6.22e-10 s                  ; 4.46e-10 s                  ; No                         ; No                         ; 3.08 V                      ; 1.58e-08 V                  ; 3.13 V             ; -0.117 V           ; 0.143 V                             ; 0.259 V                             ; 6.22e-10 s                 ; 4.46e-10 s                 ; No                        ; No                        ;
; SRAM_OE_N_O             ; 3.3-V LVTTL  ; 0 s                 ; 0 s                 ; 3.08 V                       ; 1.58e-08 V                   ; 3.13 V              ; -0.117 V            ; 0.143 V                              ; 0.259 V                              ; 6.22e-10 s                  ; 4.46e-10 s                  ; No                         ; No                         ; 3.08 V                      ; 1.58e-08 V                  ; 3.13 V             ; -0.117 V           ; 0.143 V                             ; 0.259 V                             ; 6.22e-10 s                 ; 4.46e-10 s                 ; No                        ; No                        ;
; UART_TX_O               ; 3.3-V LVTTL  ; 0 s                 ; 0 s                 ; 3.08 V                       ; 1.58e-08 V                   ; 3.09 V              ; -0.012 V            ; 0.232 V                              ; 0.268 V                              ; 4.75e-09 s                  ; 3.5e-09 s                   ; Yes                        ; No                         ; 3.08 V                      ; 1.58e-08 V                  ; 3.09 V             ; -0.012 V           ; 0.232 V                             ; 0.268 V                             ; 4.75e-09 s                 ; 3.5e-09 s                  ; Yes                       ; No                        ;
; SRAM_DATA_IO[0]         ; 3.3-V LVTTL  ; 0 s                 ; 0 s                 ; 3.08 V                       ; 1.58e-08 V                   ; 3.13 V              ; -0.117 V            ; 0.143 V                              ; 0.259 V                              ; 6.22e-10 s                  ; 4.46e-10 s                  ; No                         ; No                         ; 3.08 V                      ; 1.58e-08 V                  ; 3.13 V             ; -0.117 V           ; 0.143 V                             ; 0.259 V                             ; 6.22e-10 s                 ; 4.46e-10 s                 ; No                        ; No                        ;
; SRAM_DATA_IO[1]         ; 3.3-V LVTTL  ; 0 s                 ; 0 s                 ; 3.08 V                       ; 1.58e-08 V                   ; 3.13 V              ; -0.117 V            ; 0.143 V                              ; 0.259 V                              ; 6.22e-10 s                  ; 4.46e-10 s                  ; No                         ; No                         ; 3.08 V                      ; 1.58e-08 V                  ; 3.13 V             ; -0.117 V           ; 0.143 V                             ; 0.259 V                             ; 6.22e-10 s                 ; 4.46e-10 s                 ; No                        ; No                        ;
; SRAM_DATA_IO[2]         ; 3.3-V LVTTL  ; 0 s                 ; 0 s                 ; 3.08 V                       ; 1.58e-08 V                   ; 3.13 V              ; -0.117 V            ; 0.143 V                              ; 0.259 V                              ; 6.22e-10 s                  ; 4.46e-10 s                  ; No                         ; No                         ; 3.08 V                      ; 1.58e-08 V                  ; 3.13 V             ; -0.117 V           ; 0.143 V                             ; 0.259 V                             ; 6.22e-10 s                 ; 4.46e-10 s                 ; No                        ; No                        ;
; SRAM_DATA_IO[3]         ; 3.3-V LVTTL  ; 0 s                 ; 0 s                 ; 3.08 V                       ; 1.58e-08 V                   ; 3.13 V              ; -0.117 V            ; 0.143 V                              ; 0.259 V                              ; 6.22e-10 s                  ; 4.46e-10 s                  ; No                         ; No                         ; 3.08 V                      ; 1.58e-08 V                  ; 3.13 V             ; -0.117 V           ; 0.143 V                             ; 0.259 V                             ; 6.22e-10 s                 ; 4.46e-10 s                 ; No                        ; No                        ;
; SRAM_DATA_IO[4]         ; 3.3-V LVTTL  ; 0 s                 ; 0 s                 ; 3.08 V                       ; 1.58e-08 V                   ; 3.13 V              ; -0.117 V            ; 0.143 V                              ; 0.259 V                              ; 6.22e-10 s                  ; 4.46e-10 s                  ; No                         ; No                         ; 3.08 V                      ; 1.58e-08 V                  ; 3.13 V             ; -0.117 V           ; 0.143 V                             ; 0.259 V                             ; 6.22e-10 s                 ; 4.46e-10 s                 ; No                        ; No                        ;
; SRAM_DATA_IO[5]         ; 3.3-V LVTTL  ; 0 s                 ; 0 s                 ; 3.08 V                       ; 1.58e-08 V                   ; 3.13 V              ; -0.117 V            ; 0.143 V                              ; 0.259 V                              ; 6.22e-10 s                  ; 4.46e-10 s                  ; No                         ; No                         ; 3.08 V                      ; 1.58e-08 V                  ; 3.13 V             ; -0.117 V           ; 0.143 V                             ; 0.259 V                             ; 6.22e-10 s                 ; 4.46e-10 s                 ; No                        ; No                        ;
; SRAM_DATA_IO[6]         ; 3.3-V LVTTL  ; 0 s                 ; 0 s                 ; 3.08 V                       ; 1.58e-08 V                   ; 3.13 V              ; -0.117 V            ; 0.143 V                              ; 0.259 V                              ; 6.22e-10 s                  ; 4.46e-10 s                  ; No                         ; No                         ; 3.08 V                      ; 1.58e-08 V                  ; 3.13 V             ; -0.117 V           ; 0.143 V                             ; 0.259 V                             ; 6.22e-10 s                 ; 4.46e-10 s                 ; No                        ; No                        ;
; SRAM_DATA_IO[7]         ; 3.3-V LVTTL  ; 0 s                 ; 0 s                 ; 3.08 V                       ; 1.58e-08 V                   ; 3.13 V              ; -0.117 V            ; 0.143 V                              ; 0.259 V                              ; 6.22e-10 s                  ; 4.46e-10 s                  ; No                         ; No                         ; 3.08 V                      ; 1.58e-08 V                  ; 3.13 V             ; -0.117 V           ; 0.143 V                             ; 0.259 V                             ; 6.22e-10 s                 ; 4.46e-10 s                 ; No                        ; No                        ;
; SRAM_DATA_IO[8]         ; 3.3-V LVTTL  ; 0 s                 ; 0 s                 ; 3.08 V                       ; 1.11e-08 V                   ; 3.13 V              ; -0.0798 V           ; 0.192 V                              ; 0.22 V                               ; 8.68e-10 s                  ; 6.46e-10 s                  ; No                         ; No                         ; 3.08 V                      ; 1.11e-08 V                  ; 3.13 V             ; -0.0798 V          ; 0.192 V                             ; 0.22 V                              ; 8.68e-10 s                 ; 6.46e-10 s                 ; No                        ; No                        ;
; SRAM_DATA_IO[9]         ; 3.3-V LVTTL  ; 0 s                 ; 0 s                 ; 3.08 V                       ; 1.11e-08 V                   ; 3.13 V              ; -0.0798 V           ; 0.192 V                              ; 0.22 V                               ; 8.68e-10 s                  ; 6.46e-10 s                  ; No                         ; No                         ; 3.08 V                      ; 1.11e-08 V                  ; 3.13 V             ; -0.0798 V          ; 0.192 V                             ; 0.22 V                              ; 8.68e-10 s                 ; 6.46e-10 s                 ; No                        ; No                        ;
; SRAM_DATA_IO[10]        ; 3.3-V LVTTL  ; 0 s                 ; 0 s                 ; 3.08 V                       ; 1.11e-08 V                   ; 3.13 V              ; -0.0798 V           ; 0.192 V                              ; 0.22 V                               ; 8.68e-10 s                  ; 6.46e-10 s                  ; No                         ; No                         ; 3.08 V                      ; 1.11e-08 V                  ; 3.13 V             ; -0.0798 V          ; 0.192 V                             ; 0.22 V                              ; 8.68e-10 s                 ; 6.46e-10 s                 ; No                        ; No                        ;
; SRAM_DATA_IO[11]        ; 3.3-V LVTTL  ; 0 s                 ; 0 s                 ; 3.08 V                       ; 1.11e-08 V                   ; 3.13 V              ; -0.0798 V           ; 0.192 V                              ; 0.22 V                               ; 8.68e-10 s                  ; 6.46e-10 s                  ; No                         ; No                         ; 3.08 V                      ; 1.11e-08 V                  ; 3.13 V             ; -0.0798 V          ; 0.192 V                             ; 0.22 V                              ; 8.68e-10 s                 ; 6.46e-10 s                 ; No                        ; No                        ;
; SRAM_DATA_IO[12]        ; 3.3-V LVTTL  ; 0 s                 ; 0 s                 ; 3.08 V                       ; 1.11e-08 V                   ; 3.13 V              ; -0.0798 V           ; 0.192 V                              ; 0.22 V                               ; 8.68e-10 s                  ; 6.46e-10 s                  ; No                         ; No                         ; 3.08 V                      ; 1.11e-08 V                  ; 3.13 V             ; -0.0798 V          ; 0.192 V                             ; 0.22 V                              ; 8.68e-10 s                 ; 6.46e-10 s                 ; No                        ; No                        ;
; SRAM_DATA_IO[13]        ; 3.3-V LVTTL  ; 0 s                 ; 0 s                 ; 3.08 V                       ; 1.58e-08 V                   ; 3.13 V              ; -0.117 V            ; 0.143 V                              ; 0.259 V                              ; 6.22e-10 s                  ; 4.46e-10 s                  ; No                         ; No                         ; 3.08 V                      ; 1.58e-08 V                  ; 3.13 V             ; -0.117 V           ; 0.143 V                             ; 0.259 V                             ; 6.22e-10 s                 ; 4.46e-10 s                 ; No                        ; No                        ;
; SRAM_DATA_IO[14]        ; 3.3-V LVTTL  ; 0 s                 ; 0 s                 ; 3.08 V                       ; 1.58e-08 V                   ; 3.13 V              ; -0.117 V            ; 0.143 V                              ; 0.259 V                              ; 6.22e-10 s                  ; 4.46e-10 s                  ; No                         ; No                         ; 3.08 V                      ; 1.58e-08 V                  ; 3.13 V             ; -0.117 V           ; 0.143 V                             ; 0.259 V                             ; 6.22e-10 s                 ; 4.46e-10 s                 ; No                        ; No                        ;
; SRAM_DATA_IO[15]        ; 3.3-V LVTTL  ; 0 s                 ; 0 s                 ; 3.08 V                       ; 1.58e-08 V                   ; 3.13 V              ; -0.117 V            ; 0.143 V                              ; 0.259 V                              ; 6.22e-10 s                  ; 4.46e-10 s                  ; No                         ; No                         ; 3.08 V                      ; 1.58e-08 V                  ; 3.13 V             ; -0.117 V           ; 0.143 V                             ; 0.259 V                             ; 6.22e-10 s                 ; 4.46e-10 s                 ; No                        ; No                        ;
; ~ALTERA_DCLK~           ; 2.5 V        ; 0 s                 ; 0 s                 ; 2.32 V                       ; 2.67e-09 V                   ; 2.38 V              ; -0.0485 V           ; 0.167 V                              ; 0.096 V                              ; 2.95e-10 s                  ; 2.73e-10 s                  ; Yes                        ; Yes                        ; 2.32 V                      ; 2.67e-09 V                  ; 2.38 V             ; -0.0485 V          ; 0.167 V                             ; 0.096 V                             ; 2.95e-10 s                 ; 2.73e-10 s                 ; Yes                       ; Yes                       ;
; ~ALTERA_nCEO~           ; 2.5 V        ; 0 s                 ; 0 s                 ; 2.32 V                       ; 4.18e-09 V                   ; 2.38 V              ; -0.00483 V          ; 0.152 V                              ; 0.012 V                              ; 4.81e-10 s                  ; 6.29e-10 s                  ; Yes                        ; Yes                        ; 2.32 V                      ; 4.18e-09 V                  ; 2.38 V             ; -0.00483 V         ; 0.152 V                             ; 0.012 V                             ; 4.81e-10 s                 ; 6.29e-10 s                 ; Yes                       ; Yes                       ;
+-------------------------+--------------+---------------------+---------------------+------------------------------+------------------------------+---------------------+---------------------+--------------------------------------+--------------------------------------+-----------------------------+-----------------------------+----------------------------+----------------------------+-----------------------------+-----------------------------+--------------------+--------------------+-------------------------------------+-------------------------------------+----------------------------+----------------------------+---------------------------+---------------------------+


+------------------------------------------------------------------------------------------------------------------------------------------------------------------------------------------------------------------------------------------------------------------------------------------------------------------------------------------------------------------------------------------------------------------------------------------------------------------------------------------------------------------------------------------------------------------------------------------------------------------------------------------------------------------------------------------------------+
; Signal Integrity Metrics (Slow 1200mv 85c Model)                                                                                                                                                                                                                                                                                                                                                                                                                                                                                                                                                                                                                                                     ;
+-------------------------+--------------+---------------------+---------------------+------------------------------+------------------------------+---------------------+---------------------+--------------------------------------+--------------------------------------+-----------------------------+-----------------------------+----------------------------+----------------------------+-----------------------------+-----------------------------+--------------------+--------------------+-------------------------------------+-------------------------------------+----------------------------+----------------------------+---------------------------+---------------------------+
; Pin                     ; I/O Standard ; Board Delay on Rise ; Board Delay on Fall ; Steady State Voh at FPGA Pin ; Steady State Vol at FPGA Pin ; Voh Max at FPGA Pin ; Vol Min at FPGA Pin ; Ringback Voltage on Rise at FPGA Pin ; Ringback Voltage on Fall at FPGA Pin ; 10-90 Rise Time at FPGA Pin ; 90-10 Fall Time at FPGA Pin ; Monotonic Rise at FPGA Pin ; Monotonic Fall at FPGA Pin ; Steady State Voh at Far-end ; Steady State Vol at Far-end ; Voh Max at Far-end ; Vol Min at Far-end ; Ringback Voltage on Rise at Far-end ; Ringback Voltage on Fall at Far-end ; 10-90 Rise Time at Far-end ; 90-10 Fall Time at Far-end ; Monotonic Rise at Far-end ; Monotonic Fall at Far-end ;
+-------------------------+--------------+---------------------+---------------------+------------------------------+------------------------------+---------------------+---------------------+--------------------------------------+--------------------------------------+-----------------------------+-----------------------------+----------------------------+----------------------------+-----------------------------+-----------------------------+--------------------+--------------------+-------------------------------------+-------------------------------------+----------------------------+----------------------------+---------------------------+---------------------------+
; SEVEN_SEGMENT_N_O[0][0] ; 2.5 V        ; 0 s                 ; 0 s                 ; 2.32 V                       ; 9.11e-07 V                   ; 2.35 V              ; -0.0157 V           ; 0.099 V                              ; 0.04 V                               ; 4.46e-10 s                  ; 5.75e-10 s                  ; Yes                        ; Yes                        ; 2.32 V                      ; 9.11e-07 V                  ; 2.35 V             ; -0.0157 V          ; 0.099 V                             ; 0.04 V                              ; 4.46e-10 s                 ; 5.75e-10 s                 ; Yes                       ; Yes                       ;
; SEVEN_SEGMENT_N_O[0][1] ; 2.5 V        ; 0 s                 ; 0 s                 ; 2.32 V                       ; 9.11e-07 V                   ; 2.33 V              ; -0.000991 V         ; 0.123 V                              ; 0.042 V                              ; 3.28e-09 s                  ; 4.23e-09 s                  ; Yes                        ; Yes                        ; 2.32 V                      ; 9.11e-07 V                  ; 2.33 V             ; -0.000991 V        ; 0.123 V                             ; 0.042 V                             ; 3.28e-09 s                 ; 4.23e-09 s                 ; Yes                       ; Yes                       ;
; SEVEN_SEGMENT_N_O[0][2] ; 2.5 V        ; 0 s                 ; 0 s                 ; 2.32 V                       ; 9.11e-07 V                   ; 2.35 V              ; -0.0157 V           ; 0.099 V                              ; 0.04 V                               ; 4.46e-10 s                  ; 5.75e-10 s                  ; Yes                        ; Yes                        ; 2.32 V                      ; 9.11e-07 V                  ; 2.35 V             ; -0.0157 V          ; 0.099 V                             ; 0.04 V                              ; 4.46e-10 s                 ; 5.75e-10 s                 ; Yes                       ; Yes                       ;
; SEVEN_SEGMENT_N_O[0][3] ; 2.5 V        ; 0 s                 ; 0 s                 ; 2.32 V                       ; 6.15e-07 V                   ; 2.35 V              ; -0.013 V            ; 0.087 V                              ; 0.034 V                              ; 4.36e-10 s                  ; 5.57e-10 s                  ; Yes                        ; Yes                        ; 2.32 V                      ; 6.15e-07 V                  ; 2.35 V             ; -0.013 V           ; 0.087 V                             ; 0.034 V                             ; 4.36e-10 s                 ; 5.57e-10 s                 ; Yes                       ; Yes                       ;
; SEVEN_SEGMENT_N_O[0][4] ; 2.5 V        ; 0 s                 ; 0 s                 ; 2.32 V                       ; 6.15e-07 V                   ; 2.35 V              ; -0.013 V            ; 0.087 V                              ; 0.034 V                              ; 4.36e-10 s                  ; 5.57e-10 s                  ; Yes                        ; Yes                        ; 2.32 V                      ; 6.15e-07 V                  ; 2.35 V             ; -0.013 V           ; 0.087 V                             ; 0.034 V                             ; 4.36e-10 s                 ; 5.57e-10 s                 ; Yes                       ; Yes                       ;
; SEVEN_SEGMENT_N_O[0][5] ; 2.5 V        ; 0 s                 ; 0 s                 ; 2.32 V                       ; 6.15e-07 V                   ; 2.33 V              ; -0.000779 V         ; 0.12 V                               ; 0.04 V                               ; 3.27e-09 s                  ; 4.21e-09 s                  ; Yes                        ; Yes                        ; 2.32 V                      ; 6.15e-07 V                  ; 2.33 V             ; -0.000779 V        ; 0.12 V                              ; 0.04 V                              ; 3.27e-09 s                 ; 4.21e-09 s                 ; Yes                       ; Yes                       ;
; SEVEN_SEGMENT_N_O[0][6] ; 2.5 V        ; 0 s                 ; 0 s                 ; 2.32 V                       ; 6.15e-07 V                   ; 2.35 V              ; -0.013 V            ; 0.087 V                              ; 0.034 V                              ; 4.36e-10 s                  ; 5.57e-10 s                  ; Yes                        ; Yes                        ; 2.32 V                      ; 6.15e-07 V                  ; 2.35 V             ; -0.013 V           ; 0.087 V                             ; 0.034 V                             ; 4.36e-10 s                 ; 5.57e-10 s                 ; Yes                       ; Yes                       ;
; SEVEN_SEGMENT_N_O[1][0] ; 2.5 V        ; 0 s                 ; 0 s                 ; 2.32 V                       ; 6.15e-07 V                   ; 2.35 V              ; -0.013 V            ; 0.087 V                              ; 0.034 V                              ; 4.36e-10 s                  ; 5.57e-10 s                  ; Yes                        ; Yes                        ; 2.32 V                      ; 6.15e-07 V                  ; 2.35 V             ; -0.013 V           ; 0.087 V                             ; 0.034 V                             ; 4.36e-10 s                 ; 5.57e-10 s                 ; Yes                       ; Yes                       ;
; SEVEN_SEGMENT_N_O[1][1] ; 2.5 V        ; 0 s                 ; 0 s                 ; 2.32 V                       ; 6.15e-07 V                   ; 2.35 V              ; -0.00712 V          ; 0.093 V                              ; 0.02 V                               ; 6.21e-10 s                  ; 7.9e-10 s                   ; Yes                        ; Yes                        ; 2.32 V                      ; 6.15e-07 V                  ; 2.35 V             ; -0.00712 V         ; 0.093 V                             ; 0.02 V                              ; 6.21e-10 s                 ; 7.9e-10 s                  ; Yes                       ; Yes                       ;
; SEVEN_SEGMENT_N_O[1][2] ; 2.5 V        ; 0 s                 ; 0 s                 ; 2.32 V                       ; 6.15e-07 V                   ; 2.35 V              ; -0.00712 V          ; 0.093 V                              ; 0.02 V                               ; 6.21e-10 s                  ; 7.9e-10 s                   ; Yes                        ; Yes                        ; 2.32 V                      ; 6.15e-07 V                  ; 2.35 V             ; -0.00712 V         ; 0.093 V                             ; 0.02 V                              ; 6.21e-10 s                 ; 7.9e-10 s                  ; Yes                       ; Yes                       ;
; SEVEN_SEGMENT_N_O[1][3] ; 2.5 V        ; 0 s                 ; 0 s                 ; 2.32 V                       ; 6.15e-07 V                   ; 2.35 V              ; -0.00712 V          ; 0.093 V                              ; 0.02 V                               ; 6.21e-10 s                  ; 7.9e-10 s                   ; Yes                        ; Yes                        ; 2.32 V                      ; 6.15e-07 V                  ; 2.35 V             ; -0.00712 V         ; 0.093 V                             ; 0.02 V                              ; 6.21e-10 s                 ; 7.9e-10 s                  ; Yes                       ; Yes                       ;
; SEVEN_SEGMENT_N_O[1][4] ; 2.5 V        ; 0 s                 ; 0 s                 ; 2.32 V                       ; 6.15e-07 V                   ; 2.35 V              ; -0.00712 V          ; 0.093 V                              ; 0.02 V                               ; 6.21e-10 s                  ; 7.9e-10 s                   ; Yes                        ; Yes                        ; 2.32 V                      ; 6.15e-07 V                  ; 2.35 V             ; -0.00712 V         ; 0.093 V                             ; 0.02 V                              ; 6.21e-10 s                 ; 7.9e-10 s                  ; Yes                       ; Yes                       ;
; SEVEN_SEGMENT_N_O[1][5] ; 2.5 V        ; 0 s                 ; 0 s                 ; 2.32 V                       ; 6.15e-07 V                   ; 2.33 V              ; -0.000779 V         ; 0.12 V                               ; 0.04 V                               ; 3.27e-09 s                  ; 4.21e-09 s                  ; Yes                        ; Yes                        ; 2.32 V                      ; 6.15e-07 V                  ; 2.33 V             ; -0.000779 V        ; 0.12 V                              ; 0.04 V                              ; 3.27e-09 s                 ; 4.21e-09 s                 ; Yes                       ; Yes                       ;
; SEVEN_SEGMENT_N_O[1][6] ; 2.5 V        ; 0 s                 ; 0 s                 ; 2.32 V                       ; 6.15e-07 V                   ; 2.33 V              ; -0.000779 V         ; 0.12 V                               ; 0.04 V                               ; 3.27e-09 s                  ; 4.21e-09 s                  ; Yes                        ; Yes                        ; 2.32 V                      ; 6.15e-07 V                  ; 2.33 V             ; -0.000779 V        ; 0.12 V                              ; 0.04 V                              ; 3.27e-09 s                 ; 4.21e-09 s                 ; Yes                       ; Yes                       ;
; SEVEN_SEGMENT_N_O[2][0] ; 2.5 V        ; 0 s                 ; 0 s                 ; 2.32 V                       ; 6.15e-07 V                   ; 2.35 V              ; -0.00712 V          ; 0.093 V                              ; 0.02 V                               ; 6.21e-10 s                  ; 7.9e-10 s                   ; Yes                        ; Yes                        ; 2.32 V                      ; 6.15e-07 V                  ; 2.35 V             ; -0.00712 V         ; 0.093 V                             ; 0.02 V                              ; 6.21e-10 s                 ; 7.9e-10 s                  ; Yes                       ; Yes                       ;
; SEVEN_SEGMENT_N_O[2][1] ; 2.5 V        ; 0 s                 ; 0 s                 ; 2.32 V                       ; 6.15e-07 V                   ; 2.35 V              ; -0.00712 V          ; 0.093 V                              ; 0.02 V                               ; 6.21e-10 s                  ; 7.9e-10 s                   ; Yes                        ; Yes                        ; 2.32 V                      ; 6.15e-07 V                  ; 2.35 V             ; -0.00712 V         ; 0.093 V                             ; 0.02 V                              ; 6.21e-10 s                 ; 7.9e-10 s                  ; Yes                       ; Yes                       ;
; SEVEN_SEGMENT_N_O[2][2] ; 2.5 V        ; 0 s                 ; 0 s                 ; 2.32 V                       ; 6.15e-07 V                   ; 2.35 V              ; -0.00712 V          ; 0.093 V                              ; 0.02 V                               ; 6.21e-10 s                  ; 7.9e-10 s                   ; Yes                        ; Yes                        ; 2.32 V                      ; 6.15e-07 V                  ; 2.35 V             ; -0.00712 V         ; 0.093 V                             ; 0.02 V                              ; 6.21e-10 s                 ; 7.9e-10 s                  ; Yes                       ; Yes                       ;
; SEVEN_SEGMENT_N_O[2][3] ; 2.5 V        ; 0 s                 ; 0 s                 ; 2.32 V                       ; 6.15e-07 V                   ; 2.35 V              ; -0.00712 V          ; 0.093 V                              ; 0.02 V                               ; 6.21e-10 s                  ; 7.9e-10 s                   ; Yes                        ; Yes                        ; 2.32 V                      ; 6.15e-07 V                  ; 2.35 V             ; -0.00712 V         ; 0.093 V                             ; 0.02 V                              ; 6.21e-10 s                 ; 7.9e-10 s                  ; Yes                       ; Yes                       ;
; SEVEN_SEGMENT_N_O[2][4] ; 2.5 V        ; 0 s                 ; 0 s                 ; 2.32 V                       ; 6.15e-07 V                   ; 2.35 V              ; -0.00712 V          ; 0.093 V                              ; 0.02 V                               ; 6.21e-10 s                  ; 7.9e-10 s                   ; Yes                        ; Yes                        ; 2.32 V                      ; 6.15e-07 V                  ; 2.35 V             ; -0.00712 V         ; 0.093 V                             ; 0.02 V                              ; 6.21e-10 s                 ; 7.9e-10 s                  ; Yes                       ; Yes                       ;
; SEVEN_SEGMENT_N_O[2][5] ; 2.5 V        ; 0 s                 ; 0 s                 ; 2.32 V                       ; 6.15e-07 V                   ; 2.35 V              ; -0.00712 V          ; 0.093 V                              ; 0.02 V                               ; 6.21e-10 s                  ; 7.9e-10 s                   ; Yes                        ; Yes                        ; 2.32 V                      ; 6.15e-07 V                  ; 2.35 V             ; -0.00712 V         ; 0.093 V                             ; 0.02 V                              ; 6.21e-10 s                 ; 7.9e-10 s                  ; Yes                       ; Yes                       ;
; SEVEN_SEGMENT_N_O[2][6] ; 2.5 V        ; 0 s                 ; 0 s                 ; 2.32 V                       ; 6.15e-07 V                   ; 2.35 V              ; -0.00712 V          ; 0.093 V                              ; 0.02 V                               ; 6.21e-10 s                  ; 7.9e-10 s                   ; Yes                        ; Yes                        ; 2.32 V                      ; 6.15e-07 V                  ; 2.35 V             ; -0.00712 V         ; 0.093 V                             ; 0.02 V                              ; 6.21e-10 s                 ; 7.9e-10 s                  ; Yes                       ; Yes                       ;
; SEVEN_SEGMENT_N_O[3][0] ; 2.5 V        ; 0 s                 ; 0 s                 ; 2.32 V                       ; 6.15e-07 V                   ; 2.35 V              ; -0.00712 V          ; 0.093 V                              ; 0.02 V                               ; 6.21e-10 s                  ; 7.9e-10 s                   ; Yes                        ; Yes                        ; 2.32 V                      ; 6.15e-07 V                  ; 2.35 V             ; -0.00712 V         ; 0.093 V                             ; 0.02 V                              ; 6.21e-10 s                 ; 7.9e-10 s                  ; Yes                       ; Yes                       ;
; SEVEN_SEGMENT_N_O[3][1] ; 2.5 V        ; 0 s                 ; 0 s                 ; 2.32 V                       ; 6.15e-07 V                   ; 2.35 V              ; -0.013 V            ; 0.087 V                              ; 0.034 V                              ; 4.36e-10 s                  ; 5.57e-10 s                  ; Yes                        ; Yes                        ; 2.32 V                      ; 6.15e-07 V                  ; 2.35 V             ; -0.013 V           ; 0.087 V                             ; 0.034 V                             ; 4.36e-10 s                 ; 5.57e-10 s                 ; Yes                       ; Yes                       ;
; SEVEN_SEGMENT_N_O[3][2] ; 3.3-V LVTTL  ; 0 s                 ; 0 s                 ; 3.08 V                       ; 1.9e-06 V                    ; 3.08 V              ; -0.00581 V          ; 0.138 V                              ; 0.22 V                               ; 5.55e-09 s                  ; 4.38e-09 s                  ; Yes                        ; Yes                        ; 3.08 V                      ; 1.9e-06 V                   ; 3.08 V             ; -0.00581 V         ; 0.138 V                             ; 0.22 V                              ; 5.55e-09 s                 ; 4.38e-09 s                 ; Yes                       ; Yes                       ;
; SEVEN_SEGMENT_N_O[3][3] ; 3.3-V LVTTL  ; 0 s                 ; 0 s                 ; 3.08 V                       ; 1.9e-06 V                    ; 3.11 V              ; -0.0625 V           ; 0.224 V                              ; 0.17 V                               ; 6.86e-10 s                  ; 6.31e-10 s                  ; Yes                        ; No                         ; 3.08 V                      ; 1.9e-06 V                   ; 3.11 V             ; -0.0625 V          ; 0.224 V                             ; 0.17 V                              ; 6.86e-10 s                 ; 6.31e-10 s                 ; Yes                       ; No                        ;
; SEVEN_SEGMENT_N_O[3][4] ; 3.3-V LVTTL  ; 0 s                 ; 0 s                 ; 3.08 V                       ; 1.9e-06 V                    ; 3.11 V              ; -0.0625 V           ; 0.224 V                              ; 0.17 V                               ; 6.86e-10 s                  ; 6.31e-10 s                  ; Yes                        ; No                         ; 3.08 V                      ; 1.9e-06 V                   ; 3.11 V             ; -0.0625 V          ; 0.224 V                             ; 0.17 V                              ; 6.86e-10 s                 ; 6.31e-10 s                 ; Yes                       ; No                        ;
; SEVEN_SEGMENT_N_O[3][5] ; 3.3-V LVTTL  ; 0 s                 ; 0 s                 ; 3.08 V                       ; 1.9e-06 V                    ; 3.11 V              ; -0.0625 V           ; 0.224 V                              ; 0.17 V                               ; 6.86e-10 s                  ; 6.31e-10 s                  ; Yes                        ; No                         ; 3.08 V                      ; 1.9e-06 V                   ; 3.11 V             ; -0.0625 V          ; 0.224 V                             ; 0.17 V                              ; 6.86e-10 s                 ; 6.31e-10 s                 ; Yes                       ; No                        ;
; SEVEN_SEGMENT_N_O[3][6] ; 3.3-V LVTTL  ; 0 s                 ; 0 s                 ; 3.08 V                       ; 1.9e-06 V                    ; 3.11 V              ; -0.0625 V           ; 0.224 V                              ; 0.17 V                               ; 6.86e-10 s                  ; 6.31e-10 s                  ; Yes                        ; No                         ; 3.08 V                      ; 1.9e-06 V                   ; 3.11 V             ; -0.0625 V          ; 0.224 V                             ; 0.17 V                              ; 6.86e-10 s                 ; 6.31e-10 s                 ; Yes                       ; No                        ;
; SEVEN_SEGMENT_N_O[4][0] ; 3.3-V LVTTL  ; 0 s                 ; 0 s                 ; 3.08 V                       ; 1.9e-06 V                    ; 3.11 V              ; -0.0625 V           ; 0.224 V                              ; 0.17 V                               ; 6.86e-10 s                  ; 6.31e-10 s                  ; Yes                        ; No                         ; 3.08 V                      ; 1.9e-06 V                   ; 3.11 V             ; -0.0625 V          ; 0.224 V                             ; 0.17 V                              ; 6.86e-10 s                 ; 6.31e-10 s                 ; Yes                       ; No                        ;
; SEVEN_SEGMENT_N_O[4][1] ; 3.3-V LVTTL  ; 0 s                 ; 0 s                 ; 3.08 V                       ; 1.9e-06 V                    ; 3.11 V              ; -0.0625 V           ; 0.224 V                              ; 0.17 V                               ; 6.86e-10 s                  ; 6.31e-10 s                  ; Yes                        ; No                         ; 3.08 V                      ; 1.9e-06 V                   ; 3.11 V             ; -0.0625 V          ; 0.224 V                             ; 0.17 V                              ; 6.86e-10 s                 ; 6.31e-10 s                 ; Yes                       ; No                        ;
; SEVEN_SEGMENT_N_O[4][2] ; 3.3-V LVTTL  ; 0 s                 ; 0 s                 ; 3.08 V                       ; 1.9e-06 V                    ; 3.11 V              ; -0.0625 V           ; 0.224 V                              ; 0.17 V                               ; 6.86e-10 s                  ; 6.31e-10 s                  ; Yes                        ; No                         ; 3.08 V                      ; 1.9e-06 V                   ; 3.11 V             ; -0.0625 V          ; 0.224 V                             ; 0.17 V                              ; 6.86e-10 s                 ; 6.31e-10 s                 ; Yes                       ; No                        ;
; SEVEN_SEGMENT_N_O[4][3] ; 3.3-V LVTTL  ; 0 s                 ; 0 s                 ; 3.08 V                       ; 1.9e-06 V                    ; 3.11 V              ; -0.0625 V           ; 0.224 V                              ; 0.17 V                               ; 6.86e-10 s                  ; 6.31e-10 s                  ; Yes                        ; No                         ; 3.08 V                      ; 1.9e-06 V                   ; 3.11 V             ; -0.0625 V          ; 0.224 V                             ; 0.17 V                              ; 6.86e-10 s                 ; 6.31e-10 s                 ; Yes                       ; No                        ;
; SEVEN_SEGMENT_N_O[4][4] ; 3.3-V LVTTL  ; 0 s                 ; 0 s                 ; 3.08 V                       ; 1.9e-06 V                    ; 3.11 V              ; -0.0625 V           ; 0.224 V                              ; 0.17 V                               ; 6.86e-10 s                  ; 6.31e-10 s                  ; Yes                        ; No                         ; 3.08 V                      ; 1.9e-06 V                   ; 3.11 V             ; -0.0625 V          ; 0.224 V                             ; 0.17 V                              ; 6.86e-10 s                 ; 6.31e-10 s                 ; Yes                       ; No                        ;
; SEVEN_SEGMENT_N_O[4][5] ; 3.3-V LVTTL  ; 0 s                 ; 0 s                 ; 3.08 V                       ; 1.9e-06 V                    ; 3.11 V              ; -0.0625 V           ; 0.224 V                              ; 0.17 V                               ; 6.86e-10 s                  ; 6.31e-10 s                  ; Yes                        ; No                         ; 3.08 V                      ; 1.9e-06 V                   ; 3.11 V             ; -0.0625 V          ; 0.224 V                             ; 0.17 V                              ; 6.86e-10 s                 ; 6.31e-10 s                 ; Yes                       ; No                        ;
; SEVEN_SEGMENT_N_O[4][6] ; 3.3-V LVTTL  ; 0 s                 ; 0 s                 ; 3.08 V                       ; 1.9e-06 V                    ; 3.11 V              ; -0.0625 V           ; 0.224 V                              ; 0.17 V                               ; 6.86e-10 s                  ; 6.31e-10 s                  ; Yes                        ; No                         ; 3.08 V                      ; 1.9e-06 V                   ; 3.11 V             ; -0.0625 V          ; 0.224 V                             ; 0.17 V                              ; 6.86e-10 s                 ; 6.31e-10 s                 ; Yes                       ; No                        ;
; SEVEN_SEGMENT_N_O[5][0] ; 3.3-V LVTTL  ; 0 s                 ; 0 s                 ; 3.08 V                       ; 1.9e-06 V                    ; 3.11 V              ; -0.0625 V           ; 0.224 V                              ; 0.17 V                               ; 6.86e-10 s                  ; 6.31e-10 s                  ; Yes                        ; No                         ; 3.08 V                      ; 1.9e-06 V                   ; 3.11 V             ; -0.0625 V          ; 0.224 V                             ; 0.17 V                              ; 6.86e-10 s                 ; 6.31e-10 s                 ; Yes                       ; No                        ;
; SEVEN_SEGMENT_N_O[5][1] ; 3.3-V LVTTL  ; 0 s                 ; 0 s                 ; 3.08 V                       ; 1.9e-06 V                    ; 3.08 V              ; -0.00581 V          ; 0.138 V                              ; 0.22 V                               ; 5.55e-09 s                  ; 4.38e-09 s                  ; Yes                        ; Yes                        ; 3.08 V                      ; 1.9e-06 V                   ; 3.08 V             ; -0.00581 V         ; 0.138 V                             ; 0.22 V                              ; 5.55e-09 s                 ; 4.38e-09 s                 ; Yes                       ; Yes                       ;
; SEVEN_SEGMENT_N_O[5][2] ; 3.3-V LVTTL  ; 0 s                 ; 0 s                 ; 3.08 V                       ; 1.9e-06 V                    ; 3.11 V              ; -0.0625 V           ; 0.224 V                              ; 0.17 V                               ; 6.86e-10 s                  ; 6.31e-10 s                  ; Yes                        ; No                         ; 3.08 V                      ; 1.9e-06 V                   ; 3.11 V             ; -0.0625 V          ; 0.224 V                             ; 0.17 V                              ; 6.86e-10 s                 ; 6.31e-10 s                 ; Yes                       ; No                        ;
; SEVEN_SEGMENT_N_O[5][3] ; 3.3-V LVTTL  ; 0 s                 ; 0 s                 ; 3.08 V                       ; 1.9e-06 V                    ; 3.11 V              ; -0.0625 V           ; 0.224 V                              ; 0.17 V                               ; 6.86e-10 s                  ; 6.31e-10 s                  ; Yes                        ; No                         ; 3.08 V                      ; 1.9e-06 V                   ; 3.11 V             ; -0.0625 V          ; 0.224 V                             ; 0.17 V                              ; 6.86e-10 s                 ; 6.31e-10 s                 ; Yes                       ; No                        ;
; SEVEN_SEGMENT_N_O[5][4] ; 3.3-V LVTTL  ; 0 s                 ; 0 s                 ; 3.08 V                       ; 1.9e-06 V                    ; 3.11 V              ; -0.0625 V           ; 0.224 V                              ; 0.17 V                               ; 6.86e-10 s                  ; 6.31e-10 s                  ; Yes                        ; No                         ; 3.08 V                      ; 1.9e-06 V                   ; 3.11 V             ; -0.0625 V          ; 0.224 V                             ; 0.17 V                              ; 6.86e-10 s                 ; 6.31e-10 s                 ; Yes                       ; No                        ;
; SEVEN_SEGMENT_N_O[5][5] ; 3.3-V LVTTL  ; 0 s                 ; 0 s                 ; 3.08 V                       ; 1.9e-06 V                    ; 3.11 V              ; -0.0625 V           ; 0.224 V                              ; 0.17 V                               ; 6.86e-10 s                  ; 6.31e-10 s                  ; Yes                        ; No                         ; 3.08 V                      ; 1.9e-06 V                   ; 3.11 V             ; -0.0625 V          ; 0.224 V                             ; 0.17 V                              ; 6.86e-10 s                 ; 6.31e-10 s                 ; Yes                       ; No                        ;
; SEVEN_SEGMENT_N_O[5][6] ; 3.3-V LVTTL  ; 0 s                 ; 0 s                 ; 3.08 V                       ; 1.9e-06 V                    ; 3.11 V              ; -0.0625 V           ; 0.224 V                              ; 0.17 V                               ; 6.86e-10 s                  ; 6.31e-10 s                  ; Yes                        ; No                         ; 3.08 V                      ; 1.9e-06 V                   ; 3.11 V             ; -0.0625 V          ; 0.224 V                             ; 0.17 V                              ; 6.86e-10 s                 ; 6.31e-10 s                 ; Yes                       ; No                        ;
; SEVEN_SEGMENT_N_O[6][0] ; 3.3-V LVTTL  ; 0 s                 ; 0 s                 ; 3.08 V                       ; 1.9e-06 V                    ; 3.11 V              ; -0.0625 V           ; 0.224 V                              ; 0.17 V                               ; 6.86e-10 s                  ; 6.31e-10 s                  ; Yes                        ; No                         ; 3.08 V                      ; 1.9e-06 V                   ; 3.11 V             ; -0.0625 V          ; 0.224 V                             ; 0.17 V                              ; 6.86e-10 s                 ; 6.31e-10 s                 ; Yes                       ; No                        ;
; SEVEN_SEGMENT_N_O[6][1] ; 3.3-V LVTTL  ; 0 s                 ; 0 s                 ; 3.08 V                       ; 1.9e-06 V                    ; 3.11 V              ; -0.0625 V           ; 0.224 V                              ; 0.17 V                               ; 6.86e-10 s                  ; 6.31e-10 s                  ; Yes                        ; No                         ; 3.08 V                      ; 1.9e-06 V                   ; 3.11 V             ; -0.0625 V          ; 0.224 V                             ; 0.17 V                              ; 6.86e-10 s                 ; 6.31e-10 s                 ; Yes                       ; No                        ;
; SEVEN_SEGMENT_N_O[6][2] ; 3.3-V LVTTL  ; 0 s                 ; 0 s                 ; 3.08 V                       ; 1.9e-06 V                    ; 3.11 V              ; -0.0625 V           ; 0.224 V                              ; 0.17 V                               ; 6.86e-10 s                  ; 6.31e-10 s                  ; Yes                        ; No                         ; 3.08 V                      ; 1.9e-06 V                   ; 3.11 V             ; -0.0625 V          ; 0.224 V                             ; 0.17 V                              ; 6.86e-10 s                 ; 6.31e-10 s                 ; Yes                       ; No                        ;
; SEVEN_SEGMENT_N_O[6][3] ; 3.3-V LVTTL  ; 0 s                 ; 0 s                 ; 3.08 V                       ; 1.9e-06 V                    ; 3.11 V              ; -0.0625 V           ; 0.224 V                              ; 0.17 V                               ; 6.86e-10 s                  ; 6.31e-10 s                  ; Yes                        ; No                         ; 3.08 V                      ; 1.9e-06 V                   ; 3.11 V             ; -0.0625 V          ; 0.224 V                             ; 0.17 V                              ; 6.86e-10 s                 ; 6.31e-10 s                 ; Yes                       ; No                        ;
; SEVEN_SEGMENT_N_O[6][4] ; 3.3-V LVTTL  ; 0 s                 ; 0 s                 ; 3.08 V                       ; 1.9e-06 V                    ; 3.11 V              ; -0.0625 V           ; 0.224 V                              ; 0.17 V                               ; 6.86e-10 s                  ; 6.31e-10 s                  ; Yes                        ; No                         ; 3.08 V                      ; 1.9e-06 V                   ; 3.11 V             ; -0.0625 V          ; 0.224 V                             ; 0.17 V                              ; 6.86e-10 s                 ; 6.31e-10 s                 ; Yes                       ; No                        ;
; SEVEN_SEGMENT_N_O[6][5] ; 3.3-V LVTTL  ; 0 s                 ; 0 s                 ; 3.08 V                       ; 1.9e-06 V                    ; 3.08 V              ; -0.00581 V          ; 0.138 V                              ; 0.22 V                               ; 5.55e-09 s                  ; 4.38e-09 s                  ; Yes                        ; Yes                        ; 3.08 V                      ; 1.9e-06 V                   ; 3.08 V             ; -0.00581 V         ; 0.138 V                             ; 0.22 V                              ; 5.55e-09 s                 ; 4.38e-09 s                 ; Yes                       ; Yes                       ;
; SEVEN_SEGMENT_N_O[6][6] ; 3.3-V LVTTL  ; 0 s                 ; 0 s                 ; 3.08 V                       ; 1.9e-06 V                    ; 3.11 V              ; -0.0625 V           ; 0.224 V                              ; 0.17 V                               ; 6.86e-10 s                  ; 6.31e-10 s                  ; Yes                        ; No                         ; 3.08 V                      ; 1.9e-06 V                   ; 3.11 V             ; -0.0625 V          ; 0.224 V                             ; 0.17 V                              ; 6.86e-10 s                 ; 6.31e-10 s                 ; Yes                       ; No                        ;
; SEVEN_SEGMENT_N_O[7][0] ; 3.3-V LVTTL  ; 0 s                 ; 0 s                 ; 3.08 V                       ; 1.9e-06 V                    ; 3.11 V              ; -0.0625 V           ; 0.224 V                              ; 0.17 V                               ; 6.86e-10 s                  ; 6.31e-10 s                  ; Yes                        ; No                         ; 3.08 V                      ; 1.9e-06 V                   ; 3.11 V             ; -0.0625 V          ; 0.224 V                             ; 0.17 V                              ; 6.86e-10 s                 ; 6.31e-10 s                 ; Yes                       ; No                        ;
; SEVEN_SEGMENT_N_O[7][1] ; 3.3-V LVTTL  ; 0 s                 ; 0 s                 ; 3.08 V                       ; 1.9e-06 V                    ; 3.11 V              ; -0.0625 V           ; 0.224 V                              ; 0.17 V                               ; 6.86e-10 s                  ; 6.31e-10 s                  ; Yes                        ; No                         ; 3.08 V                      ; 1.9e-06 V                   ; 3.11 V             ; -0.0625 V          ; 0.224 V                             ; 0.17 V                              ; 6.86e-10 s                 ; 6.31e-10 s                 ; Yes                       ; No                        ;
; SEVEN_SEGMENT_N_O[7][2] ; 3.3-V LVTTL  ; 0 s                 ; 0 s                 ; 3.08 V                       ; 1.9e-06 V                    ; 3.11 V              ; -0.0625 V           ; 0.224 V                              ; 0.17 V                               ; 6.86e-10 s                  ; 6.31e-10 s                  ; Yes                        ; No                         ; 3.08 V                      ; 1.9e-06 V                   ; 3.11 V             ; -0.0625 V          ; 0.224 V                             ; 0.17 V                              ; 6.86e-10 s                 ; 6.31e-10 s                 ; Yes                       ; No                        ;
; SEVEN_SEGMENT_N_O[7][3] ; 3.3-V LVTTL  ; 0 s                 ; 0 s                 ; 3.08 V                       ; 1.9e-06 V                    ; 3.11 V              ; -0.0625 V           ; 0.224 V                              ; 0.17 V                               ; 6.86e-10 s                  ; 6.31e-10 s                  ; Yes                        ; No                         ; 3.08 V                      ; 1.9e-06 V                   ; 3.11 V             ; -0.0625 V          ; 0.224 V                             ; 0.17 V                              ; 6.86e-10 s                 ; 6.31e-10 s                 ; Yes                       ; No                        ;
; SEVEN_SEGMENT_N_O[7][4] ; 3.3-V LVTTL  ; 0 s                 ; 0 s                 ; 3.08 V                       ; 1.9e-06 V                    ; 3.11 V              ; -0.0625 V           ; 0.224 V                              ; 0.17 V                               ; 6.86e-10 s                  ; 6.31e-10 s                  ; Yes                        ; No                         ; 3.08 V                      ; 1.9e-06 V                   ; 3.11 V             ; -0.0625 V          ; 0.224 V                             ; 0.17 V                              ; 6.86e-10 s                 ; 6.31e-10 s                 ; Yes                       ; No                        ;
; SEVEN_SEGMENT_N_O[7][5] ; 3.3-V LVTTL  ; 0 s                 ; 0 s                 ; 3.08 V                       ; 1.9e-06 V                    ; 3.11 V              ; -0.0625 V           ; 0.224 V                              ; 0.17 V                               ; 6.86e-10 s                  ; 6.31e-10 s                  ; Yes                        ; No                         ; 3.08 V                      ; 1.9e-06 V                   ; 3.11 V             ; -0.0625 V          ; 0.224 V                             ; 0.17 V                              ; 6.86e-10 s                 ; 6.31e-10 s                 ; Yes                       ; No                        ;
; SEVEN_SEGMENT_N_O[7][6] ; 3.3-V LVTTL  ; 0 s                 ; 0 s                 ; 3.08 V                       ; 1.9e-06 V                    ; 3.11 V              ; -0.0625 V           ; 0.224 V                              ; 0.17 V                               ; 6.86e-10 s                  ; 6.31e-10 s                  ; Yes                        ; No                         ; 3.08 V                      ; 1.9e-06 V                   ; 3.11 V             ; -0.0625 V          ; 0.224 V                             ; 0.17 V                              ; 6.86e-10 s                 ; 6.31e-10 s                 ; Yes                       ; No                        ;
; LED_GREEN_O[0]          ; 2.5 V        ; 0 s                 ; 0 s                 ; 2.32 V                       ; 9.11e-07 V                   ; 2.35 V              ; -0.0157 V           ; 0.099 V                              ; 0.04 V                               ; 4.46e-10 s                  ; 5.75e-10 s                  ; Yes                        ; Yes                        ; 2.32 V                      ; 9.11e-07 V                  ; 2.35 V             ; -0.0157 V          ; 0.099 V                             ; 0.04 V                              ; 4.46e-10 s                 ; 5.75e-10 s                 ; Yes                       ; Yes                       ;
; LED_GREEN_O[1]          ; 2.5 V        ; 0 s                 ; 0 s                 ; 2.32 V                       ; 9.11e-07 V                   ; 2.35 V              ; -0.0157 V           ; 0.099 V                              ; 0.04 V                               ; 4.46e-10 s                  ; 5.75e-10 s                  ; Yes                        ; Yes                        ; 2.32 V                      ; 9.11e-07 V                  ; 2.35 V             ; -0.0157 V          ; 0.099 V                             ; 0.04 V                              ; 4.46e-10 s                 ; 5.75e-10 s                 ; Yes                       ; Yes                       ;
; LED_GREEN_O[2]          ; 2.5 V        ; 0 s                 ; 0 s                 ; 2.32 V                       ; 9.11e-07 V                   ; 2.35 V              ; -0.0157 V           ; 0.099 V                              ; 0.04 V                               ; 4.46e-10 s                  ; 5.75e-10 s                  ; Yes                        ; Yes                        ; 2.32 V                      ; 9.11e-07 V                  ; 2.35 V             ; -0.0157 V          ; 0.099 V                             ; 0.04 V                              ; 4.46e-10 s                 ; 5.75e-10 s                 ; Yes                       ; Yes                       ;
; LED_GREEN_O[3]          ; 2.5 V        ; 0 s                 ; 0 s                 ; 2.32 V                       ; 9.11e-07 V                   ; 2.35 V              ; -0.0157 V           ; 0.099 V                              ; 0.04 V                               ; 4.46e-10 s                  ; 5.75e-10 s                  ; Yes                        ; Yes                        ; 2.32 V                      ; 9.11e-07 V                  ; 2.35 V             ; -0.0157 V          ; 0.099 V                             ; 0.04 V                              ; 4.46e-10 s                 ; 5.75e-10 s                 ; Yes                       ; Yes                       ;
; LED_GREEN_O[4]          ; 2.5 V        ; 0 s                 ; 0 s                 ; 2.32 V                       ; 9.11e-07 V                   ; 2.35 V              ; -0.0157 V           ; 0.099 V                              ; 0.04 V                               ; 4.46e-10 s                  ; 5.75e-10 s                  ; Yes                        ; Yes                        ; 2.32 V                      ; 9.11e-07 V                  ; 2.35 V             ; -0.0157 V          ; 0.099 V                             ; 0.04 V                              ; 4.46e-10 s                 ; 5.75e-10 s                 ; Yes                       ; Yes                       ;
; LED_GREEN_O[5]          ; 2.5 V        ; 0 s                 ; 0 s                 ; 2.32 V                       ; 9.11e-07 V                   ; 2.35 V              ; -0.0157 V           ; 0.099 V                              ; 0.04 V                               ; 4.46e-10 s                  ; 5.75e-10 s                  ; Yes                        ; Yes                        ; 2.32 V                      ; 9.11e-07 V                  ; 2.35 V             ; -0.0157 V          ; 0.099 V                             ; 0.04 V                              ; 4.46e-10 s                 ; 5.75e-10 s                 ; Yes                       ; Yes                       ;
; LED_GREEN_O[6]          ; 2.5 V        ; 0 s                 ; 0 s                 ; 2.32 V                       ; 9.11e-07 V                   ; 2.35 V              ; -0.0157 V           ; 0.099 V                              ; 0.04 V                               ; 4.46e-10 s                  ; 5.75e-10 s                  ; Yes                        ; Yes                        ; 2.32 V                      ; 9.11e-07 V                  ; 2.35 V             ; -0.0157 V          ; 0.099 V                             ; 0.04 V                              ; 4.46e-10 s                 ; 5.75e-10 s                 ; Yes                       ; Yes                       ;
; LED_GREEN_O[7]          ; 2.5 V        ; 0 s                 ; 0 s                 ; 2.32 V                       ; 9.11e-07 V                   ; 2.35 V              ; -0.0157 V           ; 0.099 V                              ; 0.04 V                               ; 4.46e-10 s                  ; 5.75e-10 s                  ; Yes                        ; Yes                        ; 2.32 V                      ; 9.11e-07 V                  ; 2.35 V             ; -0.0157 V          ; 0.099 V                             ; 0.04 V                              ; 4.46e-10 s                 ; 5.75e-10 s                 ; Yes                       ; Yes                       ;
; LED_GREEN_O[8]          ; 2.5 V        ; 0 s                 ; 0 s                 ; 2.32 V                       ; 9.11e-07 V                   ; 2.35 V              ; -0.0157 V           ; 0.099 V                              ; 0.04 V                               ; 4.46e-10 s                  ; 5.75e-10 s                  ; Yes                        ; Yes                        ; 2.32 V                      ; 9.11e-07 V                  ; 2.35 V             ; -0.0157 V          ; 0.099 V                             ; 0.04 V                              ; 4.46e-10 s                 ; 5.75e-10 s                 ; Yes                       ; Yes                       ;
; VGA_CLOCK_O             ; 3.3-V LVTTL  ; 0 s                 ; 0 s                 ; 3.08 V                       ; 1.9e-06 V                    ; 3.11 V              ; -0.0625 V           ; 0.224 V                              ; 0.17 V                               ; 6.86e-10 s                  ; 6.31e-10 s                  ; Yes                        ; No                         ; 3.08 V                      ; 1.9e-06 V                   ; 3.11 V             ; -0.0625 V          ; 0.224 V                             ; 0.17 V                              ; 6.86e-10 s                 ; 6.31e-10 s                 ; Yes                       ; No                        ;
; VGA_HSYNC_O             ; 3.3-V LVTTL  ; 0 s                 ; 0 s                 ; 3.08 V                       ; 1.9e-06 V                    ; 3.11 V              ; -0.0625 V           ; 0.224 V                              ; 0.17 V                               ; 6.86e-10 s                  ; 6.31e-10 s                  ; Yes                        ; No                         ; 3.08 V                      ; 1.9e-06 V                   ; 3.11 V             ; -0.0625 V          ; 0.224 V                             ; 0.17 V                              ; 6.86e-10 s                 ; 6.31e-10 s                 ; Yes                       ; No                        ;
; VGA_VSYNC_O             ; 3.3-V LVTTL  ; 0 s                 ; 0 s                 ; 3.08 V                       ; 1.9e-06 V                    ; 3.11 V              ; -0.0625 V           ; 0.224 V                              ; 0.17 V                               ; 6.86e-10 s                  ; 6.31e-10 s                  ; Yes                        ; No                         ; 3.08 V                      ; 1.9e-06 V                   ; 3.11 V             ; -0.0625 V          ; 0.224 V                             ; 0.17 V                              ; 6.86e-10 s                 ; 6.31e-10 s                 ; Yes                       ; No                        ;
; VGA_BLANK_O             ; 3.3-V LVTTL  ; 0 s                 ; 0 s                 ; 3.08 V                       ; 1.9e-06 V                    ; 3.11 V              ; -0.0625 V           ; 0.224 V                              ; 0.17 V                               ; 6.86e-10 s                  ; 6.31e-10 s                  ; Yes                        ; No                         ; 3.08 V                      ; 1.9e-06 V                   ; 3.11 V             ; -0.0625 V          ; 0.224 V                             ; 0.17 V                              ; 6.86e-10 s                 ; 6.31e-10 s                 ; Yes                       ; No                        ;
; VGA_SYNC_O              ; 3.3-V LVTTL  ; 0 s                 ; 0 s                 ; 3.08 V                       ; 1.9e-06 V                    ; 3.11 V              ; -0.0625 V           ; 0.224 V                              ; 0.17 V                               ; 6.86e-10 s                  ; 6.31e-10 s                  ; Yes                        ; No                         ; 3.08 V                      ; 1.9e-06 V                   ; 3.11 V             ; -0.0625 V          ; 0.224 V                             ; 0.17 V                              ; 6.86e-10 s                 ; 6.31e-10 s                 ; Yes                       ; No                        ;
; VGA_RED_O[0]            ; 3.3-V LVTTL  ; 0 s                 ; 0 s                 ; 3.08 V                       ; 1.9e-06 V                    ; 3.11 V              ; -0.0625 V           ; 0.224 V                              ; 0.17 V                               ; 6.86e-10 s                  ; 6.31e-10 s                  ; Yes                        ; No                         ; 3.08 V                      ; 1.9e-06 V                   ; 3.11 V             ; -0.0625 V          ; 0.224 V                             ; 0.17 V                              ; 6.86e-10 s                 ; 6.31e-10 s                 ; Yes                       ; No                        ;
; VGA_RED_O[1]            ; 3.3-V LVTTL  ; 0 s                 ; 0 s                 ; 3.08 V                       ; 1.9e-06 V                    ; 3.11 V              ; -0.0625 V           ; 0.224 V                              ; 0.17 V                               ; 6.86e-10 s                  ; 6.31e-10 s                  ; Yes                        ; No                         ; 3.08 V                      ; 1.9e-06 V                   ; 3.11 V             ; -0.0625 V          ; 0.224 V                             ; 0.17 V                              ; 6.86e-10 s                 ; 6.31e-10 s                 ; Yes                       ; No                        ;
; VGA_RED_O[2]            ; 3.3-V LVTTL  ; 0 s                 ; 0 s                 ; 3.08 V                       ; 1.9e-06 V                    ; 3.11 V              ; -0.0625 V           ; 0.224 V                              ; 0.17 V                               ; 6.86e-10 s                  ; 6.31e-10 s                  ; Yes                        ; No                         ; 3.08 V                      ; 1.9e-06 V                   ; 3.11 V             ; -0.0625 V          ; 0.224 V                             ; 0.17 V                              ; 6.86e-10 s                 ; 6.31e-10 s                 ; Yes                       ; No                        ;
; VGA_RED_O[3]            ; 3.3-V LVTTL  ; 0 s                 ; 0 s                 ; 3.08 V                       ; 1.9e-06 V                    ; 3.11 V              ; -0.0625 V           ; 0.224 V                              ; 0.17 V                               ; 6.86e-10 s                  ; 6.31e-10 s                  ; Yes                        ; No                         ; 3.08 V                      ; 1.9e-06 V                   ; 3.11 V             ; -0.0625 V          ; 0.224 V                             ; 0.17 V                              ; 6.86e-10 s                 ; 6.31e-10 s                 ; Yes                       ; No                        ;
; VGA_RED_O[4]            ; 3.3-V LVTTL  ; 0 s                 ; 0 s                 ; 3.08 V                       ; 1.9e-06 V                    ; 3.11 V              ; -0.0625 V           ; 0.224 V                              ; 0.17 V                               ; 6.86e-10 s                  ; 6.31e-10 s                  ; Yes                        ; No                         ; 3.08 V                      ; 1.9e-06 V                   ; 3.11 V             ; -0.0625 V          ; 0.224 V                             ; 0.17 V                              ; 6.86e-10 s                 ; 6.31e-10 s                 ; Yes                       ; No                        ;
; VGA_RED_O[5]            ; 3.3-V LVTTL  ; 0 s                 ; 0 s                 ; 3.08 V                       ; 1.9e-06 V                    ; 3.11 V              ; -0.0625 V           ; 0.224 V                              ; 0.17 V                               ; 6.86e-10 s                  ; 6.31e-10 s                  ; Yes                        ; No                         ; 3.08 V                      ; 1.9e-06 V                   ; 3.11 V             ; -0.0625 V          ; 0.224 V                             ; 0.17 V                              ; 6.86e-10 s                 ; 6.31e-10 s                 ; Yes                       ; No                        ;
; VGA_RED_O[6]            ; 3.3-V LVTTL  ; 0 s                 ; 0 s                 ; 3.08 V                       ; 1.9e-06 V                    ; 3.11 V              ; -0.0625 V           ; 0.224 V                              ; 0.17 V                               ; 6.86e-10 s                  ; 6.31e-10 s                  ; Yes                        ; No                         ; 3.08 V                      ; 1.9e-06 V                   ; 3.11 V             ; -0.0625 V          ; 0.224 V                             ; 0.17 V                              ; 6.86e-10 s                 ; 6.31e-10 s                 ; Yes                       ; No                        ;
; VGA_RED_O[7]            ; 3.3-V LVTTL  ; 0 s                 ; 0 s                 ; 3.08 V                       ; 1.9e-06 V                    ; 3.11 V              ; -0.0625 V           ; 0.224 V                              ; 0.17 V                               ; 6.86e-10 s                  ; 6.31e-10 s                  ; Yes                        ; No                         ; 3.08 V                      ; 1.9e-06 V                   ; 3.11 V             ; -0.0625 V          ; 0.224 V                             ; 0.17 V                              ; 6.86e-10 s                 ; 6.31e-10 s                 ; Yes                       ; No                        ;
; VGA_GREEN_O[0]          ; 3.3-V LVTTL  ; 0 s                 ; 0 s                 ; 3.08 V                       ; 1.9e-06 V                    ; 3.11 V              ; -0.0625 V           ; 0.224 V                              ; 0.17 V                               ; 6.86e-10 s                  ; 6.31e-10 s                  ; Yes                        ; No                         ; 3.08 V                      ; 1.9e-06 V                   ; 3.11 V             ; -0.0625 V          ; 0.224 V                             ; 0.17 V                              ; 6.86e-10 s                 ; 6.31e-10 s                 ; Yes                       ; No                        ;
; VGA_GREEN_O[1]          ; 3.3-V LVTTL  ; 0 s                 ; 0 s                 ; 3.08 V                       ; 1.9e-06 V                    ; 3.11 V              ; -0.0625 V           ; 0.224 V                              ; 0.17 V                               ; 6.86e-10 s                  ; 6.31e-10 s                  ; Yes                        ; No                         ; 3.08 V                      ; 1.9e-06 V                   ; 3.11 V             ; -0.0625 V          ; 0.224 V                             ; 0.17 V                              ; 6.86e-10 s                 ; 6.31e-10 s                 ; Yes                       ; No                        ;
; VGA_GREEN_O[2]          ; 3.3-V LVTTL  ; 0 s                 ; 0 s                 ; 3.08 V                       ; 1.9e-06 V                    ; 3.11 V              ; -0.0625 V           ; 0.224 V                              ; 0.17 V                               ; 6.86e-10 s                  ; 6.31e-10 s                  ; Yes                        ; No                         ; 3.08 V                      ; 1.9e-06 V                   ; 3.11 V             ; -0.0625 V          ; 0.224 V                             ; 0.17 V                              ; 6.86e-10 s                 ; 6.31e-10 s                 ; Yes                       ; No                        ;
; VGA_GREEN_O[3]          ; 3.3-V LVTTL  ; 0 s                 ; 0 s                 ; 3.08 V                       ; 1.9e-06 V                    ; 3.11 V              ; -0.0625 V           ; 0.224 V                              ; 0.17 V                               ; 6.86e-10 s                  ; 6.31e-10 s                  ; Yes                        ; No                         ; 3.08 V                      ; 1.9e-06 V                   ; 3.11 V             ; -0.0625 V          ; 0.224 V                             ; 0.17 V                              ; 6.86e-10 s                 ; 6.31e-10 s                 ; Yes                       ; No                        ;
; VGA_GREEN_O[4]          ; 3.3-V LVTTL  ; 0 s                 ; 0 s                 ; 3.08 V                       ; 1.9e-06 V                    ; 3.11 V              ; -0.0625 V           ; 0.224 V                              ; 0.17 V                               ; 6.86e-10 s                  ; 6.31e-10 s                  ; Yes                        ; No                         ; 3.08 V                      ; 1.9e-06 V                   ; 3.11 V             ; -0.0625 V          ; 0.224 V                             ; 0.17 V                              ; 6.86e-10 s                 ; 6.31e-10 s                 ; Yes                       ; No                        ;
; VGA_GREEN_O[5]          ; 3.3-V LVTTL  ; 0 s                 ; 0 s                 ; 3.08 V                       ; 1.9e-06 V                    ; 3.11 V              ; -0.0625 V           ; 0.224 V                              ; 0.17 V                               ; 6.86e-10 s                  ; 6.31e-10 s                  ; Yes                        ; No                         ; 3.08 V                      ; 1.9e-06 V                   ; 3.11 V             ; -0.0625 V          ; 0.224 V                             ; 0.17 V                              ; 6.86e-10 s                 ; 6.31e-10 s                 ; Yes                       ; No                        ;
; VGA_GREEN_O[6]          ; 3.3-V LVTTL  ; 0 s                 ; 0 s                 ; 3.08 V                       ; 1.9e-06 V                    ; 3.11 V              ; -0.0625 V           ; 0.224 V                              ; 0.17 V                               ; 6.86e-10 s                  ; 6.31e-10 s                  ; Yes                        ; No                         ; 3.08 V                      ; 1.9e-06 V                   ; 3.11 V             ; -0.0625 V          ; 0.224 V                             ; 0.17 V                              ; 6.86e-10 s                 ; 6.31e-10 s                 ; Yes                       ; No                        ;
; VGA_GREEN_O[7]          ; 3.3-V LVTTL  ; 0 s                 ; 0 s                 ; 3.08 V                       ; 1.9e-06 V                    ; 3.11 V              ; -0.0625 V           ; 0.224 V                              ; 0.17 V                               ; 6.86e-10 s                  ; 6.31e-10 s                  ; Yes                        ; No                         ; 3.08 V                      ; 1.9e-06 V                   ; 3.11 V             ; -0.0625 V          ; 0.224 V                             ; 0.17 V                              ; 6.86e-10 s                 ; 6.31e-10 s                 ; Yes                       ; No                        ;
; VGA_BLUE_O[0]           ; 3.3-V LVTTL  ; 0 s                 ; 0 s                 ; 3.08 V                       ; 1.9e-06 V                    ; 3.11 V              ; -0.0625 V           ; 0.224 V                              ; 0.17 V                               ; 6.86e-10 s                  ; 6.31e-10 s                  ; Yes                        ; No                         ; 3.08 V                      ; 1.9e-06 V                   ; 3.11 V             ; -0.0625 V          ; 0.224 V                             ; 0.17 V                              ; 6.86e-10 s                 ; 6.31e-10 s                 ; Yes                       ; No                        ;
; VGA_BLUE_O[1]           ; 3.3-V LVTTL  ; 0 s                 ; 0 s                 ; 3.08 V                       ; 1.9e-06 V                    ; 3.11 V              ; -0.0625 V           ; 0.224 V                              ; 0.17 V                               ; 6.86e-10 s                  ; 6.31e-10 s                  ; Yes                        ; No                         ; 3.08 V                      ; 1.9e-06 V                   ; 3.11 V             ; -0.0625 V          ; 0.224 V                             ; 0.17 V                              ; 6.86e-10 s                 ; 6.31e-10 s                 ; Yes                       ; No                        ;
; VGA_BLUE_O[2]           ; 3.3-V LVTTL  ; 0 s                 ; 0 s                 ; 3.08 V                       ; 1.9e-06 V                    ; 3.11 V              ; -0.0625 V           ; 0.224 V                              ; 0.17 V                               ; 6.86e-10 s                  ; 6.31e-10 s                  ; Yes                        ; No                         ; 3.08 V                      ; 1.9e-06 V                   ; 3.11 V             ; -0.0625 V          ; 0.224 V                             ; 0.17 V                              ; 6.86e-10 s                 ; 6.31e-10 s                 ; Yes                       ; No                        ;
; VGA_BLUE_O[3]           ; 3.3-V LVTTL  ; 0 s                 ; 0 s                 ; 3.08 V                       ; 1.9e-06 V                    ; 3.11 V              ; -0.0625 V           ; 0.224 V                              ; 0.17 V                               ; 6.86e-10 s                  ; 6.31e-10 s                  ; Yes                        ; No                         ; 3.08 V                      ; 1.9e-06 V                   ; 3.11 V             ; -0.0625 V          ; 0.224 V                             ; 0.17 V                              ; 6.86e-10 s                 ; 6.31e-10 s                 ; Yes                       ; No                        ;
; VGA_BLUE_O[4]           ; 3.3-V LVTTL  ; 0 s                 ; 0 s                 ; 3.08 V                       ; 1.9e-06 V                    ; 3.11 V              ; -0.0625 V           ; 0.224 V                              ; 0.17 V                               ; 6.86e-10 s                  ; 6.31e-10 s                  ; Yes                        ; No                         ; 3.08 V                      ; 1.9e-06 V                   ; 3.11 V             ; -0.0625 V          ; 0.224 V                             ; 0.17 V                              ; 6.86e-10 s                 ; 6.31e-10 s                 ; Yes                       ; No                        ;
; VGA_BLUE_O[5]           ; 3.3-V LVTTL  ; 0 s                 ; 0 s                 ; 3.08 V                       ; 1.9e-06 V                    ; 3.11 V              ; -0.0625 V           ; 0.224 V                              ; 0.17 V                               ; 6.86e-10 s                  ; 6.31e-10 s                  ; Yes                        ; No                         ; 3.08 V                      ; 1.9e-06 V                   ; 3.11 V             ; -0.0625 V          ; 0.224 V                             ; 0.17 V                              ; 6.86e-10 s                 ; 6.31e-10 s                 ; Yes                       ; No                        ;
; VGA_BLUE_O[6]           ; 3.3-V LVTTL  ; 0 s                 ; 0 s                 ; 3.08 V                       ; 1.9e-06 V                    ; 3.11 V              ; -0.0625 V           ; 0.224 V                              ; 0.17 V                               ; 6.86e-10 s                  ; 6.31e-10 s                  ; Yes                        ; No                         ; 3.08 V                      ; 1.9e-06 V                   ; 3.11 V             ; -0.0625 V          ; 0.224 V                             ; 0.17 V                              ; 6.86e-10 s                 ; 6.31e-10 s                 ; Yes                       ; No                        ;
; VGA_BLUE_O[7]           ; 3.3-V LVTTL  ; 0 s                 ; 0 s                 ; 3.08 V                       ; 1.9e-06 V                    ; 3.11 V              ; -0.0625 V           ; 0.224 V                              ; 0.17 V                               ; 6.86e-10 s                  ; 6.31e-10 s                  ; Yes                        ; No                         ; 3.08 V                      ; 1.9e-06 V                   ; 3.11 V             ; -0.0625 V          ; 0.224 V                             ; 0.17 V                              ; 6.86e-10 s                 ; 6.31e-10 s                 ; Yes                       ; No                        ;
; SRAM_ADDRESS_O[0]       ; 3.3-V LVTTL  ; 0 s                 ; 0 s                 ; 3.08 V                       ; 1.9e-06 V                    ; 3.11 V              ; -0.0625 V           ; 0.224 V                              ; 0.17 V                               ; 6.86e-10 s                  ; 6.31e-10 s                  ; Yes                        ; No                         ; 3.08 V                      ; 1.9e-06 V                   ; 3.11 V             ; -0.0625 V          ; 0.224 V                             ; 0.17 V                              ; 6.86e-10 s                 ; 6.31e-10 s                 ; Yes                       ; No                        ;
; SRAM_ADDRESS_O[1]       ; 3.3-V LVTTL  ; 0 s                 ; 0 s                 ; 3.08 V                       ; 1.9e-06 V                    ; 3.11 V              ; -0.0625 V           ; 0.224 V                              ; 0.17 V                               ; 6.86e-10 s                  ; 6.31e-10 s                  ; Yes                        ; No                         ; 3.08 V                      ; 1.9e-06 V                   ; 3.11 V             ; -0.0625 V          ; 0.224 V                             ; 0.17 V                              ; 6.86e-10 s                 ; 6.31e-10 s                 ; Yes                       ; No                        ;
; SRAM_ADDRESS_O[2]       ; 3.3-V LVTTL  ; 0 s                 ; 0 s                 ; 3.08 V                       ; 1.9e-06 V                    ; 3.11 V              ; -0.0625 V           ; 0.224 V                              ; 0.17 V                               ; 6.86e-10 s                  ; 6.31e-10 s                  ; Yes                        ; No                         ; 3.08 V                      ; 1.9e-06 V                   ; 3.11 V             ; -0.0625 V          ; 0.224 V                             ; 0.17 V                              ; 6.86e-10 s                 ; 6.31e-10 s                 ; Yes                       ; No                        ;
; SRAM_ADDRESS_O[3]       ; 3.3-V LVTTL  ; 0 s                 ; 0 s                 ; 3.08 V                       ; 1.9e-06 V                    ; 3.11 V              ; -0.0625 V           ; 0.224 V                              ; 0.17 V                               ; 6.86e-10 s                  ; 6.31e-10 s                  ; Yes                        ; No                         ; 3.08 V                      ; 1.9e-06 V                   ; 3.11 V             ; -0.0625 V          ; 0.224 V                             ; 0.17 V                              ; 6.86e-10 s                 ; 6.31e-10 s                 ; Yes                       ; No                        ;
; SRAM_ADDRESS_O[4]       ; 3.3-V LVTTL  ; 0 s                 ; 0 s                 ; 3.08 V                       ; 1.28e-06 V                   ; 3.11 V              ; -0.0528 V           ; 0.302 V                              ; 0.199 V                              ; 9.51e-10 s                  ; 8.47e-10 s                  ; Yes                        ; No                         ; 3.08 V                      ; 1.28e-06 V                  ; 3.11 V             ; -0.0528 V          ; 0.302 V                             ; 0.199 V                             ; 9.51e-10 s                 ; 8.47e-10 s                 ; Yes                       ; No                        ;
; SRAM_ADDRESS_O[5]       ; 3.3-V LVTTL  ; 0 s                 ; 0 s                 ; 3.08 V                       ; 1.9e-06 V                    ; 3.11 V              ; -0.0625 V           ; 0.224 V                              ; 0.17 V                               ; 6.86e-10 s                  ; 6.31e-10 s                  ; Yes                        ; No                         ; 3.08 V                      ; 1.9e-06 V                   ; 3.11 V             ; -0.0625 V          ; 0.224 V                             ; 0.17 V                              ; 6.86e-10 s                 ; 6.31e-10 s                 ; Yes                       ; No                        ;
; SRAM_ADDRESS_O[6]       ; 3.3-V LVTTL  ; 0 s                 ; 0 s                 ; 3.08 V                       ; 1.28e-06 V                   ; 3.11 V              ; -0.0528 V           ; 0.302 V                              ; 0.199 V                              ; 9.51e-10 s                  ; 8.47e-10 s                  ; Yes                        ; No                         ; 3.08 V                      ; 1.28e-06 V                  ; 3.11 V             ; -0.0528 V          ; 0.302 V                             ; 0.199 V                             ; 9.51e-10 s                 ; 8.47e-10 s                 ; Yes                       ; No                        ;
; SRAM_ADDRESS_O[7]       ; 3.3-V LVTTL  ; 0 s                 ; 0 s                 ; 3.08 V                       ; 1.28e-06 V                   ; 3.11 V              ; -0.0528 V           ; 0.302 V                              ; 0.199 V                              ; 9.51e-10 s                  ; 8.47e-10 s                  ; Yes                        ; No                         ; 3.08 V                      ; 1.28e-06 V                  ; 3.11 V             ; -0.0528 V          ; 0.302 V                             ; 0.199 V                             ; 9.51e-10 s                 ; 8.47e-10 s                 ; Yes                       ; No                        ;
; SRAM_ADDRESS_O[8]       ; 3.3-V LVTTL  ; 0 s                 ; 0 s                 ; 3.08 V                       ; 1.9e-06 V                    ; 3.11 V              ; -0.0625 V           ; 0.224 V                              ; 0.17 V                               ; 6.86e-10 s                  ; 6.31e-10 s                  ; Yes                        ; No                         ; 3.08 V                      ; 1.9e-06 V                   ; 3.11 V             ; -0.0625 V          ; 0.224 V                             ; 0.17 V                              ; 6.86e-10 s                 ; 6.31e-10 s                 ; Yes                       ; No                        ;
; SRAM_ADDRESS_O[9]       ; 3.3-V LVTTL  ; 0 s                 ; 0 s                 ; 3.08 V                       ; 1.28e-06 V                   ; 3.08 V              ; -0.00641 V          ; 0.261 V                              ; 0.26 V                               ; 5.52e-09 s                  ; 4.36e-09 s                  ; Yes                        ; Yes                        ; 3.08 V                      ; 1.28e-06 V                  ; 3.08 V             ; -0.00641 V         ; 0.261 V                             ; 0.26 V                              ; 5.52e-09 s                 ; 4.36e-09 s                 ; Yes                       ; Yes                       ;
; SRAM_ADDRESS_O[10]      ; 3.3-V LVTTL  ; 0 s                 ; 0 s                 ; 3.08 V                       ; 1.28e-06 V                   ; 3.11 V              ; -0.0528 V           ; 0.302 V                              ; 0.199 V                              ; 9.51e-10 s                  ; 8.47e-10 s                  ; Yes                        ; No                         ; 3.08 V                      ; 1.28e-06 V                  ; 3.11 V             ; -0.0528 V          ; 0.302 V                             ; 0.199 V                             ; 9.51e-10 s                 ; 8.47e-10 s                 ; Yes                       ; No                        ;
; SRAM_ADDRESS_O[11]      ; 3.3-V LVTTL  ; 0 s                 ; 0 s                 ; 3.08 V                       ; 1.28e-06 V                   ; 3.11 V              ; -0.0528 V           ; 0.302 V                              ; 0.199 V                              ; 9.51e-10 s                  ; 8.47e-10 s                  ; Yes                        ; No                         ; 3.08 V                      ; 1.28e-06 V                  ; 3.11 V             ; -0.0528 V          ; 0.302 V                             ; 0.199 V                             ; 9.51e-10 s                 ; 8.47e-10 s                 ; Yes                       ; No                        ;
; SRAM_ADDRESS_O[12]      ; 3.3-V LVTTL  ; 0 s                 ; 0 s                 ; 3.08 V                       ; 1.28e-06 V                   ; 3.08 V              ; -0.00641 V          ; 0.261 V                              ; 0.26 V                               ; 5.52e-09 s                  ; 4.36e-09 s                  ; Yes                        ; Yes                        ; 3.08 V                      ; 1.28e-06 V                  ; 3.08 V             ; -0.00641 V         ; 0.261 V                             ; 0.26 V                              ; 5.52e-09 s                 ; 4.36e-09 s                 ; Yes                       ; Yes                       ;
; SRAM_ADDRESS_O[13]      ; 3.3-V LVTTL  ; 0 s                 ; 0 s                 ; 3.08 V                       ; 1.28e-06 V                   ; 3.11 V              ; -0.0528 V           ; 0.302 V                              ; 0.199 V                              ; 9.51e-10 s                  ; 8.47e-10 s                  ; Yes                        ; No                         ; 3.08 V                      ; 1.28e-06 V                  ; 3.11 V             ; -0.0528 V          ; 0.302 V                             ; 0.199 V                             ; 9.51e-10 s                 ; 8.47e-10 s                 ; Yes                       ; No                        ;
; SRAM_ADDRESS_O[14]      ; 3.3-V LVTTL  ; 0 s                 ; 0 s                 ; 3.08 V                       ; 1.28e-06 V                   ; 3.11 V              ; -0.0528 V           ; 0.302 V                              ; 0.199 V                              ; 9.51e-10 s                  ; 8.47e-10 s                  ; Yes                        ; No                         ; 3.08 V                      ; 1.28e-06 V                  ; 3.11 V             ; -0.0528 V          ; 0.302 V                             ; 0.199 V                             ; 9.51e-10 s                 ; 8.47e-10 s                 ; Yes                       ; No                        ;
; SRAM_ADDRESS_O[15]      ; 3.3-V LVTTL  ; 0 s                 ; 0 s                 ; 3.08 V                       ; 1.9e-06 V                    ; 3.08 V              ; -0.00581 V          ; 0.138 V                              ; 0.22 V                               ; 5.55e-09 s                  ; 4.38e-09 s                  ; Yes                        ; Yes                        ; 3.08 V                      ; 1.9e-06 V                   ; 3.08 V             ; -0.00581 V         ; 0.138 V                             ; 0.22 V                              ; 5.55e-09 s                 ; 4.38e-09 s                 ; Yes                       ; Yes                       ;
; SRAM_ADDRESS_O[16]      ; 3.3-V LVTTL  ; 0 s                 ; 0 s                 ; 3.08 V                       ; 1.9e-06 V                    ; 3.11 V              ; -0.0625 V           ; 0.224 V                              ; 0.17 V                               ; 6.86e-10 s                  ; 6.31e-10 s                  ; Yes                        ; No                         ; 3.08 V                      ; 1.9e-06 V                   ; 3.11 V             ; -0.0625 V          ; 0.224 V                             ; 0.17 V                              ; 6.86e-10 s                 ; 6.31e-10 s                 ; Yes                       ; No                        ;
; SRAM_ADDRESS_O[17]      ; 3.3-V LVTTL  ; 0 s                 ; 0 s                 ; 3.08 V                       ; 1.9e-06 V                    ; 3.11 V              ; -0.0625 V           ; 0.224 V                              ; 0.17 V                               ; 6.86e-10 s                  ; 6.31e-10 s                  ; Yes                        ; No                         ; 3.08 V                      ; 1.9e-06 V                   ; 3.11 V             ; -0.0625 V          ; 0.224 V                             ; 0.17 V                              ; 6.86e-10 s                 ; 6.31e-10 s                 ; Yes                       ; No                        ;
; SRAM_ADDRESS_O[18]      ; 3.3-V LVTTL  ; 0 s                 ; 0 s                 ; 3.08 V                       ; 1.9e-06 V                    ; 3.11 V              ; -0.0625 V           ; 0.224 V                              ; 0.17 V                               ; 6.86e-10 s                  ; 6.31e-10 s                  ; Yes                        ; No                         ; 3.08 V                      ; 1.9e-06 V                   ; 3.11 V             ; -0.0625 V          ; 0.224 V                             ; 0.17 V                              ; 6.86e-10 s                 ; 6.31e-10 s                 ; Yes                       ; No                        ;
; SRAM_ADDRESS_O[19]      ; 3.3-V LVTTL  ; 0 s                 ; 0 s                 ; 3.08 V                       ; 1.28e-06 V                   ; 3.08 V              ; -0.00641 V          ; 0.261 V                              ; 0.26 V                               ; 5.52e-09 s                  ; 4.36e-09 s                  ; Yes                        ; Yes                        ; 3.08 V                      ; 1.28e-06 V                  ; 3.08 V             ; -0.00641 V         ; 0.261 V                             ; 0.26 V                              ; 5.52e-09 s                 ; 4.36e-09 s                 ; Yes                       ; Yes                       ;
; SRAM_UB_N_O             ; 3.3-V LVTTL  ; 0 s                 ; 0 s                 ; 3.08 V                       ; 1.28e-06 V                   ; 3.11 V              ; -0.0528 V           ; 0.302 V                              ; 0.199 V                              ; 9.51e-10 s                  ; 8.47e-10 s                  ; Yes                        ; No                         ; 3.08 V                      ; 1.28e-06 V                  ; 3.11 V             ; -0.0528 V          ; 0.302 V                             ; 0.199 V                             ; 9.51e-10 s                 ; 8.47e-10 s                 ; Yes                       ; No                        ;
; SRAM_LB_N_O             ; 3.3-V LVTTL  ; 0 s                 ; 0 s                 ; 3.08 V                       ; 1.9e-06 V                    ; 3.11 V              ; -0.0625 V           ; 0.224 V                              ; 0.17 V                               ; 6.86e-10 s                  ; 6.31e-10 s                  ; Yes                        ; No                         ; 3.08 V                      ; 1.9e-06 V                   ; 3.11 V             ; -0.0625 V          ; 0.224 V                             ; 0.17 V                              ; 6.86e-10 s                 ; 6.31e-10 s                 ; Yes                       ; No                        ;
; SRAM_WE_N_O             ; 3.3-V LVTTL  ; 0 s                 ; 0 s                 ; 3.08 V                       ; 1.9e-06 V                    ; 3.11 V              ; -0.0625 V           ; 0.224 V                              ; 0.17 V                               ; 6.86e-10 s                  ; 6.31e-10 s                  ; Yes                        ; No                         ; 3.08 V                      ; 1.9e-06 V                   ; 3.11 V             ; -0.0625 V          ; 0.224 V                             ; 0.17 V                              ; 6.86e-10 s                 ; 6.31e-10 s                 ; Yes                       ; No                        ;
; SRAM_CE_N_O             ; 3.3-V LVTTL  ; 0 s                 ; 0 s                 ; 3.08 V                       ; 1.9e-06 V                    ; 3.11 V              ; -0.0625 V           ; 0.224 V                              ; 0.17 V                               ; 6.86e-10 s                  ; 6.31e-10 s                  ; Yes                        ; No                         ; 3.08 V                      ; 1.9e-06 V                   ; 3.11 V             ; -0.0625 V          ; 0.224 V                             ; 0.17 V                              ; 6.86e-10 s                 ; 6.31e-10 s                 ; Yes                       ; No                        ;
; SRAM_OE_N_O             ; 3.3-V LVTTL  ; 0 s                 ; 0 s                 ; 3.08 V                       ; 1.9e-06 V                    ; 3.11 V              ; -0.0625 V           ; 0.224 V                              ; 0.17 V                               ; 6.86e-10 s                  ; 6.31e-10 s                  ; Yes                        ; No                         ; 3.08 V                      ; 1.9e-06 V                   ; 3.11 V             ; -0.0625 V          ; 0.224 V                             ; 0.17 V                              ; 6.86e-10 s                 ; 6.31e-10 s                 ; Yes                       ; No                        ;
; UART_TX_O               ; 3.3-V LVTTL  ; 0 s                 ; 0 s                 ; 3.08 V                       ; 1.9e-06 V                    ; 3.08 V              ; -0.00581 V          ; 0.138 V                              ; 0.22 V                               ; 5.55e-09 s                  ; 4.38e-09 s                  ; Yes                        ; Yes                        ; 3.08 V                      ; 1.9e-06 V                   ; 3.08 V             ; -0.00581 V         ; 0.138 V                             ; 0.22 V                              ; 5.55e-09 s                 ; 4.38e-09 s                 ; Yes                       ; Yes                       ;
; SRAM_DATA_IO[0]         ; 3.3-V LVTTL  ; 0 s                 ; 0 s                 ; 3.08 V                       ; 1.9e-06 V                    ; 3.11 V              ; -0.0625 V           ; 0.224 V                              ; 0.17 V                               ; 6.86e-10 s                  ; 6.31e-10 s                  ; Yes                        ; No                         ; 3.08 V                      ; 1.9e-06 V                   ; 3.11 V             ; -0.0625 V          ; 0.224 V                             ; 0.17 V                              ; 6.86e-10 s                 ; 6.31e-10 s                 ; Yes                       ; No                        ;
; SRAM_DATA_IO[1]         ; 3.3-V LVTTL  ; 0 s                 ; 0 s                 ; 3.08 V                       ; 1.9e-06 V                    ; 3.11 V              ; -0.0625 V           ; 0.224 V                              ; 0.17 V                               ; 6.86e-10 s                  ; 6.31e-10 s                  ; Yes                        ; No                         ; 3.08 V                      ; 1.9e-06 V                   ; 3.11 V             ; -0.0625 V          ; 0.224 V                             ; 0.17 V                              ; 6.86e-10 s                 ; 6.31e-10 s                 ; Yes                       ; No                        ;
; SRAM_DATA_IO[2]         ; 3.3-V LVTTL  ; 0 s                 ; 0 s                 ; 3.08 V                       ; 1.9e-06 V                    ; 3.11 V              ; -0.0625 V           ; 0.224 V                              ; 0.17 V                               ; 6.86e-10 s                  ; 6.31e-10 s                  ; Yes                        ; No                         ; 3.08 V                      ; 1.9e-06 V                   ; 3.11 V             ; -0.0625 V          ; 0.224 V                             ; 0.17 V                              ; 6.86e-10 s                 ; 6.31e-10 s                 ; Yes                       ; No                        ;
; SRAM_DATA_IO[3]         ; 3.3-V LVTTL  ; 0 s                 ; 0 s                 ; 3.08 V                       ; 1.9e-06 V                    ; 3.11 V              ; -0.0625 V           ; 0.224 V                              ; 0.17 V                               ; 6.86e-10 s                  ; 6.31e-10 s                  ; Yes                        ; No                         ; 3.08 V                      ; 1.9e-06 V                   ; 3.11 V             ; -0.0625 V          ; 0.224 V                             ; 0.17 V                              ; 6.86e-10 s                 ; 6.31e-10 s                 ; Yes                       ; No                        ;
; SRAM_DATA_IO[4]         ; 3.3-V LVTTL  ; 0 s                 ; 0 s                 ; 3.08 V                       ; 1.9e-06 V                    ; 3.11 V              ; -0.0625 V           ; 0.224 V                              ; 0.17 V                               ; 6.86e-10 s                  ; 6.31e-10 s                  ; Yes                        ; No                         ; 3.08 V                      ; 1.9e-06 V                   ; 3.11 V             ; -0.0625 V          ; 0.224 V                             ; 0.17 V                              ; 6.86e-10 s                 ; 6.31e-10 s                 ; Yes                       ; No                        ;
; SRAM_DATA_IO[5]         ; 3.3-V LVTTL  ; 0 s                 ; 0 s                 ; 3.08 V                       ; 1.9e-06 V                    ; 3.11 V              ; -0.0625 V           ; 0.224 V                              ; 0.17 V                               ; 6.86e-10 s                  ; 6.31e-10 s                  ; Yes                        ; No                         ; 3.08 V                      ; 1.9e-06 V                   ; 3.11 V             ; -0.0625 V          ; 0.224 V                             ; 0.17 V                              ; 6.86e-10 s                 ; 6.31e-10 s                 ; Yes                       ; No                        ;
; SRAM_DATA_IO[6]         ; 3.3-V LVTTL  ; 0 s                 ; 0 s                 ; 3.08 V                       ; 1.9e-06 V                    ; 3.11 V              ; -0.0625 V           ; 0.224 V                              ; 0.17 V                               ; 6.86e-10 s                  ; 6.31e-10 s                  ; Yes                        ; No                         ; 3.08 V                      ; 1.9e-06 V                   ; 3.11 V             ; -0.0625 V          ; 0.224 V                             ; 0.17 V                              ; 6.86e-10 s                 ; 6.31e-10 s                 ; Yes                       ; No                        ;
; SRAM_DATA_IO[7]         ; 3.3-V LVTTL  ; 0 s                 ; 0 s                 ; 3.08 V                       ; 1.9e-06 V                    ; 3.11 V              ; -0.0625 V           ; 0.224 V                              ; 0.17 V                               ; 6.86e-10 s                  ; 6.31e-10 s                  ; Yes                        ; No                         ; 3.08 V                      ; 1.9e-06 V                   ; 3.11 V             ; -0.0625 V          ; 0.224 V                             ; 0.17 V                              ; 6.86e-10 s                 ; 6.31e-10 s                 ; Yes                       ; No                        ;
; SRAM_DATA_IO[8]         ; 3.3-V LVTTL  ; 0 s                 ; 0 s                 ; 3.08 V                       ; 1.28e-06 V                   ; 3.11 V              ; -0.0528 V           ; 0.302 V                              ; 0.199 V                              ; 9.51e-10 s                  ; 8.47e-10 s                  ; Yes                        ; No                         ; 3.08 V                      ; 1.28e-06 V                  ; 3.11 V             ; -0.0528 V          ; 0.302 V                             ; 0.199 V                             ; 9.51e-10 s                 ; 8.47e-10 s                 ; Yes                       ; No                        ;
; SRAM_DATA_IO[9]         ; 3.3-V LVTTL  ; 0 s                 ; 0 s                 ; 3.08 V                       ; 1.28e-06 V                   ; 3.11 V              ; -0.0528 V           ; 0.302 V                              ; 0.199 V                              ; 9.51e-10 s                  ; 8.47e-10 s                  ; Yes                        ; No                         ; 3.08 V                      ; 1.28e-06 V                  ; 3.11 V             ; -0.0528 V          ; 0.302 V                             ; 0.199 V                             ; 9.51e-10 s                 ; 8.47e-10 s                 ; Yes                       ; No                        ;
; SRAM_DATA_IO[10]        ; 3.3-V LVTTL  ; 0 s                 ; 0 s                 ; 3.08 V                       ; 1.28e-06 V                   ; 3.11 V              ; -0.0528 V           ; 0.302 V                              ; 0.199 V                              ; 9.51e-10 s                  ; 8.47e-10 s                  ; Yes                        ; No                         ; 3.08 V                      ; 1.28e-06 V                  ; 3.11 V             ; -0.0528 V          ; 0.302 V                             ; 0.199 V                             ; 9.51e-10 s                 ; 8.47e-10 s                 ; Yes                       ; No                        ;
; SRAM_DATA_IO[11]        ; 3.3-V LVTTL  ; 0 s                 ; 0 s                 ; 3.08 V                       ; 1.28e-06 V                   ; 3.11 V              ; -0.0528 V           ; 0.302 V                              ; 0.199 V                              ; 9.51e-10 s                  ; 8.47e-10 s                  ; Yes                        ; No                         ; 3.08 V                      ; 1.28e-06 V                  ; 3.11 V             ; -0.0528 V          ; 0.302 V                             ; 0.199 V                             ; 9.51e-10 s                 ; 8.47e-10 s                 ; Yes                       ; No                        ;
; SRAM_DATA_IO[12]        ; 3.3-V LVTTL  ; 0 s                 ; 0 s                 ; 3.08 V                       ; 1.28e-06 V                   ; 3.11 V              ; -0.0528 V           ; 0.302 V                              ; 0.199 V                              ; 9.51e-10 s                  ; 8.47e-10 s                  ; Yes                        ; No                         ; 3.08 V                      ; 1.28e-06 V                  ; 3.11 V             ; -0.0528 V          ; 0.302 V                             ; 0.199 V                             ; 9.51e-10 s                 ; 8.47e-10 s                 ; Yes                       ; No                        ;
; SRAM_DATA_IO[13]        ; 3.3-V LVTTL  ; 0 s                 ; 0 s                 ; 3.08 V                       ; 1.9e-06 V                    ; 3.11 V              ; -0.0625 V           ; 0.224 V                              ; 0.17 V                               ; 6.86e-10 s                  ; 6.31e-10 s                  ; Yes                        ; No                         ; 3.08 V                      ; 1.9e-06 V                   ; 3.11 V             ; -0.0625 V          ; 0.224 V                             ; 0.17 V                              ; 6.86e-10 s                 ; 6.31e-10 s                 ; Yes                       ; No                        ;
; SRAM_DATA_IO[14]        ; 3.3-V LVTTL  ; 0 s                 ; 0 s                 ; 3.08 V                       ; 1.9e-06 V                    ; 3.11 V              ; -0.0625 V           ; 0.224 V                              ; 0.17 V                               ; 6.86e-10 s                  ; 6.31e-10 s                  ; Yes                        ; No                         ; 3.08 V                      ; 1.9e-06 V                   ; 3.11 V             ; -0.0625 V          ; 0.224 V                             ; 0.17 V                              ; 6.86e-10 s                 ; 6.31e-10 s                 ; Yes                       ; No                        ;
; SRAM_DATA_IO[15]        ; 3.3-V LVTTL  ; 0 s                 ; 0 s                 ; 3.08 V                       ; 1.9e-06 V                    ; 3.11 V              ; -0.0625 V           ; 0.224 V                              ; 0.17 V                               ; 6.86e-10 s                  ; 6.31e-10 s                  ; Yes                        ; No                         ; 3.08 V                      ; 1.9e-06 V                   ; 3.11 V             ; -0.0625 V          ; 0.224 V                             ; 0.17 V                              ; 6.86e-10 s                 ; 6.31e-10 s                 ; Yes                       ; No                        ;
; ~ALTERA_DCLK~           ; 2.5 V        ; 0 s                 ; 0 s                 ; 2.32 V                       ; 3.75e-07 V                   ; 2.35 V              ; -0.0109 V           ; 0.084 V                              ; 0.027 V                              ; 4.31e-10 s                  ; 3.61e-10 s                  ; Yes                        ; Yes                        ; 2.32 V                      ; 3.75e-07 V                  ; 2.35 V             ; -0.0109 V          ; 0.084 V                             ; 0.027 V                             ; 4.31e-10 s                 ; 3.61e-10 s                 ; Yes                       ; Yes                       ;
; ~ALTERA_nCEO~           ; 2.5 V        ; 0 s                 ; 0 s                 ; 2.32 V                       ; 6.15e-07 V                   ; 2.35 V              ; -0.00712 V          ; 0.093 V                              ; 0.02 V                               ; 6.21e-10 s                  ; 7.9e-10 s                   ; Yes                        ; Yes                        ; 2.32 V                      ; 6.15e-07 V                  ; 2.35 V             ; -0.00712 V         ; 0.093 V                             ; 0.02 V                              ; 6.21e-10 s                 ; 7.9e-10 s                  ; Yes                       ; Yes                       ;
+-------------------------+--------------+---------------------+---------------------+------------------------------+------------------------------+---------------------+---------------------+--------------------------------------+--------------------------------------+-----------------------------+-----------------------------+----------------------------+----------------------------+-----------------------------+-----------------------------+--------------------+--------------------+-------------------------------------+-------------------------------------+----------------------------+----------------------------+---------------------------+---------------------------+


+------------------------------------------------------------------------------------------------------------------------------------------------------------------------------------------------------------------------------------------------------------------------------------------------------------------------------------------------------------------------------------------------------------------------------------------------------------------------------------------------------------------------------------------------------------------------------------------------------------------------------------------------------------------------------------------------------+
; Signal Integrity Metrics (Fast 1200mv 0c Model)                                                                                                                                                                                                                                                                                                                                                                                                                                                                                                                                                                                                                                                      ;
+-------------------------+--------------+---------------------+---------------------+------------------------------+------------------------------+---------------------+---------------------+--------------------------------------+--------------------------------------+-----------------------------+-----------------------------+----------------------------+----------------------------+-----------------------------+-----------------------------+--------------------+--------------------+-------------------------------------+-------------------------------------+----------------------------+----------------------------+---------------------------+---------------------------+
; Pin                     ; I/O Standard ; Board Delay on Rise ; Board Delay on Fall ; Steady State Voh at FPGA Pin ; Steady State Vol at FPGA Pin ; Voh Max at FPGA Pin ; Vol Min at FPGA Pin ; Ringback Voltage on Rise at FPGA Pin ; Ringback Voltage on Fall at FPGA Pin ; 10-90 Rise Time at FPGA Pin ; 90-10 Fall Time at FPGA Pin ; Monotonic Rise at FPGA Pin ; Monotonic Fall at FPGA Pin ; Steady State Voh at Far-end ; Steady State Vol at Far-end ; Voh Max at Far-end ; Vol Min at Far-end ; Ringback Voltage on Rise at Far-end ; Ringback Voltage on Fall at Far-end ; 10-90 Rise Time at Far-end ; 90-10 Fall Time at Far-end ; Monotonic Rise at Far-end ; Monotonic Fall at Far-end ;
+-------------------------+--------------+---------------------+---------------------+------------------------------+------------------------------+---------------------+---------------------+--------------------------------------+--------------------------------------+-----------------------------+-----------------------------+----------------------------+----------------------------+-----------------------------+-----------------------------+--------------------+--------------------+-------------------------------------+-------------------------------------+----------------------------+----------------------------+---------------------------+---------------------------+
; SEVEN_SEGMENT_N_O[0][0] ; 2.5 V        ; 0 s                 ; 0 s                 ; 2.62 V                       ; 5.25e-08 V                   ; 2.71 V              ; -0.00384 V          ; 0.138 V                              ; 0.006 V                              ; 2.68e-10 s                  ; 3.59e-10 s                  ; Yes                        ; Yes                        ; 2.62 V                      ; 5.25e-08 V                  ; 2.71 V             ; -0.00384 V         ; 0.138 V                             ; 0.006 V                             ; 2.68e-10 s                 ; 3.59e-10 s                 ; Yes                       ; Yes                       ;
; SEVEN_SEGMENT_N_O[0][1] ; 2.5 V        ; 0 s                 ; 0 s                 ; 2.62 V                       ; 5.25e-08 V                   ; 2.64 V              ; -0.00715 V          ; 0.215 V                              ; 0.119 V                              ; 2.17e-09 s                  ; 2.79e-09 s                  ; No                         ; Yes                        ; 2.62 V                      ; 5.25e-08 V                  ; 2.64 V             ; -0.00715 V         ; 0.215 V                             ; 0.119 V                             ; 2.17e-09 s                 ; 2.79e-09 s                 ; No                        ; Yes                       ;
; SEVEN_SEGMENT_N_O[0][2] ; 2.5 V        ; 0 s                 ; 0 s                 ; 2.62 V                       ; 5.25e-08 V                   ; 2.71 V              ; -0.00384 V          ; 0.138 V                              ; 0.006 V                              ; 2.68e-10 s                  ; 3.59e-10 s                  ; Yes                        ; Yes                        ; 2.62 V                      ; 5.25e-08 V                  ; 2.71 V             ; -0.00384 V         ; 0.138 V                             ; 0.006 V                             ; 2.68e-10 s                 ; 3.59e-10 s                 ; Yes                       ; Yes                       ;
; SEVEN_SEGMENT_N_O[0][3] ; 2.5 V        ; 0 s                 ; 0 s                 ; 2.62 V                       ; 3.54e-08 V                   ; 2.72 V              ; -0.00885 V          ; 0.141 V                              ; 0.021 V                              ; 2.66e-10 s                  ; 3.4e-10 s                   ; Yes                        ; Yes                        ; 2.62 V                      ; 3.54e-08 V                  ; 2.72 V             ; -0.00885 V         ; 0.141 V                             ; 0.021 V                             ; 2.66e-10 s                 ; 3.4e-10 s                  ; Yes                       ; Yes                       ;
; SEVEN_SEGMENT_N_O[0][4] ; 2.5 V        ; 0 s                 ; 0 s                 ; 2.62 V                       ; 3.54e-08 V                   ; 2.72 V              ; -0.00885 V          ; 0.141 V                              ; 0.021 V                              ; 2.66e-10 s                  ; 3.4e-10 s                   ; Yes                        ; Yes                        ; 2.62 V                      ; 3.54e-08 V                  ; 2.72 V             ; -0.00885 V         ; 0.141 V                             ; 0.021 V                             ; 2.66e-10 s                 ; 3.4e-10 s                  ; Yes                       ; Yes                       ;
; SEVEN_SEGMENT_N_O[0][5] ; 2.5 V        ; 0 s                 ; 0 s                 ; 2.62 V                       ; 3.54e-08 V                   ; 2.64 V              ; -0.00712 V          ; 0.214 V                              ; 0.118 V                              ; 2.17e-09 s                  ; 2.78e-09 s                  ; No                         ; Yes                        ; 2.62 V                      ; 3.54e-08 V                  ; 2.64 V             ; -0.00712 V         ; 0.214 V                             ; 0.118 V                             ; 2.17e-09 s                 ; 2.78e-09 s                 ; No                        ; Yes                       ;
; SEVEN_SEGMENT_N_O[0][6] ; 2.5 V        ; 0 s                 ; 0 s                 ; 2.62 V                       ; 3.54e-08 V                   ; 2.72 V              ; -0.00885 V          ; 0.141 V                              ; 0.021 V                              ; 2.66e-10 s                  ; 3.4e-10 s                   ; Yes                        ; Yes                        ; 2.62 V                      ; 3.54e-08 V                  ; 2.72 V             ; -0.00885 V         ; 0.141 V                             ; 0.021 V                             ; 2.66e-10 s                 ; 3.4e-10 s                  ; Yes                       ; Yes                       ;
; SEVEN_SEGMENT_N_O[1][0] ; 2.5 V        ; 0 s                 ; 0 s                 ; 2.62 V                       ; 3.54e-08 V                   ; 2.72 V              ; -0.00885 V          ; 0.141 V                              ; 0.021 V                              ; 2.66e-10 s                  ; 3.4e-10 s                   ; Yes                        ; Yes                        ; 2.62 V                      ; 3.54e-08 V                  ; 2.72 V             ; -0.00885 V         ; 0.141 V                             ; 0.021 V                             ; 2.66e-10 s                 ; 3.4e-10 s                  ; Yes                       ; Yes                       ;
; SEVEN_SEGMENT_N_O[1][1] ; 2.5 V        ; 0 s                 ; 0 s                 ; 2.62 V                       ; 3.54e-08 V                   ; 2.7 V               ; -0.00943 V          ; 0.276 V                              ; 0.035 V                              ; 3.19e-10 s                  ; 4.99e-10 s                  ; No                         ; Yes                        ; 2.62 V                      ; 3.54e-08 V                  ; 2.7 V              ; -0.00943 V         ; 0.276 V                             ; 0.035 V                             ; 3.19e-10 s                 ; 4.99e-10 s                 ; No                        ; Yes                       ;
; SEVEN_SEGMENT_N_O[1][2] ; 2.5 V        ; 0 s                 ; 0 s                 ; 2.62 V                       ; 3.54e-08 V                   ; 2.7 V               ; -0.00943 V          ; 0.276 V                              ; 0.035 V                              ; 3.19e-10 s                  ; 4.99e-10 s                  ; No                         ; Yes                        ; 2.62 V                      ; 3.54e-08 V                  ; 2.7 V              ; -0.00943 V         ; 0.276 V                             ; 0.035 V                             ; 3.19e-10 s                 ; 4.99e-10 s                 ; No                        ; Yes                       ;
; SEVEN_SEGMENT_N_O[1][3] ; 2.5 V        ; 0 s                 ; 0 s                 ; 2.62 V                       ; 3.54e-08 V                   ; 2.7 V               ; -0.00943 V          ; 0.276 V                              ; 0.035 V                              ; 3.19e-10 s                  ; 4.99e-10 s                  ; No                         ; Yes                        ; 2.62 V                      ; 3.54e-08 V                  ; 2.7 V              ; -0.00943 V         ; 0.276 V                             ; 0.035 V                             ; 3.19e-10 s                 ; 4.99e-10 s                 ; No                        ; Yes                       ;
; SEVEN_SEGMENT_N_O[1][4] ; 2.5 V        ; 0 s                 ; 0 s                 ; 2.62 V                       ; 3.54e-08 V                   ; 2.7 V               ; -0.00943 V          ; 0.276 V                              ; 0.035 V                              ; 3.19e-10 s                  ; 4.99e-10 s                  ; No                         ; Yes                        ; 2.62 V                      ; 3.54e-08 V                  ; 2.7 V              ; -0.00943 V         ; 0.276 V                             ; 0.035 V                             ; 3.19e-10 s                 ; 4.99e-10 s                 ; No                        ; Yes                       ;
; SEVEN_SEGMENT_N_O[1][5] ; 2.5 V        ; 0 s                 ; 0 s                 ; 2.62 V                       ; 3.54e-08 V                   ; 2.64 V              ; -0.00712 V          ; 0.214 V                              ; 0.118 V                              ; 2.17e-09 s                  ; 2.78e-09 s                  ; No                         ; Yes                        ; 2.62 V                      ; 3.54e-08 V                  ; 2.64 V             ; -0.00712 V         ; 0.214 V                             ; 0.118 V                             ; 2.17e-09 s                 ; 2.78e-09 s                 ; No                        ; Yes                       ;
; SEVEN_SEGMENT_N_O[1][6] ; 2.5 V        ; 0 s                 ; 0 s                 ; 2.62 V                       ; 3.54e-08 V                   ; 2.64 V              ; -0.00712 V          ; 0.214 V                              ; 0.118 V                              ; 2.17e-09 s                  ; 2.78e-09 s                  ; No                         ; Yes                        ; 2.62 V                      ; 3.54e-08 V                  ; 2.64 V             ; -0.00712 V         ; 0.214 V                             ; 0.118 V                             ; 2.17e-09 s                 ; 2.78e-09 s                 ; No                        ; Yes                       ;
; SEVEN_SEGMENT_N_O[2][0] ; 2.5 V        ; 0 s                 ; 0 s                 ; 2.62 V                       ; 3.54e-08 V                   ; 2.7 V               ; -0.00943 V          ; 0.276 V                              ; 0.035 V                              ; 3.19e-10 s                  ; 4.99e-10 s                  ; No                         ; Yes                        ; 2.62 V                      ; 3.54e-08 V                  ; 2.7 V              ; -0.00943 V         ; 0.276 V                             ; 0.035 V                             ; 3.19e-10 s                 ; 4.99e-10 s                 ; No                        ; Yes                       ;
; SEVEN_SEGMENT_N_O[2][1] ; 2.5 V        ; 0 s                 ; 0 s                 ; 2.62 V                       ; 3.54e-08 V                   ; 2.7 V               ; -0.00943 V          ; 0.276 V                              ; 0.035 V                              ; 3.19e-10 s                  ; 4.99e-10 s                  ; No                         ; Yes                        ; 2.62 V                      ; 3.54e-08 V                  ; 2.7 V              ; -0.00943 V         ; 0.276 V                             ; 0.035 V                             ; 3.19e-10 s                 ; 4.99e-10 s                 ; No                        ; Yes                       ;
; SEVEN_SEGMENT_N_O[2][2] ; 2.5 V        ; 0 s                 ; 0 s                 ; 2.62 V                       ; 3.54e-08 V                   ; 2.7 V               ; -0.00943 V          ; 0.276 V                              ; 0.035 V                              ; 3.19e-10 s                  ; 4.99e-10 s                  ; No                         ; Yes                        ; 2.62 V                      ; 3.54e-08 V                  ; 2.7 V              ; -0.00943 V         ; 0.276 V                             ; 0.035 V                             ; 3.19e-10 s                 ; 4.99e-10 s                 ; No                        ; Yes                       ;
; SEVEN_SEGMENT_N_O[2][3] ; 2.5 V        ; 0 s                 ; 0 s                 ; 2.62 V                       ; 3.54e-08 V                   ; 2.7 V               ; -0.00943 V          ; 0.276 V                              ; 0.035 V                              ; 3.19e-10 s                  ; 4.99e-10 s                  ; No                         ; Yes                        ; 2.62 V                      ; 3.54e-08 V                  ; 2.7 V              ; -0.00943 V         ; 0.276 V                             ; 0.035 V                             ; 3.19e-10 s                 ; 4.99e-10 s                 ; No                        ; Yes                       ;
; SEVEN_SEGMENT_N_O[2][4] ; 2.5 V        ; 0 s                 ; 0 s                 ; 2.62 V                       ; 3.54e-08 V                   ; 2.7 V               ; -0.00943 V          ; 0.276 V                              ; 0.035 V                              ; 3.19e-10 s                  ; 4.99e-10 s                  ; No                         ; Yes                        ; 2.62 V                      ; 3.54e-08 V                  ; 2.7 V              ; -0.00943 V         ; 0.276 V                             ; 0.035 V                             ; 3.19e-10 s                 ; 4.99e-10 s                 ; No                        ; Yes                       ;
; SEVEN_SEGMENT_N_O[2][5] ; 2.5 V        ; 0 s                 ; 0 s                 ; 2.62 V                       ; 3.54e-08 V                   ; 2.7 V               ; -0.00943 V          ; 0.276 V                              ; 0.035 V                              ; 3.19e-10 s                  ; 4.99e-10 s                  ; No                         ; Yes                        ; 2.62 V                      ; 3.54e-08 V                  ; 2.7 V              ; -0.00943 V         ; 0.276 V                             ; 0.035 V                             ; 3.19e-10 s                 ; 4.99e-10 s                 ; No                        ; Yes                       ;
; SEVEN_SEGMENT_N_O[2][6] ; 2.5 V        ; 0 s                 ; 0 s                 ; 2.62 V                       ; 3.54e-08 V                   ; 2.7 V               ; -0.00943 V          ; 0.276 V                              ; 0.035 V                              ; 3.19e-10 s                  ; 4.99e-10 s                  ; No                         ; Yes                        ; 2.62 V                      ; 3.54e-08 V                  ; 2.7 V              ; -0.00943 V         ; 0.276 V                             ; 0.035 V                             ; 3.19e-10 s                 ; 4.99e-10 s                 ; No                        ; Yes                       ;
; SEVEN_SEGMENT_N_O[3][0] ; 2.5 V        ; 0 s                 ; 0 s                 ; 2.62 V                       ; 3.54e-08 V                   ; 2.7 V               ; -0.00943 V          ; 0.276 V                              ; 0.035 V                              ; 3.19e-10 s                  ; 4.99e-10 s                  ; No                         ; Yes                        ; 2.62 V                      ; 3.54e-08 V                  ; 2.7 V              ; -0.00943 V         ; 0.276 V                             ; 0.035 V                             ; 3.19e-10 s                 ; 4.99e-10 s                 ; No                        ; Yes                       ;
; SEVEN_SEGMENT_N_O[3][1] ; 2.5 V        ; 0 s                 ; 0 s                 ; 2.62 V                       ; 3.54e-08 V                   ; 2.72 V              ; -0.00885 V          ; 0.141 V                              ; 0.021 V                              ; 2.66e-10 s                  ; 3.4e-10 s                   ; Yes                        ; Yes                        ; 2.62 V                      ; 3.54e-08 V                  ; 2.72 V             ; -0.00885 V         ; 0.141 V                             ; 0.021 V                             ; 2.66e-10 s                 ; 3.4e-10 s                  ; Yes                       ; Yes                       ;
; SEVEN_SEGMENT_N_O[3][2] ; 3.3-V LVTTL  ; 0 s                 ; 0 s                 ; 3.46 V                       ; 1.85e-07 V                   ; 3.48 V              ; -0.0173 V           ; 0.356 V                              ; 0.324 V                              ; 3.89e-09 s                  ; 3.06e-09 s                  ; No                         ; No                         ; 3.46 V                      ; 1.85e-07 V                  ; 3.48 V             ; -0.0173 V          ; 0.356 V                             ; 0.324 V                             ; 3.89e-09 s                 ; 3.06e-09 s                 ; No                        ; No                        ;
; SEVEN_SEGMENT_N_O[3][3] ; 3.3-V LVTTL  ; 0 s                 ; 0 s                 ; 3.46 V                       ; 1.85e-07 V                   ; 3.57 V              ; -0.141 V            ; 0.301 V                              ; 0.239 V                              ; 4.61e-10 s                  ; 4.2e-10 s                   ; No                         ; No                         ; 3.46 V                      ; 1.85e-07 V                  ; 3.57 V             ; -0.141 V           ; 0.301 V                             ; 0.239 V                             ; 4.61e-10 s                 ; 4.2e-10 s                  ; No                        ; No                        ;
; SEVEN_SEGMENT_N_O[3][4] ; 3.3-V LVTTL  ; 0 s                 ; 0 s                 ; 3.46 V                       ; 1.85e-07 V                   ; 3.57 V              ; -0.141 V            ; 0.301 V                              ; 0.239 V                              ; 4.61e-10 s                  ; 4.2e-10 s                   ; No                         ; No                         ; 3.46 V                      ; 1.85e-07 V                  ; 3.57 V             ; -0.141 V           ; 0.301 V                             ; 0.239 V                             ; 4.61e-10 s                 ; 4.2e-10 s                  ; No                        ; No                        ;
; SEVEN_SEGMENT_N_O[3][5] ; 3.3-V LVTTL  ; 0 s                 ; 0 s                 ; 3.46 V                       ; 1.85e-07 V                   ; 3.57 V              ; -0.141 V            ; 0.301 V                              ; 0.239 V                              ; 4.61e-10 s                  ; 4.2e-10 s                   ; No                         ; No                         ; 3.46 V                      ; 1.85e-07 V                  ; 3.57 V             ; -0.141 V           ; 0.301 V                             ; 0.239 V                             ; 4.61e-10 s                 ; 4.2e-10 s                  ; No                        ; No                        ;
; SEVEN_SEGMENT_N_O[3][6] ; 3.3-V LVTTL  ; 0 s                 ; 0 s                 ; 3.46 V                       ; 1.85e-07 V                   ; 3.57 V              ; -0.141 V            ; 0.301 V                              ; 0.239 V                              ; 4.61e-10 s                  ; 4.2e-10 s                   ; No                         ; No                         ; 3.46 V                      ; 1.85e-07 V                  ; 3.57 V             ; -0.141 V           ; 0.301 V                             ; 0.239 V                             ; 4.61e-10 s                 ; 4.2e-10 s                  ; No                        ; No                        ;
; SEVEN_SEGMENT_N_O[4][0] ; 3.3-V LVTTL  ; 0 s                 ; 0 s                 ; 3.46 V                       ; 1.85e-07 V                   ; 3.57 V              ; -0.141 V            ; 0.301 V                              ; 0.239 V                              ; 4.61e-10 s                  ; 4.2e-10 s                   ; No                         ; No                         ; 3.46 V                      ; 1.85e-07 V                  ; 3.57 V             ; -0.141 V           ; 0.301 V                             ; 0.239 V                             ; 4.61e-10 s                 ; 4.2e-10 s                  ; No                        ; No                        ;
; SEVEN_SEGMENT_N_O[4][1] ; 3.3-V LVTTL  ; 0 s                 ; 0 s                 ; 3.46 V                       ; 1.85e-07 V                   ; 3.57 V              ; -0.141 V            ; 0.301 V                              ; 0.239 V                              ; 4.61e-10 s                  ; 4.2e-10 s                   ; No                         ; No                         ; 3.46 V                      ; 1.85e-07 V                  ; 3.57 V             ; -0.141 V           ; 0.301 V                             ; 0.239 V                             ; 4.61e-10 s                 ; 4.2e-10 s                  ; No                        ; No                        ;
; SEVEN_SEGMENT_N_O[4][2] ; 3.3-V LVTTL  ; 0 s                 ; 0 s                 ; 3.46 V                       ; 1.85e-07 V                   ; 3.57 V              ; -0.141 V            ; 0.301 V                              ; 0.239 V                              ; 4.61e-10 s                  ; 4.2e-10 s                   ; No                         ; No                         ; 3.46 V                      ; 1.85e-07 V                  ; 3.57 V             ; -0.141 V           ; 0.301 V                             ; 0.239 V                             ; 4.61e-10 s                 ; 4.2e-10 s                  ; No                        ; No                        ;
; SEVEN_SEGMENT_N_O[4][3] ; 3.3-V LVTTL  ; 0 s                 ; 0 s                 ; 3.46 V                       ; 1.85e-07 V                   ; 3.57 V              ; -0.141 V            ; 0.301 V                              ; 0.239 V                              ; 4.61e-10 s                  ; 4.2e-10 s                   ; No                         ; No                         ; 3.46 V                      ; 1.85e-07 V                  ; 3.57 V             ; -0.141 V           ; 0.301 V                             ; 0.239 V                             ; 4.61e-10 s                 ; 4.2e-10 s                  ; No                        ; No                        ;
; SEVEN_SEGMENT_N_O[4][4] ; 3.3-V LVTTL  ; 0 s                 ; 0 s                 ; 3.46 V                       ; 1.85e-07 V                   ; 3.57 V              ; -0.141 V            ; 0.301 V                              ; 0.239 V                              ; 4.61e-10 s                  ; 4.2e-10 s                   ; No                         ; No                         ; 3.46 V                      ; 1.85e-07 V                  ; 3.57 V             ; -0.141 V           ; 0.301 V                             ; 0.239 V                             ; 4.61e-10 s                 ; 4.2e-10 s                  ; No                        ; No                        ;
; SEVEN_SEGMENT_N_O[4][5] ; 3.3-V LVTTL  ; 0 s                 ; 0 s                 ; 3.46 V                       ; 1.85e-07 V                   ; 3.57 V              ; -0.141 V            ; 0.301 V                              ; 0.239 V                              ; 4.61e-10 s                  ; 4.2e-10 s                   ; No                         ; No                         ; 3.46 V                      ; 1.85e-07 V                  ; 3.57 V             ; -0.141 V           ; 0.301 V                             ; 0.239 V                             ; 4.61e-10 s                 ; 4.2e-10 s                  ; No                        ; No                        ;
; SEVEN_SEGMENT_N_O[4][6] ; 3.3-V LVTTL  ; 0 s                 ; 0 s                 ; 3.46 V                       ; 1.85e-07 V                   ; 3.57 V              ; -0.141 V            ; 0.301 V                              ; 0.239 V                              ; 4.61e-10 s                  ; 4.2e-10 s                   ; No                         ; No                         ; 3.46 V                      ; 1.85e-07 V                  ; 3.57 V             ; -0.141 V           ; 0.301 V                             ; 0.239 V                             ; 4.61e-10 s                 ; 4.2e-10 s                  ; No                        ; No                        ;
; SEVEN_SEGMENT_N_O[5][0] ; 3.3-V LVTTL  ; 0 s                 ; 0 s                 ; 3.46 V                       ; 1.85e-07 V                   ; 3.57 V              ; -0.141 V            ; 0.301 V                              ; 0.239 V                              ; 4.61e-10 s                  ; 4.2e-10 s                   ; No                         ; No                         ; 3.46 V                      ; 1.85e-07 V                  ; 3.57 V             ; -0.141 V           ; 0.301 V                             ; 0.239 V                             ; 4.61e-10 s                 ; 4.2e-10 s                  ; No                        ; No                        ;
; SEVEN_SEGMENT_N_O[5][1] ; 3.3-V LVTTL  ; 0 s                 ; 0 s                 ; 3.46 V                       ; 1.85e-07 V                   ; 3.48 V              ; -0.0173 V           ; 0.356 V                              ; 0.324 V                              ; 3.89e-09 s                  ; 3.06e-09 s                  ; No                         ; No                         ; 3.46 V                      ; 1.85e-07 V                  ; 3.48 V             ; -0.0173 V          ; 0.356 V                             ; 0.324 V                             ; 3.89e-09 s                 ; 3.06e-09 s                 ; No                        ; No                        ;
; SEVEN_SEGMENT_N_O[5][2] ; 3.3-V LVTTL  ; 0 s                 ; 0 s                 ; 3.46 V                       ; 1.85e-07 V                   ; 3.57 V              ; -0.141 V            ; 0.301 V                              ; 0.239 V                              ; 4.61e-10 s                  ; 4.2e-10 s                   ; No                         ; No                         ; 3.46 V                      ; 1.85e-07 V                  ; 3.57 V             ; -0.141 V           ; 0.301 V                             ; 0.239 V                             ; 4.61e-10 s                 ; 4.2e-10 s                  ; No                        ; No                        ;
; SEVEN_SEGMENT_N_O[5][3] ; 3.3-V LVTTL  ; 0 s                 ; 0 s                 ; 3.46 V                       ; 1.85e-07 V                   ; 3.57 V              ; -0.141 V            ; 0.301 V                              ; 0.239 V                              ; 4.61e-10 s                  ; 4.2e-10 s                   ; No                         ; No                         ; 3.46 V                      ; 1.85e-07 V                  ; 3.57 V             ; -0.141 V           ; 0.301 V                             ; 0.239 V                             ; 4.61e-10 s                 ; 4.2e-10 s                  ; No                        ; No                        ;
; SEVEN_SEGMENT_N_O[5][4] ; 3.3-V LVTTL  ; 0 s                 ; 0 s                 ; 3.46 V                       ; 1.85e-07 V                   ; 3.57 V              ; -0.141 V            ; 0.301 V                              ; 0.239 V                              ; 4.61e-10 s                  ; 4.2e-10 s                   ; No                         ; No                         ; 3.46 V                      ; 1.85e-07 V                  ; 3.57 V             ; -0.141 V           ; 0.301 V                             ; 0.239 V                             ; 4.61e-10 s                 ; 4.2e-10 s                  ; No                        ; No                        ;
; SEVEN_SEGMENT_N_O[5][5] ; 3.3-V LVTTL  ; 0 s                 ; 0 s                 ; 3.46 V                       ; 1.85e-07 V                   ; 3.57 V              ; -0.141 V            ; 0.301 V                              ; 0.239 V                              ; 4.61e-10 s                  ; 4.2e-10 s                   ; No                         ; No                         ; 3.46 V                      ; 1.85e-07 V                  ; 3.57 V             ; -0.141 V           ; 0.301 V                             ; 0.239 V                             ; 4.61e-10 s                 ; 4.2e-10 s                  ; No                        ; No                        ;
; SEVEN_SEGMENT_N_O[5][6] ; 3.3-V LVTTL  ; 0 s                 ; 0 s                 ; 3.46 V                       ; 1.85e-07 V                   ; 3.57 V              ; -0.141 V            ; 0.301 V                              ; 0.239 V                              ; 4.61e-10 s                  ; 4.2e-10 s                   ; No                         ; No                         ; 3.46 V                      ; 1.85e-07 V                  ; 3.57 V             ; -0.141 V           ; 0.301 V                             ; 0.239 V                             ; 4.61e-10 s                 ; 4.2e-10 s                  ; No                        ; No                        ;
; SEVEN_SEGMENT_N_O[6][0] ; 3.3-V LVTTL  ; 0 s                 ; 0 s                 ; 3.46 V                       ; 1.85e-07 V                   ; 3.57 V              ; -0.141 V            ; 0.301 V                              ; 0.239 V                              ; 4.61e-10 s                  ; 4.2e-10 s                   ; No                         ; No                         ; 3.46 V                      ; 1.85e-07 V                  ; 3.57 V             ; -0.141 V           ; 0.301 V                             ; 0.239 V                             ; 4.61e-10 s                 ; 4.2e-10 s                  ; No                        ; No                        ;
; SEVEN_SEGMENT_N_O[6][1] ; 3.3-V LVTTL  ; 0 s                 ; 0 s                 ; 3.46 V                       ; 1.85e-07 V                   ; 3.57 V              ; -0.141 V            ; 0.301 V                              ; 0.239 V                              ; 4.61e-10 s                  ; 4.2e-10 s                   ; No                         ; No                         ; 3.46 V                      ; 1.85e-07 V                  ; 3.57 V             ; -0.141 V           ; 0.301 V                             ; 0.239 V                             ; 4.61e-10 s                 ; 4.2e-10 s                  ; No                        ; No                        ;
; SEVEN_SEGMENT_N_O[6][2] ; 3.3-V LVTTL  ; 0 s                 ; 0 s                 ; 3.46 V                       ; 1.85e-07 V                   ; 3.57 V              ; -0.141 V            ; 0.301 V                              ; 0.239 V                              ; 4.61e-10 s                  ; 4.2e-10 s                   ; No                         ; No                         ; 3.46 V                      ; 1.85e-07 V                  ; 3.57 V             ; -0.141 V           ; 0.301 V                             ; 0.239 V                             ; 4.61e-10 s                 ; 4.2e-10 s                  ; No                        ; No                        ;
; SEVEN_SEGMENT_N_O[6][3] ; 3.3-V LVTTL  ; 0 s                 ; 0 s                 ; 3.46 V                       ; 1.85e-07 V                   ; 3.57 V              ; -0.141 V            ; 0.301 V                              ; 0.239 V                              ; 4.61e-10 s                  ; 4.2e-10 s                   ; No                         ; No                         ; 3.46 V                      ; 1.85e-07 V                  ; 3.57 V             ; -0.141 V           ; 0.301 V                             ; 0.239 V                             ; 4.61e-10 s                 ; 4.2e-10 s                  ; No                        ; No                        ;
; SEVEN_SEGMENT_N_O[6][4] ; 3.3-V LVTTL  ; 0 s                 ; 0 s                 ; 3.46 V                       ; 1.85e-07 V                   ; 3.57 V              ; -0.141 V            ; 0.301 V                              ; 0.239 V                              ; 4.61e-10 s                  ; 4.2e-10 s                   ; No                         ; No                         ; 3.46 V                      ; 1.85e-07 V                  ; 3.57 V             ; -0.141 V           ; 0.301 V                             ; 0.239 V                             ; 4.61e-10 s                 ; 4.2e-10 s                  ; No                        ; No                        ;
; SEVEN_SEGMENT_N_O[6][5] ; 3.3-V LVTTL  ; 0 s                 ; 0 s                 ; 3.46 V                       ; 1.85e-07 V                   ; 3.48 V              ; -0.0173 V           ; 0.356 V                              ; 0.324 V                              ; 3.89e-09 s                  ; 3.06e-09 s                  ; No                         ; No                         ; 3.46 V                      ; 1.85e-07 V                  ; 3.48 V             ; -0.0173 V          ; 0.356 V                             ; 0.324 V                             ; 3.89e-09 s                 ; 3.06e-09 s                 ; No                        ; No                        ;
; SEVEN_SEGMENT_N_O[6][6] ; 3.3-V LVTTL  ; 0 s                 ; 0 s                 ; 3.46 V                       ; 1.85e-07 V                   ; 3.57 V              ; -0.141 V            ; 0.301 V                              ; 0.239 V                              ; 4.61e-10 s                  ; 4.2e-10 s                   ; No                         ; No                         ; 3.46 V                      ; 1.85e-07 V                  ; 3.57 V             ; -0.141 V           ; 0.301 V                             ; 0.239 V                             ; 4.61e-10 s                 ; 4.2e-10 s                  ; No                        ; No                        ;
; SEVEN_SEGMENT_N_O[7][0] ; 3.3-V LVTTL  ; 0 s                 ; 0 s                 ; 3.46 V                       ; 1.85e-07 V                   ; 3.57 V              ; -0.141 V            ; 0.301 V                              ; 0.239 V                              ; 4.61e-10 s                  ; 4.2e-10 s                   ; No                         ; No                         ; 3.46 V                      ; 1.85e-07 V                  ; 3.57 V             ; -0.141 V           ; 0.301 V                             ; 0.239 V                             ; 4.61e-10 s                 ; 4.2e-10 s                  ; No                        ; No                        ;
; SEVEN_SEGMENT_N_O[7][1] ; 3.3-V LVTTL  ; 0 s                 ; 0 s                 ; 3.46 V                       ; 1.85e-07 V                   ; 3.57 V              ; -0.141 V            ; 0.301 V                              ; 0.239 V                              ; 4.61e-10 s                  ; 4.2e-10 s                   ; No                         ; No                         ; 3.46 V                      ; 1.85e-07 V                  ; 3.57 V             ; -0.141 V           ; 0.301 V                             ; 0.239 V                             ; 4.61e-10 s                 ; 4.2e-10 s                  ; No                        ; No                        ;
; SEVEN_SEGMENT_N_O[7][2] ; 3.3-V LVTTL  ; 0 s                 ; 0 s                 ; 3.46 V                       ; 1.85e-07 V                   ; 3.57 V              ; -0.141 V            ; 0.301 V                              ; 0.239 V                              ; 4.61e-10 s                  ; 4.2e-10 s                   ; No                         ; No                         ; 3.46 V                      ; 1.85e-07 V                  ; 3.57 V             ; -0.141 V           ; 0.301 V                             ; 0.239 V                             ; 4.61e-10 s                 ; 4.2e-10 s                  ; No                        ; No                        ;
; SEVEN_SEGMENT_N_O[7][3] ; 3.3-V LVTTL  ; 0 s                 ; 0 s                 ; 3.46 V                       ; 1.85e-07 V                   ; 3.57 V              ; -0.141 V            ; 0.301 V                              ; 0.239 V                              ; 4.61e-10 s                  ; 4.2e-10 s                   ; No                         ; No                         ; 3.46 V                      ; 1.85e-07 V                  ; 3.57 V             ; -0.141 V           ; 0.301 V                             ; 0.239 V                             ; 4.61e-10 s                 ; 4.2e-10 s                  ; No                        ; No                        ;
; SEVEN_SEGMENT_N_O[7][4] ; 3.3-V LVTTL  ; 0 s                 ; 0 s                 ; 3.46 V                       ; 1.85e-07 V                   ; 3.57 V              ; -0.141 V            ; 0.301 V                              ; 0.239 V                              ; 4.61e-10 s                  ; 4.2e-10 s                   ; No                         ; No                         ; 3.46 V                      ; 1.85e-07 V                  ; 3.57 V             ; -0.141 V           ; 0.301 V                             ; 0.239 V                             ; 4.61e-10 s                 ; 4.2e-10 s                  ; No                        ; No                        ;
; SEVEN_SEGMENT_N_O[7][5] ; 3.3-V LVTTL  ; 0 s                 ; 0 s                 ; 3.46 V                       ; 1.85e-07 V                   ; 3.57 V              ; -0.141 V            ; 0.301 V                              ; 0.239 V                              ; 4.61e-10 s                  ; 4.2e-10 s                   ; No                         ; No                         ; 3.46 V                      ; 1.85e-07 V                  ; 3.57 V             ; -0.141 V           ; 0.301 V                             ; 0.239 V                             ; 4.61e-10 s                 ; 4.2e-10 s                  ; No                        ; No                        ;
; SEVEN_SEGMENT_N_O[7][6] ; 3.3-V LVTTL  ; 0 s                 ; 0 s                 ; 3.46 V                       ; 1.85e-07 V                   ; 3.57 V              ; -0.141 V            ; 0.301 V                              ; 0.239 V                              ; 4.61e-10 s                  ; 4.2e-10 s                   ; No                         ; No                         ; 3.46 V                      ; 1.85e-07 V                  ; 3.57 V             ; -0.141 V           ; 0.301 V                             ; 0.239 V                             ; 4.61e-10 s                 ; 4.2e-10 s                  ; No                        ; No                        ;
; LED_GREEN_O[0]          ; 2.5 V        ; 0 s                 ; 0 s                 ; 2.62 V                       ; 5.25e-08 V                   ; 2.71 V              ; -0.00384 V          ; 0.138 V                              ; 0.006 V                              ; 2.68e-10 s                  ; 3.59e-10 s                  ; Yes                        ; Yes                        ; 2.62 V                      ; 5.25e-08 V                  ; 2.71 V             ; -0.00384 V         ; 0.138 V                             ; 0.006 V                             ; 2.68e-10 s                 ; 3.59e-10 s                 ; Yes                       ; Yes                       ;
; LED_GREEN_O[1]          ; 2.5 V        ; 0 s                 ; 0 s                 ; 2.62 V                       ; 5.25e-08 V                   ; 2.71 V              ; -0.00384 V          ; 0.138 V                              ; 0.006 V                              ; 2.68e-10 s                  ; 3.59e-10 s                  ; Yes                        ; Yes                        ; 2.62 V                      ; 5.25e-08 V                  ; 2.71 V             ; -0.00384 V         ; 0.138 V                             ; 0.006 V                             ; 2.68e-10 s                 ; 3.59e-10 s                 ; Yes                       ; Yes                       ;
; LED_GREEN_O[2]          ; 2.5 V        ; 0 s                 ; 0 s                 ; 2.62 V                       ; 5.25e-08 V                   ; 2.71 V              ; -0.00384 V          ; 0.138 V                              ; 0.006 V                              ; 2.68e-10 s                  ; 3.59e-10 s                  ; Yes                        ; Yes                        ; 2.62 V                      ; 5.25e-08 V                  ; 2.71 V             ; -0.00384 V         ; 0.138 V                             ; 0.006 V                             ; 2.68e-10 s                 ; 3.59e-10 s                 ; Yes                       ; Yes                       ;
; LED_GREEN_O[3]          ; 2.5 V        ; 0 s                 ; 0 s                 ; 2.62 V                       ; 5.25e-08 V                   ; 2.71 V              ; -0.00384 V          ; 0.138 V                              ; 0.006 V                              ; 2.68e-10 s                  ; 3.59e-10 s                  ; Yes                        ; Yes                        ; 2.62 V                      ; 5.25e-08 V                  ; 2.71 V             ; -0.00384 V         ; 0.138 V                             ; 0.006 V                             ; 2.68e-10 s                 ; 3.59e-10 s                 ; Yes                       ; Yes                       ;
; LED_GREEN_O[4]          ; 2.5 V        ; 0 s                 ; 0 s                 ; 2.62 V                       ; 5.25e-08 V                   ; 2.71 V              ; -0.00384 V          ; 0.138 V                              ; 0.006 V                              ; 2.68e-10 s                  ; 3.59e-10 s                  ; Yes                        ; Yes                        ; 2.62 V                      ; 5.25e-08 V                  ; 2.71 V             ; -0.00384 V         ; 0.138 V                             ; 0.006 V                             ; 2.68e-10 s                 ; 3.59e-10 s                 ; Yes                       ; Yes                       ;
; LED_GREEN_O[5]          ; 2.5 V        ; 0 s                 ; 0 s                 ; 2.62 V                       ; 5.25e-08 V                   ; 2.71 V              ; -0.00384 V          ; 0.138 V                              ; 0.006 V                              ; 2.68e-10 s                  ; 3.59e-10 s                  ; Yes                        ; Yes                        ; 2.62 V                      ; 5.25e-08 V                  ; 2.71 V             ; -0.00384 V         ; 0.138 V                             ; 0.006 V                             ; 2.68e-10 s                 ; 3.59e-10 s                 ; Yes                       ; Yes                       ;
; LED_GREEN_O[6]          ; 2.5 V        ; 0 s                 ; 0 s                 ; 2.62 V                       ; 5.25e-08 V                   ; 2.71 V              ; -0.00384 V          ; 0.138 V                              ; 0.006 V                              ; 2.68e-10 s                  ; 3.59e-10 s                  ; Yes                        ; Yes                        ; 2.62 V                      ; 5.25e-08 V                  ; 2.71 V             ; -0.00384 V         ; 0.138 V                             ; 0.006 V                             ; 2.68e-10 s                 ; 3.59e-10 s                 ; Yes                       ; Yes                       ;
; LED_GREEN_O[7]          ; 2.5 V        ; 0 s                 ; 0 s                 ; 2.62 V                       ; 5.25e-08 V                   ; 2.71 V              ; -0.00384 V          ; 0.138 V                              ; 0.006 V                              ; 2.68e-10 s                  ; 3.59e-10 s                  ; Yes                        ; Yes                        ; 2.62 V                      ; 5.25e-08 V                  ; 2.71 V             ; -0.00384 V         ; 0.138 V                             ; 0.006 V                             ; 2.68e-10 s                 ; 3.59e-10 s                 ; Yes                       ; Yes                       ;
; LED_GREEN_O[8]          ; 2.5 V        ; 0 s                 ; 0 s                 ; 2.62 V                       ; 5.25e-08 V                   ; 2.71 V              ; -0.00384 V          ; 0.138 V                              ; 0.006 V                              ; 2.68e-10 s                  ; 3.59e-10 s                  ; Yes                        ; Yes                        ; 2.62 V                      ; 5.25e-08 V                  ; 2.71 V             ; -0.00384 V         ; 0.138 V                             ; 0.006 V                             ; 2.68e-10 s                 ; 3.59e-10 s                 ; Yes                       ; Yes                       ;
; VGA_CLOCK_O             ; 3.3-V LVTTL  ; 0 s                 ; 0 s                 ; 3.46 V                       ; 1.85e-07 V                   ; 3.57 V              ; -0.141 V            ; 0.301 V                              ; 0.239 V                              ; 4.61e-10 s                  ; 4.2e-10 s                   ; No                         ; No                         ; 3.46 V                      ; 1.85e-07 V                  ; 3.57 V             ; -0.141 V           ; 0.301 V                             ; 0.239 V                             ; 4.61e-10 s                 ; 4.2e-10 s                  ; No                        ; No                        ;
; VGA_HSYNC_O             ; 3.3-V LVTTL  ; 0 s                 ; 0 s                 ; 3.46 V                       ; 1.85e-07 V                   ; 3.57 V              ; -0.141 V            ; 0.301 V                              ; 0.239 V                              ; 4.61e-10 s                  ; 4.2e-10 s                   ; No                         ; No                         ; 3.46 V                      ; 1.85e-07 V                  ; 3.57 V             ; -0.141 V           ; 0.301 V                             ; 0.239 V                             ; 4.61e-10 s                 ; 4.2e-10 s                  ; No                        ; No                        ;
; VGA_VSYNC_O             ; 3.3-V LVTTL  ; 0 s                 ; 0 s                 ; 3.46 V                       ; 1.85e-07 V                   ; 3.57 V              ; -0.141 V            ; 0.301 V                              ; 0.239 V                              ; 4.61e-10 s                  ; 4.2e-10 s                   ; No                         ; No                         ; 3.46 V                      ; 1.85e-07 V                  ; 3.57 V             ; -0.141 V           ; 0.301 V                             ; 0.239 V                             ; 4.61e-10 s                 ; 4.2e-10 s                  ; No                        ; No                        ;
; VGA_BLANK_O             ; 3.3-V LVTTL  ; 0 s                 ; 0 s                 ; 3.46 V                       ; 1.85e-07 V                   ; 3.57 V              ; -0.141 V            ; 0.301 V                              ; 0.239 V                              ; 4.61e-10 s                  ; 4.2e-10 s                   ; No                         ; No                         ; 3.46 V                      ; 1.85e-07 V                  ; 3.57 V             ; -0.141 V           ; 0.301 V                             ; 0.239 V                             ; 4.61e-10 s                 ; 4.2e-10 s                  ; No                        ; No                        ;
; VGA_SYNC_O              ; 3.3-V LVTTL  ; 0 s                 ; 0 s                 ; 3.46 V                       ; 1.85e-07 V                   ; 3.57 V              ; -0.141 V            ; 0.301 V                              ; 0.239 V                              ; 4.61e-10 s                  ; 4.2e-10 s                   ; No                         ; No                         ; 3.46 V                      ; 1.85e-07 V                  ; 3.57 V             ; -0.141 V           ; 0.301 V                             ; 0.239 V                             ; 4.61e-10 s                 ; 4.2e-10 s                  ; No                        ; No                        ;
; VGA_RED_O[0]            ; 3.3-V LVTTL  ; 0 s                 ; 0 s                 ; 3.46 V                       ; 1.85e-07 V                   ; 3.57 V              ; -0.141 V            ; 0.301 V                              ; 0.239 V                              ; 4.61e-10 s                  ; 4.2e-10 s                   ; No                         ; No                         ; 3.46 V                      ; 1.85e-07 V                  ; 3.57 V             ; -0.141 V           ; 0.301 V                             ; 0.239 V                             ; 4.61e-10 s                 ; 4.2e-10 s                  ; No                        ; No                        ;
; VGA_RED_O[1]            ; 3.3-V LVTTL  ; 0 s                 ; 0 s                 ; 3.46 V                       ; 1.85e-07 V                   ; 3.57 V              ; -0.141 V            ; 0.301 V                              ; 0.239 V                              ; 4.61e-10 s                  ; 4.2e-10 s                   ; No                         ; No                         ; 3.46 V                      ; 1.85e-07 V                  ; 3.57 V             ; -0.141 V           ; 0.301 V                             ; 0.239 V                             ; 4.61e-10 s                 ; 4.2e-10 s                  ; No                        ; No                        ;
; VGA_RED_O[2]            ; 3.3-V LVTTL  ; 0 s                 ; 0 s                 ; 3.46 V                       ; 1.85e-07 V                   ; 3.57 V              ; -0.141 V            ; 0.301 V                              ; 0.239 V                              ; 4.61e-10 s                  ; 4.2e-10 s                   ; No                         ; No                         ; 3.46 V                      ; 1.85e-07 V                  ; 3.57 V             ; -0.141 V           ; 0.301 V                             ; 0.239 V                             ; 4.61e-10 s                 ; 4.2e-10 s                  ; No                        ; No                        ;
; VGA_RED_O[3]            ; 3.3-V LVTTL  ; 0 s                 ; 0 s                 ; 3.46 V                       ; 1.85e-07 V                   ; 3.57 V              ; -0.141 V            ; 0.301 V                              ; 0.239 V                              ; 4.61e-10 s                  ; 4.2e-10 s                   ; No                         ; No                         ; 3.46 V                      ; 1.85e-07 V                  ; 3.57 V             ; -0.141 V           ; 0.301 V                             ; 0.239 V                             ; 4.61e-10 s                 ; 4.2e-10 s                  ; No                        ; No                        ;
; VGA_RED_O[4]            ; 3.3-V LVTTL  ; 0 s                 ; 0 s                 ; 3.46 V                       ; 1.85e-07 V                   ; 3.57 V              ; -0.141 V            ; 0.301 V                              ; 0.239 V                              ; 4.61e-10 s                  ; 4.2e-10 s                   ; No                         ; No                         ; 3.46 V                      ; 1.85e-07 V                  ; 3.57 V             ; -0.141 V           ; 0.301 V                             ; 0.239 V                             ; 4.61e-10 s                 ; 4.2e-10 s                  ; No                        ; No                        ;
; VGA_RED_O[5]            ; 3.3-V LVTTL  ; 0 s                 ; 0 s                 ; 3.46 V                       ; 1.85e-07 V                   ; 3.57 V              ; -0.141 V            ; 0.301 V                              ; 0.239 V                              ; 4.61e-10 s                  ; 4.2e-10 s                   ; No                         ; No                         ; 3.46 V                      ; 1.85e-07 V                  ; 3.57 V             ; -0.141 V           ; 0.301 V                             ; 0.239 V                             ; 4.61e-10 s                 ; 4.2e-10 s                  ; No                        ; No                        ;
; VGA_RED_O[6]            ; 3.3-V LVTTL  ; 0 s                 ; 0 s                 ; 3.46 V                       ; 1.85e-07 V                   ; 3.57 V              ; -0.141 V            ; 0.301 V                              ; 0.239 V                              ; 4.61e-10 s                  ; 4.2e-10 s                   ; No                         ; No                         ; 3.46 V                      ; 1.85e-07 V                  ; 3.57 V             ; -0.141 V           ; 0.301 V                             ; 0.239 V                             ; 4.61e-10 s                 ; 4.2e-10 s                  ; No                        ; No                        ;
; VGA_RED_O[7]            ; 3.3-V LVTTL  ; 0 s                 ; 0 s                 ; 3.46 V                       ; 1.85e-07 V                   ; 3.57 V              ; -0.141 V            ; 0.301 V                              ; 0.239 V                              ; 4.61e-10 s                  ; 4.2e-10 s                   ; No                         ; No                         ; 3.46 V                      ; 1.85e-07 V                  ; 3.57 V             ; -0.141 V           ; 0.301 V                             ; 0.239 V                             ; 4.61e-10 s                 ; 4.2e-10 s                  ; No                        ; No                        ;
; VGA_GREEN_O[0]          ; 3.3-V LVTTL  ; 0 s                 ; 0 s                 ; 3.46 V                       ; 1.85e-07 V                   ; 3.57 V              ; -0.141 V            ; 0.301 V                              ; 0.239 V                              ; 4.61e-10 s                  ; 4.2e-10 s                   ; No                         ; No                         ; 3.46 V                      ; 1.85e-07 V                  ; 3.57 V             ; -0.141 V           ; 0.301 V                             ; 0.239 V                             ; 4.61e-10 s                 ; 4.2e-10 s                  ; No                        ; No                        ;
; VGA_GREEN_O[1]          ; 3.3-V LVTTL  ; 0 s                 ; 0 s                 ; 3.46 V                       ; 1.85e-07 V                   ; 3.57 V              ; -0.141 V            ; 0.301 V                              ; 0.239 V                              ; 4.61e-10 s                  ; 4.2e-10 s                   ; No                         ; No                         ; 3.46 V                      ; 1.85e-07 V                  ; 3.57 V             ; -0.141 V           ; 0.301 V                             ; 0.239 V                             ; 4.61e-10 s                 ; 4.2e-10 s                  ; No                        ; No                        ;
; VGA_GREEN_O[2]          ; 3.3-V LVTTL  ; 0 s                 ; 0 s                 ; 3.46 V                       ; 1.85e-07 V                   ; 3.57 V              ; -0.141 V            ; 0.301 V                              ; 0.239 V                              ; 4.61e-10 s                  ; 4.2e-10 s                   ; No                         ; No                         ; 3.46 V                      ; 1.85e-07 V                  ; 3.57 V             ; -0.141 V           ; 0.301 V                             ; 0.239 V                             ; 4.61e-10 s                 ; 4.2e-10 s                  ; No                        ; No                        ;
; VGA_GREEN_O[3]          ; 3.3-V LVTTL  ; 0 s                 ; 0 s                 ; 3.46 V                       ; 1.85e-07 V                   ; 3.57 V              ; -0.141 V            ; 0.301 V                              ; 0.239 V                              ; 4.61e-10 s                  ; 4.2e-10 s                   ; No                         ; No                         ; 3.46 V                      ; 1.85e-07 V                  ; 3.57 V             ; -0.141 V           ; 0.301 V                             ; 0.239 V                             ; 4.61e-10 s                 ; 4.2e-10 s                  ; No                        ; No                        ;
; VGA_GREEN_O[4]          ; 3.3-V LVTTL  ; 0 s                 ; 0 s                 ; 3.46 V                       ; 1.85e-07 V                   ; 3.57 V              ; -0.141 V            ; 0.301 V                              ; 0.239 V                              ; 4.61e-10 s                  ; 4.2e-10 s                   ; No                         ; No                         ; 3.46 V                      ; 1.85e-07 V                  ; 3.57 V             ; -0.141 V           ; 0.301 V                             ; 0.239 V                             ; 4.61e-10 s                 ; 4.2e-10 s                  ; No                        ; No                        ;
; VGA_GREEN_O[5]          ; 3.3-V LVTTL  ; 0 s                 ; 0 s                 ; 3.46 V                       ; 1.85e-07 V                   ; 3.57 V              ; -0.141 V            ; 0.301 V                              ; 0.239 V                              ; 4.61e-10 s                  ; 4.2e-10 s                   ; No                         ; No                         ; 3.46 V                      ; 1.85e-07 V                  ; 3.57 V             ; -0.141 V           ; 0.301 V                             ; 0.239 V                             ; 4.61e-10 s                 ; 4.2e-10 s                  ; No                        ; No                        ;
; VGA_GREEN_O[6]          ; 3.3-V LVTTL  ; 0 s                 ; 0 s                 ; 3.46 V                       ; 1.85e-07 V                   ; 3.57 V              ; -0.141 V            ; 0.301 V                              ; 0.239 V                              ; 4.61e-10 s                  ; 4.2e-10 s                   ; No                         ; No                         ; 3.46 V                      ; 1.85e-07 V                  ; 3.57 V             ; -0.141 V           ; 0.301 V                             ; 0.239 V                             ; 4.61e-10 s                 ; 4.2e-10 s                  ; No                        ; No                        ;
; VGA_GREEN_O[7]          ; 3.3-V LVTTL  ; 0 s                 ; 0 s                 ; 3.46 V                       ; 1.85e-07 V                   ; 3.57 V              ; -0.141 V            ; 0.301 V                              ; 0.239 V                              ; 4.61e-10 s                  ; 4.2e-10 s                   ; No                         ; No                         ; 3.46 V                      ; 1.85e-07 V                  ; 3.57 V             ; -0.141 V           ; 0.301 V                             ; 0.239 V                             ; 4.61e-10 s                 ; 4.2e-10 s                  ; No                        ; No                        ;
; VGA_BLUE_O[0]           ; 3.3-V LVTTL  ; 0 s                 ; 0 s                 ; 3.46 V                       ; 1.85e-07 V                   ; 3.57 V              ; -0.141 V            ; 0.301 V                              ; 0.239 V                              ; 4.61e-10 s                  ; 4.2e-10 s                   ; No                         ; No                         ; 3.46 V                      ; 1.85e-07 V                  ; 3.57 V             ; -0.141 V           ; 0.301 V                             ; 0.239 V                             ; 4.61e-10 s                 ; 4.2e-10 s                  ; No                        ; No                        ;
; VGA_BLUE_O[1]           ; 3.3-V LVTTL  ; 0 s                 ; 0 s                 ; 3.46 V                       ; 1.85e-07 V                   ; 3.57 V              ; -0.141 V            ; 0.301 V                              ; 0.239 V                              ; 4.61e-10 s                  ; 4.2e-10 s                   ; No                         ; No                         ; 3.46 V                      ; 1.85e-07 V                  ; 3.57 V             ; -0.141 V           ; 0.301 V                             ; 0.239 V                             ; 4.61e-10 s                 ; 4.2e-10 s                  ; No                        ; No                        ;
; VGA_BLUE_O[2]           ; 3.3-V LVTTL  ; 0 s                 ; 0 s                 ; 3.46 V                       ; 1.85e-07 V                   ; 3.57 V              ; -0.141 V            ; 0.301 V                              ; 0.239 V                              ; 4.61e-10 s                  ; 4.2e-10 s                   ; No                         ; No                         ; 3.46 V                      ; 1.85e-07 V                  ; 3.57 V             ; -0.141 V           ; 0.301 V                             ; 0.239 V                             ; 4.61e-10 s                 ; 4.2e-10 s                  ; No                        ; No                        ;
; VGA_BLUE_O[3]           ; 3.3-V LVTTL  ; 0 s                 ; 0 s                 ; 3.46 V                       ; 1.85e-07 V                   ; 3.57 V              ; -0.141 V            ; 0.301 V                              ; 0.239 V                              ; 4.61e-10 s                  ; 4.2e-10 s                   ; No                         ; No                         ; 3.46 V                      ; 1.85e-07 V                  ; 3.57 V             ; -0.141 V           ; 0.301 V                             ; 0.239 V                             ; 4.61e-10 s                 ; 4.2e-10 s                  ; No                        ; No                        ;
; VGA_BLUE_O[4]           ; 3.3-V LVTTL  ; 0 s                 ; 0 s                 ; 3.46 V                       ; 1.85e-07 V                   ; 3.57 V              ; -0.141 V            ; 0.301 V                              ; 0.239 V                              ; 4.61e-10 s                  ; 4.2e-10 s                   ; No                         ; No                         ; 3.46 V                      ; 1.85e-07 V                  ; 3.57 V             ; -0.141 V           ; 0.301 V                             ; 0.239 V                             ; 4.61e-10 s                 ; 4.2e-10 s                  ; No                        ; No                        ;
; VGA_BLUE_O[5]           ; 3.3-V LVTTL  ; 0 s                 ; 0 s                 ; 3.46 V                       ; 1.85e-07 V                   ; 3.57 V              ; -0.141 V            ; 0.301 V                              ; 0.239 V                              ; 4.61e-10 s                  ; 4.2e-10 s                   ; No                         ; No                         ; 3.46 V                      ; 1.85e-07 V                  ; 3.57 V             ; -0.141 V           ; 0.301 V                             ; 0.239 V                             ; 4.61e-10 s                 ; 4.2e-10 s                  ; No                        ; No                        ;
; VGA_BLUE_O[6]           ; 3.3-V LVTTL  ; 0 s                 ; 0 s                 ; 3.46 V                       ; 1.85e-07 V                   ; 3.57 V              ; -0.141 V            ; 0.301 V                              ; 0.239 V                              ; 4.61e-10 s                  ; 4.2e-10 s                   ; No                         ; No                         ; 3.46 V                      ; 1.85e-07 V                  ; 3.57 V             ; -0.141 V           ; 0.301 V                             ; 0.239 V                             ; 4.61e-10 s                 ; 4.2e-10 s                  ; No                        ; No                        ;
; VGA_BLUE_O[7]           ; 3.3-V LVTTL  ; 0 s                 ; 0 s                 ; 3.46 V                       ; 1.85e-07 V                   ; 3.57 V              ; -0.141 V            ; 0.301 V                              ; 0.239 V                              ; 4.61e-10 s                  ; 4.2e-10 s                   ; No                         ; No                         ; 3.46 V                      ; 1.85e-07 V                  ; 3.57 V             ; -0.141 V           ; 0.301 V                             ; 0.239 V                             ; 4.61e-10 s                 ; 4.2e-10 s                  ; No                        ; No                        ;
; SRAM_ADDRESS_O[0]       ; 3.3-V LVTTL  ; 0 s                 ; 0 s                 ; 3.46 V                       ; 1.85e-07 V                   ; 3.57 V              ; -0.141 V            ; 0.301 V                              ; 0.239 V                              ; 4.61e-10 s                  ; 4.2e-10 s                   ; No                         ; No                         ; 3.46 V                      ; 1.85e-07 V                  ; 3.57 V             ; -0.141 V           ; 0.301 V                             ; 0.239 V                             ; 4.61e-10 s                 ; 4.2e-10 s                  ; No                        ; No                        ;
; SRAM_ADDRESS_O[1]       ; 3.3-V LVTTL  ; 0 s                 ; 0 s                 ; 3.46 V                       ; 1.85e-07 V                   ; 3.57 V              ; -0.141 V            ; 0.301 V                              ; 0.239 V                              ; 4.61e-10 s                  ; 4.2e-10 s                   ; No                         ; No                         ; 3.46 V                      ; 1.85e-07 V                  ; 3.57 V             ; -0.141 V           ; 0.301 V                             ; 0.239 V                             ; 4.61e-10 s                 ; 4.2e-10 s                  ; No                        ; No                        ;
; SRAM_ADDRESS_O[2]       ; 3.3-V LVTTL  ; 0 s                 ; 0 s                 ; 3.46 V                       ; 1.85e-07 V                   ; 3.57 V              ; -0.141 V            ; 0.301 V                              ; 0.239 V                              ; 4.61e-10 s                  ; 4.2e-10 s                   ; No                         ; No                         ; 3.46 V                      ; 1.85e-07 V                  ; 3.57 V             ; -0.141 V           ; 0.301 V                             ; 0.239 V                             ; 4.61e-10 s                 ; 4.2e-10 s                  ; No                        ; No                        ;
; SRAM_ADDRESS_O[3]       ; 3.3-V LVTTL  ; 0 s                 ; 0 s                 ; 3.46 V                       ; 1.85e-07 V                   ; 3.57 V              ; -0.141 V            ; 0.301 V                              ; 0.239 V                              ; 4.61e-10 s                  ; 4.2e-10 s                   ; No                         ; No                         ; 3.46 V                      ; 1.85e-07 V                  ; 3.57 V             ; -0.141 V           ; 0.301 V                             ; 0.239 V                             ; 4.61e-10 s                 ; 4.2e-10 s                  ; No                        ; No                        ;
; SRAM_ADDRESS_O[4]       ; 3.3-V LVTTL  ; 0 s                 ; 0 s                 ; 3.46 V                       ; 1.25e-07 V                   ; 3.57 V              ; -0.0855 V           ; 0.315 V                              ; 0.175 V                              ; 6.79e-10 s                  ; 6.15e-10 s                  ; No                         ; No                         ; 3.46 V                      ; 1.25e-07 V                  ; 3.57 V             ; -0.0855 V          ; 0.315 V                             ; 0.175 V                             ; 6.79e-10 s                 ; 6.15e-10 s                 ; No                        ; No                        ;
; SRAM_ADDRESS_O[5]       ; 3.3-V LVTTL  ; 0 s                 ; 0 s                 ; 3.46 V                       ; 1.85e-07 V                   ; 3.57 V              ; -0.141 V            ; 0.301 V                              ; 0.239 V                              ; 4.61e-10 s                  ; 4.2e-10 s                   ; No                         ; No                         ; 3.46 V                      ; 1.85e-07 V                  ; 3.57 V             ; -0.141 V           ; 0.301 V                             ; 0.239 V                             ; 4.61e-10 s                 ; 4.2e-10 s                  ; No                        ; No                        ;
; SRAM_ADDRESS_O[6]       ; 3.3-V LVTTL  ; 0 s                 ; 0 s                 ; 3.46 V                       ; 1.25e-07 V                   ; 3.57 V              ; -0.0855 V           ; 0.315 V                              ; 0.175 V                              ; 6.79e-10 s                  ; 6.15e-10 s                  ; No                         ; No                         ; 3.46 V                      ; 1.25e-07 V                  ; 3.57 V             ; -0.0855 V          ; 0.315 V                             ; 0.175 V                             ; 6.79e-10 s                 ; 6.15e-10 s                 ; No                        ; No                        ;
; SRAM_ADDRESS_O[7]       ; 3.3-V LVTTL  ; 0 s                 ; 0 s                 ; 3.46 V                       ; 1.25e-07 V                   ; 3.57 V              ; -0.0855 V           ; 0.315 V                              ; 0.175 V                              ; 6.79e-10 s                  ; 6.15e-10 s                  ; No                         ; No                         ; 3.46 V                      ; 1.25e-07 V                  ; 3.57 V             ; -0.0855 V          ; 0.315 V                             ; 0.175 V                             ; 6.79e-10 s                 ; 6.15e-10 s                 ; No                        ; No                        ;
; SRAM_ADDRESS_O[8]       ; 3.3-V LVTTL  ; 0 s                 ; 0 s                 ; 3.46 V                       ; 1.85e-07 V                   ; 3.57 V              ; -0.141 V            ; 0.301 V                              ; 0.239 V                              ; 4.61e-10 s                  ; 4.2e-10 s                   ; No                         ; No                         ; 3.46 V                      ; 1.85e-07 V                  ; 3.57 V             ; -0.141 V           ; 0.301 V                             ; 0.239 V                             ; 4.61e-10 s                 ; 4.2e-10 s                  ; No                        ; No                        ;
; SRAM_ADDRESS_O[9]       ; 3.3-V LVTTL  ; 0 s                 ; 0 s                 ; 3.46 V                       ; 1.25e-07 V                   ; 3.48 V              ; -0.0162 V           ; 0.354 V                              ; 0.317 V                              ; 3.88e-09 s                  ; 3.06e-09 s                  ; No                         ; No                         ; 3.46 V                      ; 1.25e-07 V                  ; 3.48 V             ; -0.0162 V          ; 0.354 V                             ; 0.317 V                             ; 3.88e-09 s                 ; 3.06e-09 s                 ; No                        ; No                        ;
; SRAM_ADDRESS_O[10]      ; 3.3-V LVTTL  ; 0 s                 ; 0 s                 ; 3.46 V                       ; 1.25e-07 V                   ; 3.57 V              ; -0.0855 V           ; 0.315 V                              ; 0.175 V                              ; 6.79e-10 s                  ; 6.15e-10 s                  ; No                         ; No                         ; 3.46 V                      ; 1.25e-07 V                  ; 3.57 V             ; -0.0855 V          ; 0.315 V                             ; 0.175 V                             ; 6.79e-10 s                 ; 6.15e-10 s                 ; No                        ; No                        ;
; SRAM_ADDRESS_O[11]      ; 3.3-V LVTTL  ; 0 s                 ; 0 s                 ; 3.46 V                       ; 1.25e-07 V                   ; 3.57 V              ; -0.0855 V           ; 0.315 V                              ; 0.175 V                              ; 6.79e-10 s                  ; 6.15e-10 s                  ; No                         ; No                         ; 3.46 V                      ; 1.25e-07 V                  ; 3.57 V             ; -0.0855 V          ; 0.315 V                             ; 0.175 V                             ; 6.79e-10 s                 ; 6.15e-10 s                 ; No                        ; No                        ;
; SRAM_ADDRESS_O[12]      ; 3.3-V LVTTL  ; 0 s                 ; 0 s                 ; 3.46 V                       ; 1.25e-07 V                   ; 3.48 V              ; -0.0162 V           ; 0.354 V                              ; 0.317 V                              ; 3.88e-09 s                  ; 3.06e-09 s                  ; No                         ; No                         ; 3.46 V                      ; 1.25e-07 V                  ; 3.48 V             ; -0.0162 V          ; 0.354 V                             ; 0.317 V                             ; 3.88e-09 s                 ; 3.06e-09 s                 ; No                        ; No                        ;
; SRAM_ADDRESS_O[13]      ; 3.3-V LVTTL  ; 0 s                 ; 0 s                 ; 3.46 V                       ; 1.25e-07 V                   ; 3.57 V              ; -0.0855 V           ; 0.315 V                              ; 0.175 V                              ; 6.79e-10 s                  ; 6.15e-10 s                  ; No                         ; No                         ; 3.46 V                      ; 1.25e-07 V                  ; 3.57 V             ; -0.0855 V          ; 0.315 V                             ; 0.175 V                             ; 6.79e-10 s                 ; 6.15e-10 s                 ; No                        ; No                        ;
; SRAM_ADDRESS_O[14]      ; 3.3-V LVTTL  ; 0 s                 ; 0 s                 ; 3.46 V                       ; 1.25e-07 V                   ; 3.57 V              ; -0.0855 V           ; 0.315 V                              ; 0.175 V                              ; 6.79e-10 s                  ; 6.15e-10 s                  ; No                         ; No                         ; 3.46 V                      ; 1.25e-07 V                  ; 3.57 V             ; -0.0855 V          ; 0.315 V                             ; 0.175 V                             ; 6.79e-10 s                 ; 6.15e-10 s                 ; No                        ; No                        ;
; SRAM_ADDRESS_O[15]      ; 3.3-V LVTTL  ; 0 s                 ; 0 s                 ; 3.46 V                       ; 1.85e-07 V                   ; 3.48 V              ; -0.0173 V           ; 0.356 V                              ; 0.324 V                              ; 3.89e-09 s                  ; 3.06e-09 s                  ; No                         ; No                         ; 3.46 V                      ; 1.85e-07 V                  ; 3.48 V             ; -0.0173 V          ; 0.356 V                             ; 0.324 V                             ; 3.89e-09 s                 ; 3.06e-09 s                 ; No                        ; No                        ;
; SRAM_ADDRESS_O[16]      ; 3.3-V LVTTL  ; 0 s                 ; 0 s                 ; 3.46 V                       ; 1.85e-07 V                   ; 3.57 V              ; -0.141 V            ; 0.301 V                              ; 0.239 V                              ; 4.61e-10 s                  ; 4.2e-10 s                   ; No                         ; No                         ; 3.46 V                      ; 1.85e-07 V                  ; 3.57 V             ; -0.141 V           ; 0.301 V                             ; 0.239 V                             ; 4.61e-10 s                 ; 4.2e-10 s                  ; No                        ; No                        ;
; SRAM_ADDRESS_O[17]      ; 3.3-V LVTTL  ; 0 s                 ; 0 s                 ; 3.46 V                       ; 1.85e-07 V                   ; 3.57 V              ; -0.141 V            ; 0.301 V                              ; 0.239 V                              ; 4.61e-10 s                  ; 4.2e-10 s                   ; No                         ; No                         ; 3.46 V                      ; 1.85e-07 V                  ; 3.57 V             ; -0.141 V           ; 0.301 V                             ; 0.239 V                             ; 4.61e-10 s                 ; 4.2e-10 s                  ; No                        ; No                        ;
; SRAM_ADDRESS_O[18]      ; 3.3-V LVTTL  ; 0 s                 ; 0 s                 ; 3.46 V                       ; 1.85e-07 V                   ; 3.57 V              ; -0.141 V            ; 0.301 V                              ; 0.239 V                              ; 4.61e-10 s                  ; 4.2e-10 s                   ; No                         ; No                         ; 3.46 V                      ; 1.85e-07 V                  ; 3.57 V             ; -0.141 V           ; 0.301 V                             ; 0.239 V                             ; 4.61e-10 s                 ; 4.2e-10 s                  ; No                        ; No                        ;
; SRAM_ADDRESS_O[19]      ; 3.3-V LVTTL  ; 0 s                 ; 0 s                 ; 3.46 V                       ; 1.25e-07 V                   ; 3.48 V              ; -0.0162 V           ; 0.354 V                              ; 0.317 V                              ; 3.88e-09 s                  ; 3.06e-09 s                  ; No                         ; No                         ; 3.46 V                      ; 1.25e-07 V                  ; 3.48 V             ; -0.0162 V          ; 0.354 V                             ; 0.317 V                             ; 3.88e-09 s                 ; 3.06e-09 s                 ; No                        ; No                        ;
; SRAM_UB_N_O             ; 3.3-V LVTTL  ; 0 s                 ; 0 s                 ; 3.46 V                       ; 1.25e-07 V                   ; 3.57 V              ; -0.0855 V           ; 0.315 V                              ; 0.175 V                              ; 6.79e-10 s                  ; 6.15e-10 s                  ; No                         ; No                         ; 3.46 V                      ; 1.25e-07 V                  ; 3.57 V             ; -0.0855 V          ; 0.315 V                             ; 0.175 V                             ; 6.79e-10 s                 ; 6.15e-10 s                 ; No                        ; No                        ;
; SRAM_LB_N_O             ; 3.3-V LVTTL  ; 0 s                 ; 0 s                 ; 3.46 V                       ; 1.85e-07 V                   ; 3.57 V              ; -0.141 V            ; 0.301 V                              ; 0.239 V                              ; 4.61e-10 s                  ; 4.2e-10 s                   ; No                         ; No                         ; 3.46 V                      ; 1.85e-07 V                  ; 3.57 V             ; -0.141 V           ; 0.301 V                             ; 0.239 V                             ; 4.61e-10 s                 ; 4.2e-10 s                  ; No                        ; No                        ;
; SRAM_WE_N_O             ; 3.3-V LVTTL  ; 0 s                 ; 0 s                 ; 3.46 V                       ; 1.85e-07 V                   ; 3.57 V              ; -0.141 V            ; 0.301 V                              ; 0.239 V                              ; 4.61e-10 s                  ; 4.2e-10 s                   ; No                         ; No                         ; 3.46 V                      ; 1.85e-07 V                  ; 3.57 V             ; -0.141 V           ; 0.301 V                             ; 0.239 V                             ; 4.61e-10 s                 ; 4.2e-10 s                  ; No                        ; No                        ;
; SRAM_CE_N_O             ; 3.3-V LVTTL  ; 0 s                 ; 0 s                 ; 3.46 V                       ; 1.85e-07 V                   ; 3.57 V              ; -0.141 V            ; 0.301 V                              ; 0.239 V                              ; 4.61e-10 s                  ; 4.2e-10 s                   ; No                         ; No                         ; 3.46 V                      ; 1.85e-07 V                  ; 3.57 V             ; -0.141 V           ; 0.301 V                             ; 0.239 V                             ; 4.61e-10 s                 ; 4.2e-10 s                  ; No                        ; No                        ;
; SRAM_OE_N_O             ; 3.3-V LVTTL  ; 0 s                 ; 0 s                 ; 3.46 V                       ; 1.85e-07 V                   ; 3.57 V              ; -0.141 V            ; 0.301 V                              ; 0.239 V                              ; 4.61e-10 s                  ; 4.2e-10 s                   ; No                         ; No                         ; 3.46 V                      ; 1.85e-07 V                  ; 3.57 V             ; -0.141 V           ; 0.301 V                             ; 0.239 V                             ; 4.61e-10 s                 ; 4.2e-10 s                  ; No                        ; No                        ;
; UART_TX_O               ; 3.3-V LVTTL  ; 0 s                 ; 0 s                 ; 3.46 V                       ; 1.85e-07 V                   ; 3.48 V              ; -0.0173 V           ; 0.356 V                              ; 0.324 V                              ; 3.89e-09 s                  ; 3.06e-09 s                  ; No                         ; No                         ; 3.46 V                      ; 1.85e-07 V                  ; 3.48 V             ; -0.0173 V          ; 0.356 V                             ; 0.324 V                             ; 3.89e-09 s                 ; 3.06e-09 s                 ; No                        ; No                        ;
; SRAM_DATA_IO[0]         ; 3.3-V LVTTL  ; 0 s                 ; 0 s                 ; 3.46 V                       ; 1.85e-07 V                   ; 3.57 V              ; -0.141 V            ; 0.301 V                              ; 0.239 V                              ; 4.61e-10 s                  ; 4.2e-10 s                   ; No                         ; No                         ; 3.46 V                      ; 1.85e-07 V                  ; 3.57 V             ; -0.141 V           ; 0.301 V                             ; 0.239 V                             ; 4.61e-10 s                 ; 4.2e-10 s                  ; No                        ; No                        ;
; SRAM_DATA_IO[1]         ; 3.3-V LVTTL  ; 0 s                 ; 0 s                 ; 3.46 V                       ; 1.85e-07 V                   ; 3.57 V              ; -0.141 V            ; 0.301 V                              ; 0.239 V                              ; 4.61e-10 s                  ; 4.2e-10 s                   ; No                         ; No                         ; 3.46 V                      ; 1.85e-07 V                  ; 3.57 V             ; -0.141 V           ; 0.301 V                             ; 0.239 V                             ; 4.61e-10 s                 ; 4.2e-10 s                  ; No                        ; No                        ;
; SRAM_DATA_IO[2]         ; 3.3-V LVTTL  ; 0 s                 ; 0 s                 ; 3.46 V                       ; 1.85e-07 V                   ; 3.57 V              ; -0.141 V            ; 0.301 V                              ; 0.239 V                              ; 4.61e-10 s                  ; 4.2e-10 s                   ; No                         ; No                         ; 3.46 V                      ; 1.85e-07 V                  ; 3.57 V             ; -0.141 V           ; 0.301 V                             ; 0.239 V                             ; 4.61e-10 s                 ; 4.2e-10 s                  ; No                        ; No                        ;
; SRAM_DATA_IO[3]         ; 3.3-V LVTTL  ; 0 s                 ; 0 s                 ; 3.46 V                       ; 1.85e-07 V                   ; 3.57 V              ; -0.141 V            ; 0.301 V                              ; 0.239 V                              ; 4.61e-10 s                  ; 4.2e-10 s                   ; No                         ; No                         ; 3.46 V                      ; 1.85e-07 V                  ; 3.57 V             ; -0.141 V           ; 0.301 V                             ; 0.239 V                             ; 4.61e-10 s                 ; 4.2e-10 s                  ; No                        ; No                        ;
; SRAM_DATA_IO[4]         ; 3.3-V LVTTL  ; 0 s                 ; 0 s                 ; 3.46 V                       ; 1.85e-07 V                   ; 3.57 V              ; -0.141 V            ; 0.301 V                              ; 0.239 V                              ; 4.61e-10 s                  ; 4.2e-10 s                   ; No                         ; No                         ; 3.46 V                      ; 1.85e-07 V                  ; 3.57 V             ; -0.141 V           ; 0.301 V                             ; 0.239 V                             ; 4.61e-10 s                 ; 4.2e-10 s                  ; No                        ; No                        ;
; SRAM_DATA_IO[5]         ; 3.3-V LVTTL  ; 0 s                 ; 0 s                 ; 3.46 V                       ; 1.85e-07 V                   ; 3.57 V              ; -0.141 V            ; 0.301 V                              ; 0.239 V                              ; 4.61e-10 s                  ; 4.2e-10 s                   ; No                         ; No                         ; 3.46 V                      ; 1.85e-07 V                  ; 3.57 V             ; -0.141 V           ; 0.301 V                             ; 0.239 V                             ; 4.61e-10 s                 ; 4.2e-10 s                  ; No                        ; No                        ;
; SRAM_DATA_IO[6]         ; 3.3-V LVTTL  ; 0 s                 ; 0 s                 ; 3.46 V                       ; 1.85e-07 V                   ; 3.57 V              ; -0.141 V            ; 0.301 V                              ; 0.239 V                              ; 4.61e-10 s                  ; 4.2e-10 s                   ; No                         ; No                         ; 3.46 V                      ; 1.85e-07 V                  ; 3.57 V             ; -0.141 V           ; 0.301 V                             ; 0.239 V                             ; 4.61e-10 s                 ; 4.2e-10 s                  ; No                        ; No                        ;
; SRAM_DATA_IO[7]         ; 3.3-V LVTTL  ; 0 s                 ; 0 s                 ; 3.46 V                       ; 1.85e-07 V                   ; 3.57 V              ; -0.141 V            ; 0.301 V                              ; 0.239 V                              ; 4.61e-10 s                  ; 4.2e-10 s                   ; No                         ; No                         ; 3.46 V                      ; 1.85e-07 V                  ; 3.57 V             ; -0.141 V           ; 0.301 V                             ; 0.239 V                             ; 4.61e-10 s                 ; 4.2e-10 s                  ; No                        ; No                        ;
; SRAM_DATA_IO[8]         ; 3.3-V LVTTL  ; 0 s                 ; 0 s                 ; 3.46 V                       ; 1.25e-07 V                   ; 3.57 V              ; -0.0855 V           ; 0.315 V                              ; 0.175 V                              ; 6.79e-10 s                  ; 6.15e-10 s                  ; No                         ; No                         ; 3.46 V                      ; 1.25e-07 V                  ; 3.57 V             ; -0.0855 V          ; 0.315 V                             ; 0.175 V                             ; 6.79e-10 s                 ; 6.15e-10 s                 ; No                        ; No                        ;
; SRAM_DATA_IO[9]         ; 3.3-V LVTTL  ; 0 s                 ; 0 s                 ; 3.46 V                       ; 1.25e-07 V                   ; 3.57 V              ; -0.0855 V           ; 0.315 V                              ; 0.175 V                              ; 6.79e-10 s                  ; 6.15e-10 s                  ; No                         ; No                         ; 3.46 V                      ; 1.25e-07 V                  ; 3.57 V             ; -0.0855 V          ; 0.315 V                             ; 0.175 V                             ; 6.79e-10 s                 ; 6.15e-10 s                 ; No                        ; No                        ;
; SRAM_DATA_IO[10]        ; 3.3-V LVTTL  ; 0 s                 ; 0 s                 ; 3.46 V                       ; 1.25e-07 V                   ; 3.57 V              ; -0.0855 V           ; 0.315 V                              ; 0.175 V                              ; 6.79e-10 s                  ; 6.15e-10 s                  ; No                         ; No                         ; 3.46 V                      ; 1.25e-07 V                  ; 3.57 V             ; -0.0855 V          ; 0.315 V                             ; 0.175 V                             ; 6.79e-10 s                 ; 6.15e-10 s                 ; No                        ; No                        ;
; SRAM_DATA_IO[11]        ; 3.3-V LVTTL  ; 0 s                 ; 0 s                 ; 3.46 V                       ; 1.25e-07 V                   ; 3.57 V              ; -0.0855 V           ; 0.315 V                              ; 0.175 V                              ; 6.79e-10 s                  ; 6.15e-10 s                  ; No                         ; No                         ; 3.46 V                      ; 1.25e-07 V                  ; 3.57 V             ; -0.0855 V          ; 0.315 V                             ; 0.175 V                             ; 6.79e-10 s                 ; 6.15e-10 s                 ; No                        ; No                        ;
; SRAM_DATA_IO[12]        ; 3.3-V LVTTL  ; 0 s                 ; 0 s                 ; 3.46 V                       ; 1.25e-07 V                   ; 3.57 V              ; -0.0855 V           ; 0.315 V                              ; 0.175 V                              ; 6.79e-10 s                  ; 6.15e-10 s                  ; No                         ; No                         ; 3.46 V                      ; 1.25e-07 V                  ; 3.57 V             ; -0.0855 V          ; 0.315 V                             ; 0.175 V                             ; 6.79e-10 s                 ; 6.15e-10 s                 ; No                        ; No                        ;
; SRAM_DATA_IO[13]        ; 3.3-V LVTTL  ; 0 s                 ; 0 s                 ; 3.46 V                       ; 1.85e-07 V                   ; 3.57 V              ; -0.141 V            ; 0.301 V                              ; 0.239 V                              ; 4.61e-10 s                  ; 4.2e-10 s                   ; No                         ; No                         ; 3.46 V                      ; 1.85e-07 V                  ; 3.57 V             ; -0.141 V           ; 0.301 V                             ; 0.239 V                             ; 4.61e-10 s                 ; 4.2e-10 s                  ; No                        ; No                        ;
; SRAM_DATA_IO[14]        ; 3.3-V LVTTL  ; 0 s                 ; 0 s                 ; 3.46 V                       ; 1.85e-07 V                   ; 3.57 V              ; -0.141 V            ; 0.301 V                              ; 0.239 V                              ; 4.61e-10 s                  ; 4.2e-10 s                   ; No                         ; No                         ; 3.46 V                      ; 1.85e-07 V                  ; 3.57 V             ; -0.141 V           ; 0.301 V                             ; 0.239 V                             ; 4.61e-10 s                 ; 4.2e-10 s                  ; No                        ; No                        ;
; SRAM_DATA_IO[15]        ; 3.3-V LVTTL  ; 0 s                 ; 0 s                 ; 3.46 V                       ; 1.85e-07 V                   ; 3.57 V              ; -0.141 V            ; 0.301 V                              ; 0.239 V                              ; 4.61e-10 s                  ; 4.2e-10 s                   ; No                         ; No                         ; 3.46 V                      ; 1.85e-07 V                  ; 3.57 V             ; -0.141 V           ; 0.301 V                             ; 0.239 V                             ; 4.61e-10 s                 ; 4.2e-10 s                  ; No                        ; No                        ;
; ~ALTERA_DCLK~           ; 2.5 V        ; 0 s                 ; 0 s                 ; 2.62 V                       ; 2.22e-08 V                   ; 2.74 V              ; -0.06 V             ; 0.158 V                              ; 0.08 V                               ; 2.68e-10 s                  ; 2.19e-10 s                  ; Yes                        ; Yes                        ; 2.62 V                      ; 2.22e-08 V                  ; 2.74 V             ; -0.06 V            ; 0.158 V                             ; 0.08 V                              ; 2.68e-10 s                 ; 2.19e-10 s                 ; Yes                       ; Yes                       ;
; ~ALTERA_nCEO~           ; 2.5 V        ; 0 s                 ; 0 s                 ; 2.62 V                       ; 3.54e-08 V                   ; 2.7 V               ; -0.00943 V          ; 0.276 V                              ; 0.035 V                              ; 3.19e-10 s                  ; 4.99e-10 s                  ; No                         ; Yes                        ; 2.62 V                      ; 3.54e-08 V                  ; 2.7 V              ; -0.00943 V         ; 0.276 V                             ; 0.035 V                             ; 3.19e-10 s                 ; 4.99e-10 s                 ; No                        ; Yes                       ;
+-------------------------+--------------+---------------------+---------------------+------------------------------+------------------------------+---------------------+---------------------+--------------------------------------+--------------------------------------+-----------------------------+-----------------------------+----------------------------+----------------------------+-----------------------------+-----------------------------+--------------------+--------------------+-------------------------------------+-------------------------------------+----------------------------+----------------------------+---------------------------+---------------------------+


+--------------------------------------------------------------------------------------------------------------------------------------------------------------------------------------------------------+
; Setup Transfers                                                                                                                                                                                        ;
+--------------------------------------------------------------------------+--------------------------------------------------------------------------+-----------+------------+------------+------------+
; From Clock                                                               ; To Clock                                                                 ; RR Paths  ; FR Paths   ; RF Paths   ; FF Paths   ;
+--------------------------------------------------------------------------+--------------------------------------------------------------------------+-----------+------------+------------+------------+
; clk_50                                                                   ; clk_50                                                                   ; 143367301 ; 0          ; 0          ; 0          ;
; SRAM_unit|Clock_100_PLL_inst|altpll_component|auto_generated|pll1|clk[0] ; clk_50                                                                   ; 0         ; false path ; 0          ; 0          ;
; clk_50                                                                   ; SRAM_unit|Clock_100_PLL_inst|altpll_component|auto_generated|pll1|clk[0] ; 0         ; 0          ; false path ; false path ;
; SRAM_unit|Clock_100_PLL_inst|altpll_component|auto_generated|pll1|clk[0] ; SRAM_unit|Clock_100_PLL_inst|altpll_component|auto_generated|pll1|clk[0] ; 0         ; 2          ; 0          ; 0          ;
+--------------------------------------------------------------------------+--------------------------------------------------------------------------+-----------+------------+------------+------------+
Entries labeled "false path" only account for clock-to-clock false paths and not path-based false paths. As a result, actual path counts may be lower than reported.


+--------------------------------------------------------------------------------------------------------------------------------------------------------------------------------------------------------+
; Hold Transfers                                                                                                                                                                                         ;
+--------------------------------------------------------------------------+--------------------------------------------------------------------------+-----------+------------+------------+------------+
; From Clock                                                               ; To Clock                                                                 ; RR Paths  ; FR Paths   ; RF Paths   ; FF Paths   ;
+--------------------------------------------------------------------------+--------------------------------------------------------------------------+-----------+------------+------------+------------+
; clk_50                                                                   ; clk_50                                                                   ; 143367301 ; 0          ; 0          ; 0          ;
; SRAM_unit|Clock_100_PLL_inst|altpll_component|auto_generated|pll1|clk[0] ; clk_50                                                                   ; 0         ; false path ; 0          ; 0          ;
; clk_50                                                                   ; SRAM_unit|Clock_100_PLL_inst|altpll_component|auto_generated|pll1|clk[0] ; 0         ; 0          ; false path ; false path ;
; SRAM_unit|Clock_100_PLL_inst|altpll_component|auto_generated|pll1|clk[0] ; SRAM_unit|Clock_100_PLL_inst|altpll_component|auto_generated|pll1|clk[0] ; 0         ; 2          ; 0          ; 0          ;
+--------------------------------------------------------------------------+--------------------------------------------------------------------------+-----------+------------+------------+------------+
Entries labeled "false path" only account for clock-to-clock false paths and not path-based false paths. As a result, actual path counts may be lower than reported.


+-------------------------------------------------------------------------------------------------------------------------------------+
; Recovery Transfers                                                                                                                  ;
+------------+--------------------------------------------------------------------------+----------+----------+------------+----------+
; From Clock ; To Clock                                                                 ; RR Paths ; FR Paths ; RF Paths   ; FF Paths ;
+------------+--------------------------------------------------------------------------+----------+----------+------------+----------+
; clk_50     ; clk_50                                                                   ; 2255     ; 0        ; 0          ; 0        ;
; clk_50     ; SRAM_unit|Clock_100_PLL_inst|altpll_component|auto_generated|pll1|clk[0] ; 0        ; 0        ; false path ; 0        ;
+------------+--------------------------------------------------------------------------+----------+----------+------------+----------+
Entries labeled "false path" only account for clock-to-clock false paths and not path-based false paths. As a result, actual path counts may be lower than reported.


+-------------------------------------------------------------------------------------------------------------------------------------+
; Removal Transfers                                                                                                                   ;
+------------+--------------------------------------------------------------------------+----------+----------+------------+----------+
; From Clock ; To Clock                                                                 ; RR Paths ; FR Paths ; RF Paths   ; FF Paths ;
+------------+--------------------------------------------------------------------------+----------+----------+------------+----------+
; clk_50     ; clk_50                                                                   ; 2255     ; 0        ; 0          ; 0        ;
; clk_50     ; SRAM_unit|Clock_100_PLL_inst|altpll_component|auto_generated|pll1|clk[0] ; 0        ; 0        ; false path ; 0        ;
+------------+--------------------------------------------------------------------------+----------+----------+------------+----------+
Entries labeled "false path" only account for clock-to-clock false paths and not path-based false paths. As a result, actual path counts may be lower than reported.


---------------
; Report TCCS ;
---------------
No dedicated SERDES Transmitter circuitry present in device or used in design


---------------
; Report RSKM ;
---------------
No non-DPA dedicated SERDES Receiver circuitry present in device or used in design


+------------------------------------------------+
; Unconstrained Paths Summary                    ;
+---------------------------------+-------+------+
; Property                        ; Setup ; Hold ;
+---------------------------------+-------+------+
; Illegal Clocks                  ; 0     ; 0    ;
; Unconstrained Clocks            ; 0     ; 0    ;
; Unconstrained Input Ports       ; 0     ; 0    ;
; Unconstrained Input Port Paths  ; 0     ; 0    ;
; Unconstrained Output Ports      ; 0     ; 0    ;
; Unconstrained Output Port Paths ; 0     ; 0    ;
+---------------------------------+-------+------+


+-------------------------------------------------------------------------------------------------------------------------------------------------------------------------------+
; Clock Status Summary                                                                                                                                                          ;
+--------------------------------------------------------------------------+--------------------------------------------------------------------------+-----------+-------------+
; Target                                                                   ; Clock                                                                    ; Type      ; Status      ;
+--------------------------------------------------------------------------+--------------------------------------------------------------------------+-----------+-------------+
; CLOCK_50_I                                                               ; clk_50                                                                   ; Base      ; Constrained ;
; SRAM_unit|Clock_100_PLL_inst|altpll_component|auto_generated|pll1|clk[0] ; SRAM_unit|Clock_100_PLL_inst|altpll_component|auto_generated|pll1|clk[0] ; Generated ; Constrained ;
+--------------------------------------------------------------------------+--------------------------------------------------------------------------+-----------+-------------+


+--------------------------+
; Timing Analyzer Messages ;
+--------------------------+
Info: *******************************************************************
Info: Running Quartus Prime Timing Analyzer
    Info: Version 19.1.0 Build 670 09/22/2019 SJ Lite Edition
    Info: Processing started: Thu Aug 13 01:43:25 2026
Info: Command: quartus_sta project -c project
Info: qsta_default_script.tcl version: #1
Info (20030): Parallel compilation is enabled and will use 12 of the 12 processors detected
Info (21077): Low junction temperature is 0 degrees C
Info (21077): High junction temperature is 85 degrees C
Info (332104): Reading SDC File: '../board/timing_50_MHz.sdc'
Info (332110): Deriving PLL clocks
    Info (332110): create_generated_clock -source {SRAM_unit|Clock_100_PLL_inst|altpll_component|auto_generated|pll1|inclk[0]} -multiply_by 2 -duty_cycle 50.00 -name {SRAM_unit|Clock_100_PLL_inst|altpll_component|auto_generated|pll1|clk[0]} {SRAM_unit|Clock_100_PLL_inst|altpll_component|auto_generated|pll1|clk[0]}
Info (332151): Clock uncertainty is not calculated until you update the timing netlist.
Info (332104): Reading SDC File: '../board/timing_100_MHz.sdc'
Info (332123): Deriving Clock Uncertainty. Please refer to report_sdc in the Timing Analyzer to see clock uncertainties.
Info: Found TIMING_ANALYZER_REPORT_SCRIPT_INCLUDE_DEFAULT_ANALYSIS = ON
Info: Analyzing Slow 1200mV 85C Model
Info (332146): Worst-case setup slack is 3.011
    Info (332119):     Slack       End Point TNS Clock 
    Info (332119): ========= =================== =====================
    Info (332119):     3.011               0.000 clk_50 
Info (332146): Worst-case hold slack is 0.352
    Info (332119):     Slack       End Point TNS Clock 
    Info (332119): ========= =================== =====================
    Info (332119):     0.352               0.000 clk_50 
Info (332140): No Recovery paths to report
Info (332140): No Removal paths to report
Info (332146): Worst-case minimum pulse width slack is 4.760
    Info (332119):     Slack       End Point TNS Clock 
    Info (332119): ========= =================== =====================
    Info (332119):     4.760               0.000 SRAM_unit|Clock_100_PLL_inst|altpll_component|auto_generated|pll1|clk[0] 
    Info (332119):     9.496               0.000 clk_50 
Info: Analyzing Slow 1200mV 0C Model
Info (334003): Started post-fitting delay annotation
Info (334004): Delay annotation completed successfully
Info (332123): Deriving Clock Uncertainty. Please refer to report_sdc in the Timing Analyzer to see clock uncertainties.
Info (332146): Worst-case setup slack is 4.618
    Info (332119):     Slack       End Point TNS Clock 
    Info (332119): ========= =================== =====================
    Info (332119):     4.618               0.000 clk_50 
Info (332146): Worst-case hold slack is 0.324
    Info (332119):     Slack       End Point TNS Clock 
    Info (332119): ========= =================== =====================
    Info (332119):     0.324               0.000 clk_50 
Info (332140): No Recovery paths to report
Info (332140): No Removal paths to report
Info (332146): Worst-case minimum pulse width slack is 4.754
    Info (332119):     Slack       End Point TNS Clock 
    Info (332119): ========= =================== =====================
    Info (332119):     4.754               0.000 SRAM_unit|Clock_100_PLL_inst|altpll_component|auto_generated|pll1|clk[0] 
    Info (332119):     9.532               0.000 clk_50 
Info: Analyzing Fast 1200mV 0C Model
Info (332123): Deriving Clock Uncertainty. Please refer to report_sdc in the Timing Analyzer to see clock uncertainties.
Info (332146): Worst-case setup slack is 11.531
    Info (332119):     Slack       End Point TNS Clock 
    Info (332119): ========= =================== =====================
    Info (332119):    11.531               0.000 clk_50 
Info (332146): Worst-case hold slack is 0.132
    Info (332119):     Slack       End Point TNS Clock 
    Info (332119): ========= =================== =====================
    Info (332119):     0.132               0.000 clk_50 
Info (332140): No Recovery paths to report
Info (332140): No Removal paths to report
Info (332146): Worst-case minimum pulse width slack is 4.776
    Info (332119):     Slack       End Point TNS Clock 
    Info (332119): ========= =================== =====================
    Info (332119):     4.776               0.000 SRAM_unit|Clock_100_PLL_inst|altpll_component|auto_generated|pll1|clk[0] 
    Info (332119):     9.373               0.000 clk_50 
Info (332101): Design is fully constrained for setup requirements
Info (332101): Design is fully constrained for hold requirements
Info: Quartus Prime Timing Analyzer was successful. 0 errors, 0 warnings
    Info: Peak virtual memory: 5022 megabytes
    Info: Processing ended: Thu Aug 13 01:43:29 2026
    Info: Elapsed time: 00:00:04
    Info: Total CPU time (on all processors): 00:00:04


