Fitter report for project
Thu Aug 13 01:43:20 2026
Quartus Prime Version 19.1.0 Build 670 09/22/2019 SJ Lite Edition


---------------------
; Table of Contents ;
---------------------
  1. Legal Notice
  2. Fitter Summary
  3. Fitter Settings
  4. Parallel Compilation
  5. Fitter Netlist Optimizations
  6. Incremental Compilation Preservation Summary
  7. Incremental Compilation Partition Settings
  8. Incremental Compilation Placement Preservation
  9. Pin-Out File
 10. Fitter Resource Usage Summary
 11. Fitter Partition Statistics
 12. Input Pins
 13. Output Pins
 14. Bidir Pins
 15. Dual Purpose and Dedicated Pins
 16. I/O Bank Usage
 17. All Package Pins
 18. PLL Summary
 19. PLL Usage
 20. Fitter Resource Utilization by Entity
 21. Delay Chain Summary
 22. Pad To Core Delay Chain Fanout
 23. Control Signals
 24. Global & Other Fast Signals
 25. Fitter RAM Summary
 26. |project|Milestone2:M2_unit|dual_port_Cs:RAM_inst3|altsyncram:altsyncram_component|altsyncram_tek2:auto_generated|ALTSYNCRAM
 27. |project|Milestone2:M2_unit|dual_port_T:RAM_inst2|altsyncram:altsyncram_component|altsyncram_rbk2:auto_generated|ALTSYNCRAM
 28. |project|Milestone2:M2_unit|dual_port_s:RAM_inst0|altsyncram:altsyncram_component|altsyncram_3vk2:auto_generated|ALTSYNCRAM
 29. |project|Milestone2:M2_unit|dual_port_C:RAM_inst1|altsyncram:altsyncram_component|altsyncram_abk2:auto_generated|ALTSYNCRAM
 30. Fitter DSP Block Usage Summary
 31. DSP Block Details
 32. Routing Usage Summary
 33. LAB Logic Elements
 34. LAB-wide Signals
 35. LAB Signals Sourced
 36. LAB Signals Sourced Out
 37. LAB Distinct Inputs
 38. I/O Rules Summary
 39. I/O Rules Details
 40. I/O Rules Matrix
 41. Fitter Device Options
 42. Operating Settings and Conditions
 43. Fitter Messages
 44. Fitter Suppressed Messages



----------------
; Legal Notice ;
----------------
Copyright (C) 2019  Intel Corporation. All rights reserved.
Your use of Intel Corporation's design tools, logic functions 
and other software and tools, and any partner logic 
functions, and any output files from any of the foregoing 
(including device programming or simulation files), and any 
associated documentation or information are expressly subject 
to the terms and conditions of the Intel Program License 
Subscription Agreement, the Intel Quartus Prime License Agreement,
the Intel FPGA IP License Agreement, or other applicable license
agreement, including, without limitation, that your use is for
the sole purpose of programming logic devices manufactured by
Intel and sold by Intel or its authorized distributors.  Please
refer to the applicable agreement for further details, at
https://fpgasoftware.intel.com/eula.



+----------------------------------------------------------------------------------+
; Fitter Summary                                                                   ;
+------------------------------------+---------------------------------------------+
; Fitter Status                      ; Successful - Thu Aug 13 01:43:20 2026       ;
; Quartus Prime Version              ; 19.1.0 Build 670 09/22/2019 SJ Lite Edition ;
; Revision Name                      ; project                                     ;
; Top-level Entity Name              ; project                                     ;
; Family                             ; Cyclone IV E                                ;
; Device                             ; EP4CE115F29C7                               ;
; Timing Models                      ; Final                                       ;
; Total logic elements               ; 6,109 / 114,480 ( 5 % )                     ;
;     Total combinational functions  ; 5,765 / 114,480 ( 5 % )                     ;
;     Dedicated logic registers      ; 2,286 / 114,480 ( 2 % )                     ;
; Total registers                    ; 2286                                        ;
; Total pins                         ; 160 / 529 ( 30 % )                          ;
; Total virtual pins                 ; 0                                           ;
; Total memory bits                  ; 32,256 / 3,981,312 ( < 1 % )                ;
; Embedded Multiplier 9-bit elements ; 34 / 532 ( 6 % )                            ;
; Total PLLs                         ; 1 / 4 ( 25 % )                              ;
+------------------------------------+---------------------------------------------+


+----------------------------------------------------------------------------------------------------------------------------------------------------+
; Fitter Settings                                                                                                                                    ;
+--------------------------------------------------------------------+---------------------------------------+---------------------------------------+
; Option                                                             ; Setting                               ; Default Value                         ;
+--------------------------------------------------------------------+---------------------------------------+---------------------------------------+
; Device                                                             ; EP4CE115F29C7                         ;                                       ;
; Maximum processors allowed for parallel compilation                ; All                                   ;                                       ;
; Nominal Core Supply Voltage                                        ; 1.2V                                  ;                                       ;
; Minimum Core Junction Temperature                                  ; 0                                     ;                                       ;
; Maximum Core Junction Temperature                                  ; 85                                    ;                                       ;
; Fit Attempts to Skip                                               ; 0                                     ; 0.0                                   ;
; Use smart compilation                                              ; Off                                   ; Off                                   ;
; Enable parallel Assembler and Timing Analyzer during compilation   ; On                                    ; On                                    ;
; Enable compact report table                                        ; Off                                   ; Off                                   ;
; Auto Merge PLLs                                                    ; On                                    ; On                                    ;
; Router Timing Optimization Level                                   ; Normal                                ; Normal                                ;
; Perform Clocking Topology Analysis During Routing                  ; Off                                   ; Off                                   ;
; Placement Effort Multiplier                                        ; 1.0                                   ; 1.0                                   ;
; Router Effort Multiplier                                           ; 1.0                                   ; 1.0                                   ;
; Optimize Hold Timing                                               ; All Paths                             ; All Paths                             ;
; Optimize Multi-Corner Timing                                       ; On                                    ; On                                    ;
; Power Optimization During Fitting                                  ; Normal compilation                    ; Normal compilation                    ;
; SSN Optimization                                                   ; Off                                   ; Off                                   ;
; Optimize Timing                                                    ; Normal compilation                    ; Normal compilation                    ;
; Optimize Timing for ECOs                                           ; Off                                   ; Off                                   ;
; Regenerate Full Fit Report During ECO Compiles                     ; Off                                   ; Off                                   ;
; Optimize IOC Register Placement for Timing                         ; Normal                                ; Normal                                ;
; Limit to One Fitting Attempt                                       ; Off                                   ; Off                                   ;
; Final Placement Optimizations                                      ; Automatically                         ; Automatically                         ;
; Fitter Aggressive Routability Optimizations                        ; Automatically                         ; Automatically                         ;
; Fitter Initial Placement Seed                                      ; 1                                     ; 1                                     ;
; Periphery to Core Placement and Routing Optimization               ; Off                                   ; Off                                   ;
; PCI I/O                                                            ; Off                                   ; Off                                   ;
; Weak Pull-Up Resistor                                              ; Off                                   ; Off                                   ;
; Enable Bus-Hold Circuitry                                          ; Off                                   ; Off                                   ;
; Auto Packed Registers                                              ; Auto                                  ; Auto                                  ;
; Auto Delay Chains                                                  ; On                                    ; On                                    ;
; Auto Delay Chains for High Fanout Input Pins                       ; Off                                   ; Off                                   ;
; Allow Single-ended Buffer for Differential-XSTL Input              ; Off                                   ; Off                                   ;
; Treat Bidirectional Pin as Output Pin                              ; Off                                   ; Off                                   ;
; Perform Physical Synthesis for Combinational Logic for Fitting     ; Off                                   ; Off                                   ;
; Perform Physical Synthesis for Combinational Logic for Performance ; Off                                   ; Off                                   ;
; Perform Register Duplication for Performance                       ; Off                                   ; Off                                   ;
; Perform Logic to Memory Mapping for Fitting                        ; Off                                   ; Off                                   ;
; Perform Register Retiming for Performance                          ; Off                                   ; Off                                   ;
; Perform Asynchronous Signal Pipelining                             ; Off                                   ; Off                                   ;
; Fitter Effort                                                      ; Auto Fit                              ; Auto Fit                              ;
; Physical Synthesis Effort Level                                    ; Normal                                ; Normal                                ;
; Logic Cell Insertion - Logic Duplication                           ; Auto                                  ; Auto                                  ;
; Auto Register Duplication                                          ; Auto                                  ; Auto                                  ;
; Auto Global Clock                                                  ; On                                    ; On                                    ;
; Auto Global Register Control Signals                               ; On                                    ; On                                    ;
; Reserve all unused pins                                            ; As input tri-stated with weak pull-up ; As input tri-stated with weak pull-up ;
; Synchronizer Identification                                        ; Auto                                  ; Auto                                  ;
; Enable Beneficial Skew Optimization                                ; On                                    ; On                                    ;
; Optimize Design for Metastability                                  ; On                                    ; On                                    ;
; Force Fitter to Avoid Periphery Placement Warnings                 ; Off                                   ; Off                                   ;
; Enable input tri-state on active configuration pins in user mode   ; Off                                   ; Off                                   ;
+--------------------------------------------------------------------+---------------------------------------+---------------------------------------+


+------------------------------------------+
; Parallel Compilation                     ;
+----------------------------+-------------+
; Processors                 ; Number      ;
+----------------------------+-------------+
; Number detected on machine ; 16          ;
; Maximum allowed            ; 12          ;
;                            ;             ;
; Average used               ; 1.20        ;
; Maximum used               ; 12          ;
;                            ;             ;
; Usage by Processor         ; % Time Used ;
;     Processor 1            ; 100.0%      ;
;     Processor 2            ;   2.3%      ;
;     Processor 3            ;   2.2%      ;
;     Processor 4            ;   2.0%      ;
;     Processor 5            ;   1.9%      ;
;     Processor 6            ;   1.8%      ;
;     Processor 7            ;   1.8%      ;
;     Processor 8            ;   1.7%      ;
;     Processors 9-12        ;   1.6%      ;
+----------------------------+-------------+


+---------------------------------------------------------------------------------------------------------------------------------------------------------------------------------------------------------------------------------------------+
; Fitter Netlist Optimizations                                                                                                                                                                                                                ;
+------------------------------------+-----------------+------------------+---------------------+-----------+----------------+---------------------------------------------------------------------+------------------+-----------------------+
; Node                               ; Action          ; Operation        ; Reason              ; Node Port ; Node Port Name ; Destination Node                                                    ; Destination Port ; Destination Port Name ;
+------------------------------------+-----------------+------------------+---------------------+-----------+----------------+---------------------------------------------------------------------+------------------+-----------------------+
; Milestone1:M1_unit|mult_op_1_2[0]  ; Packed Register ; Register Packing ; Timing optimization ; Q         ;                ; Milestone1:M1_unit|lpm_mult:Mult0|mult_ddt:auto_generated|mac_mult1 ; DATAB            ;                       ;
; Milestone1:M1_unit|mult_op_1_2[1]  ; Packed Register ; Register Packing ; Timing optimization ; Q         ;                ; Milestone1:M1_unit|lpm_mult:Mult0|mult_ddt:auto_generated|mac_mult1 ; DATAB            ;                       ;
; Milestone1:M1_unit|mult_op_1_2[2]  ; Packed Register ; Register Packing ; Timing optimization ; Q         ;                ; Milestone1:M1_unit|lpm_mult:Mult0|mult_ddt:auto_generated|mac_mult1 ; DATAB            ;                       ;
; Milestone1:M1_unit|mult_op_1_2[3]  ; Packed Register ; Register Packing ; Timing optimization ; Q         ;                ; Milestone1:M1_unit|lpm_mult:Mult0|mult_ddt:auto_generated|mac_mult1 ; DATAB            ;                       ;
; Milestone1:M1_unit|mult_op_1_2[4]  ; Packed Register ; Register Packing ; Timing optimization ; Q         ;                ; Milestone1:M1_unit|lpm_mult:Mult0|mult_ddt:auto_generated|mac_mult1 ; DATAB            ;                       ;
; Milestone1:M1_unit|mult_op_1_2[5]  ; Packed Register ; Register Packing ; Timing optimization ; Q         ;                ; Milestone1:M1_unit|lpm_mult:Mult0|mult_ddt:auto_generated|mac_mult1 ; DATAB            ;                       ;
; Milestone1:M1_unit|mult_op_1_2[6]  ; Packed Register ; Register Packing ; Timing optimization ; Q         ;                ; Milestone1:M1_unit|lpm_mult:Mult0|mult_ddt:auto_generated|mac_mult1 ; DATAB            ;                       ;
; Milestone1:M1_unit|mult_op_1_2[7]  ; Packed Register ; Register Packing ; Timing optimization ; Q         ;                ; Milestone1:M1_unit|lpm_mult:Mult0|mult_ddt:auto_generated|mac_mult1 ; DATAB            ;                       ;
; Milestone1:M1_unit|mult_op_1_2[8]  ; Packed Register ; Register Packing ; Timing optimization ; Q         ;                ; Milestone1:M1_unit|lpm_mult:Mult0|mult_ddt:auto_generated|mac_mult1 ; DATAB            ;                       ;
; Milestone1:M1_unit|mult_op_1_2[9]  ; Packed Register ; Register Packing ; Timing optimization ; Q         ;                ; Milestone1:M1_unit|lpm_mult:Mult0|mult_ddt:auto_generated|mac_mult1 ; DATAB            ;                       ;
; Milestone1:M1_unit|mult_op_1_2[10] ; Packed Register ; Register Packing ; Timing optimization ; Q         ;                ; Milestone1:M1_unit|lpm_mult:Mult0|mult_ddt:auto_generated|mac_mult1 ; DATAB            ;                       ;
; Milestone1:M1_unit|mult_op_1_2[11] ; Packed Register ; Register Packing ; Timing optimization ; Q         ;                ; Milestone1:M1_unit|lpm_mult:Mult0|mult_ddt:auto_generated|mac_mult1 ; DATAB            ;                       ;
; Milestone1:M1_unit|mult_op_1_2[12] ; Packed Register ; Register Packing ; Timing optimization ; Q         ;                ; Milestone1:M1_unit|lpm_mult:Mult0|mult_ddt:auto_generated|mac_mult1 ; DATAB            ;                       ;
; Milestone1:M1_unit|mult_op_1_2[13] ; Packed Register ; Register Packing ; Timing optimization ; Q         ;                ; Milestone1:M1_unit|lpm_mult:Mult0|mult_ddt:auto_generated|mac_mult1 ; DATAB            ;                       ;
; Milestone1:M1_unit|mult_op_1_2[14] ; Packed Register ; Register Packing ; Timing optimization ; Q         ;                ; Milestone1:M1_unit|lpm_mult:Mult0|mult_ddt:auto_generated|mac_mult1 ; DATAB            ;                       ;
; Milestone1:M1_unit|mult_op_1_2[15] ; Packed Register ; Register Packing ; Timing optimization ; Q         ;                ; Milestone1:M1_unit|lpm_mult:Mult0|mult_ddt:auto_generated|mac_mult1 ; DATAB            ;                       ;
; Milestone1:M1_unit|mult_op_1_2[16] ; Packed Register ; Register Packing ; Timing optimization ; Q         ;                ; Milestone1:M1_unit|lpm_mult:Mult0|mult_ddt:auto_generated|mac_mult1 ; DATAB            ;                       ;
; Milestone1:M1_unit|mult_op_1_2[17] ; Packed Register ; Register Packing ; Timing optimization ; Q         ;                ; Milestone1:M1_unit|lpm_mult:Mult0|mult_ddt:auto_generated|mac_mult1 ; DATAB            ;                       ;
; Milestone1:M1_unit|mult_op_1_2[18] ; Packed Register ; Register Packing ; Timing optimization ; Q         ;                ; Milestone1:M1_unit|lpm_mult:Mult0|mult_ddt:auto_generated|mac_mult3 ; DATAB            ;                       ;
; Milestone1:M1_unit|mult_op_1_2[19] ; Packed Register ; Register Packing ; Timing optimization ; Q         ;                ; Milestone1:M1_unit|lpm_mult:Mult0|mult_ddt:auto_generated|mac_mult3 ; DATAB            ;                       ;
; Milestone1:M1_unit|mult_op_1_2[20] ; Packed Register ; Register Packing ; Timing optimization ; Q         ;                ; Milestone1:M1_unit|lpm_mult:Mult0|mult_ddt:auto_generated|mac_mult3 ; DATAB            ;                       ;
; Milestone1:M1_unit|mult_op_1_2[21] ; Packed Register ; Register Packing ; Timing optimization ; Q         ;                ; Milestone1:M1_unit|lpm_mult:Mult0|mult_ddt:auto_generated|mac_mult3 ; DATAB            ;                       ;
; Milestone1:M1_unit|mult_op_1_2[22] ; Packed Register ; Register Packing ; Timing optimization ; Q         ;                ; Milestone1:M1_unit|lpm_mult:Mult0|mult_ddt:auto_generated|mac_mult3 ; DATAB            ;                       ;
; Milestone1:M1_unit|mult_op_1_2[23] ; Packed Register ; Register Packing ; Timing optimization ; Q         ;                ; Milestone1:M1_unit|lpm_mult:Mult0|mult_ddt:auto_generated|mac_mult3 ; DATAB            ;                       ;
; Milestone1:M1_unit|mult_op_1_2[24] ; Packed Register ; Register Packing ; Timing optimization ; Q         ;                ; Milestone1:M1_unit|lpm_mult:Mult0|mult_ddt:auto_generated|mac_mult3 ; DATAB            ;                       ;
; Milestone1:M1_unit|mult_op_1_2[25] ; Packed Register ; Register Packing ; Timing optimization ; Q         ;                ; Milestone1:M1_unit|lpm_mult:Mult0|mult_ddt:auto_generated|mac_mult3 ; DATAB            ;                       ;
; Milestone1:M1_unit|mult_op_1_2[26] ; Packed Register ; Register Packing ; Timing optimization ; Q         ;                ; Milestone1:M1_unit|lpm_mult:Mult0|mult_ddt:auto_generated|mac_mult3 ; DATAB            ;                       ;
; Milestone1:M1_unit|mult_op_1_2[27] ; Packed Register ; Register Packing ; Timing optimization ; Q         ;                ; Milestone1:M1_unit|lpm_mult:Mult0|mult_ddt:auto_generated|mac_mult3 ; DATAB            ;                       ;
; Milestone1:M1_unit|mult_op_1_2[28] ; Packed Register ; Register Packing ; Timing optimization ; Q         ;                ; Milestone1:M1_unit|lpm_mult:Mult0|mult_ddt:auto_generated|mac_mult3 ; DATAB            ;                       ;
; Milestone1:M1_unit|mult_op_1_2[29] ; Packed Register ; Register Packing ; Timing optimization ; Q         ;                ; Milestone1:M1_unit|lpm_mult:Mult0|mult_ddt:auto_generated|mac_mult3 ; DATAB            ;                       ;
; Milestone1:M1_unit|mult_op_1_2[30] ; Packed Register ; Register Packing ; Timing optimization ; Q         ;                ; Milestone1:M1_unit|lpm_mult:Mult0|mult_ddt:auto_generated|mac_mult3 ; DATAB            ;                       ;
; Milestone1:M1_unit|mult_op_1_2[31] ; Packed Register ; Register Packing ; Timing optimization ; Q         ;                ; Milestone1:M1_unit|lpm_mult:Mult0|mult_ddt:auto_generated|mac_mult3 ; DATAB            ;                       ;
; Milestone1:M1_unit|mult_op_2_2[0]  ; Packed Register ; Register Packing ; Timing optimization ; Q         ;                ; Milestone1:M1_unit|lpm_mult:Mult1|mult_bdt:auto_generated|mac_mult1 ; DATAB            ;                       ;
; Milestone1:M1_unit|mult_op_2_2[1]  ; Packed Register ; Register Packing ; Timing optimization ; Q         ;                ; Milestone1:M1_unit|lpm_mult:Mult1|mult_bdt:auto_generated|mac_mult1 ; DATAB            ;                       ;
; Milestone1:M1_unit|mult_op_2_2[2]  ; Packed Register ; Register Packing ; Timing optimization ; Q         ;                ; Milestone1:M1_unit|lpm_mult:Mult1|mult_bdt:auto_generated|mac_mult1 ; DATAB            ;                       ;
; Milestone1:M1_unit|mult_op_2_2[3]  ; Packed Register ; Register Packing ; Timing optimization ; Q         ;                ; Milestone1:M1_unit|lpm_mult:Mult1|mult_bdt:auto_generated|mac_mult1 ; DATAB            ;                       ;
; Milestone1:M1_unit|mult_op_2_2[4]  ; Packed Register ; Register Packing ; Timing optimization ; Q         ;                ; Milestone1:M1_unit|lpm_mult:Mult1|mult_bdt:auto_generated|mac_mult1 ; DATAB            ;                       ;
; Milestone1:M1_unit|mult_op_2_2[5]  ; Packed Register ; Register Packing ; Timing optimization ; Q         ;                ; Milestone1:M1_unit|lpm_mult:Mult1|mult_bdt:auto_generated|mac_mult1 ; DATAB            ;                       ;
; Milestone1:M1_unit|mult_op_2_2[6]  ; Packed Register ; Register Packing ; Timing optimization ; Q         ;                ; Milestone1:M1_unit|lpm_mult:Mult1|mult_bdt:auto_generated|mac_mult1 ; DATAB            ;                       ;
; Milestone1:M1_unit|mult_op_2_2[7]  ; Packed Register ; Register Packing ; Timing optimization ; Q         ;                ; Milestone1:M1_unit|lpm_mult:Mult1|mult_bdt:auto_generated|mac_mult1 ; DATAB            ;                       ;
; Milestone1:M1_unit|mult_op_2_2[8]  ; Packed Register ; Register Packing ; Timing optimization ; Q         ;                ; Milestone1:M1_unit|lpm_mult:Mult1|mult_bdt:auto_generated|mac_mult1 ; DATAB            ;                       ;
; Milestone1:M1_unit|mult_op_2_2[9]  ; Packed Register ; Register Packing ; Timing optimization ; Q         ;                ; Milestone1:M1_unit|lpm_mult:Mult1|mult_bdt:auto_generated|mac_mult1 ; DATAB            ;                       ;
; Milestone1:M1_unit|mult_op_2_2[10] ; Packed Register ; Register Packing ; Timing optimization ; Q         ;                ; Milestone1:M1_unit|lpm_mult:Mult1|mult_bdt:auto_generated|mac_mult1 ; DATAB            ;                       ;
; Milestone1:M1_unit|mult_op_2_2[11] ; Packed Register ; Register Packing ; Timing optimization ; Q         ;                ; Milestone1:M1_unit|lpm_mult:Mult1|mult_bdt:auto_generated|mac_mult1 ; DATAB            ;                       ;
; Milestone1:M1_unit|mult_op_2_2[12] ; Packed Register ; Register Packing ; Timing optimization ; Q         ;                ; Milestone1:M1_unit|lpm_mult:Mult1|mult_bdt:auto_generated|mac_mult1 ; DATAB            ;                       ;
; Milestone1:M1_unit|mult_op_2_2[13] ; Packed Register ; Register Packing ; Timing optimization ; Q         ;                ; Milestone1:M1_unit|lpm_mult:Mult1|mult_bdt:auto_generated|mac_mult1 ; DATAB            ;                       ;
; Milestone1:M1_unit|mult_op_2_2[14] ; Packed Register ; Register Packing ; Timing optimization ; Q         ;                ; Milestone1:M1_unit|lpm_mult:Mult1|mult_bdt:auto_generated|mac_mult1 ; DATAB            ;                       ;
; Milestone1:M1_unit|mult_op_2_2[15] ; Packed Register ; Register Packing ; Timing optimization ; Q         ;                ; Milestone1:M1_unit|lpm_mult:Mult1|mult_bdt:auto_generated|mac_mult1 ; DATAB            ;                       ;
; Milestone1:M1_unit|mult_op_2_2[16] ; Packed Register ; Register Packing ; Timing optimization ; Q         ;                ; Milestone1:M1_unit|lpm_mult:Mult1|mult_bdt:auto_generated|mac_mult1 ; DATAB            ;                       ;
; Milestone1:M1_unit|mult_op_2_2[17] ; Packed Register ; Register Packing ; Timing optimization ; Q         ;                ; Milestone1:M1_unit|lpm_mult:Mult1|mult_bdt:auto_generated|mac_mult1 ; DATAB            ;                       ;
; Milestone1:M1_unit|mult_op_2_2[18] ; Packed Register ; Register Packing ; Timing optimization ; Q         ;                ; Milestone1:M1_unit|lpm_mult:Mult1|mult_bdt:auto_generated|mac_mult3 ; DATAB            ;                       ;
; Milestone1:M1_unit|mult_op_2_2[19] ; Packed Register ; Register Packing ; Timing optimization ; Q         ;                ; Milestone1:M1_unit|lpm_mult:Mult1|mult_bdt:auto_generated|mac_mult3 ; DATAB            ;                       ;
; Milestone1:M1_unit|mult_op_2_2[20] ; Packed Register ; Register Packing ; Timing optimization ; Q         ;                ; Milestone1:M1_unit|lpm_mult:Mult1|mult_bdt:auto_generated|mac_mult3 ; DATAB            ;                       ;
; Milestone1:M1_unit|mult_op_2_2[21] ; Packed Register ; Register Packing ; Timing optimization ; Q         ;                ; Milestone1:M1_unit|lpm_mult:Mult1|mult_bdt:auto_generated|mac_mult3 ; DATAB            ;                       ;
; Milestone1:M1_unit|mult_op_2_2[22] ; Packed Register ; Register Packing ; Timing optimization ; Q         ;                ; Milestone1:M1_unit|lpm_mult:Mult1|mult_bdt:auto_generated|mac_mult3 ; DATAB            ;                       ;
; Milestone1:M1_unit|mult_op_2_2[23] ; Packed Register ; Register Packing ; Timing optimization ; Q         ;                ; Milestone1:M1_unit|lpm_mult:Mult1|mult_bdt:auto_generated|mac_mult3 ; DATAB            ;                       ;
; Milestone1:M1_unit|mult_op_2_2[24] ; Packed Register ; Register Packing ; Timing optimization ; Q         ;                ; Milestone1:M1_unit|lpm_mult:Mult1|mult_bdt:auto_generated|mac_mult3 ; DATAB            ;                       ;
; Milestone1:M1_unit|mult_op_2_2[25] ; Packed Register ; Register Packing ; Timing optimization ; Q         ;                ; Milestone1:M1_unit|lpm_mult:Mult1|mult_bdt:auto_generated|mac_mult3 ; DATAB            ;                       ;
; Milestone1:M1_unit|mult_op_2_2[26] ; Packed Register ; Register Packing ; Timing optimization ; Q         ;                ; Milestone1:M1_unit|lpm_mult:Mult1|mult_bdt:auto_generated|mac_mult3 ; DATAB            ;                       ;
; Milestone1:M1_unit|mult_op_2_2[27] ; Packed Register ; Register Packing ; Timing optimization ; Q         ;                ; Milestone1:M1_unit|lpm_mult:Mult1|mult_bdt:auto_generated|mac_mult3 ; DATAB            ;                       ;
; Milestone1:M1_unit|mult_op_2_2[28] ; Packed Register ; Register Packing ; Timing optimization ; Q         ;                ; Milestone1:M1_unit|lpm_mult:Mult1|mult_bdt:auto_generated|mac_mult3 ; DATAB            ;                       ;
; Milestone1:M1_unit|mult_op_2_2[29] ; Packed Register ; Register Packing ; Timing optimization ; Q         ;                ; Milestone1:M1_unit|lpm_mult:Mult1|mult_bdt:auto_generated|mac_mult3 ; DATAB            ;                       ;
; Milestone1:M1_unit|mult_op_2_2[30] ; Packed Register ; Register Packing ; Timing optimization ; Q         ;                ; Milestone1:M1_unit|lpm_mult:Mult1|mult_bdt:auto_generated|mac_mult3 ; DATAB            ;                       ;
; Milestone1:M1_unit|mult_op_2_2[31] ; Packed Register ; Register Packing ; Timing optimization ; Q         ;                ; Milestone1:M1_unit|lpm_mult:Mult1|mult_bdt:auto_generated|mac_mult3 ; DATAB            ;                       ;
; Milestone1:M1_unit|mult_op_3_2[0]  ; Packed Register ; Register Packing ; Timing optimization ; Q         ;                ; Milestone1:M1_unit|lpm_mult:Mult2|mult_ddt:auto_generated|mac_mult1 ; DATAB            ;                       ;
; Milestone1:M1_unit|mult_op_3_2[1]  ; Packed Register ; Register Packing ; Timing optimization ; Q         ;                ; Milestone1:M1_unit|lpm_mult:Mult2|mult_ddt:auto_generated|mac_mult1 ; DATAB            ;                       ;
; Milestone1:M1_unit|mult_op_3_2[2]  ; Packed Register ; Register Packing ; Timing optimization ; Q         ;                ; Milestone1:M1_unit|lpm_mult:Mult2|mult_ddt:auto_generated|mac_mult1 ; DATAB            ;                       ;
; Milestone1:M1_unit|mult_op_3_2[3]  ; Packed Register ; Register Packing ; Timing optimization ; Q         ;                ; Milestone1:M1_unit|lpm_mult:Mult2|mult_ddt:auto_generated|mac_mult1 ; DATAB            ;                       ;
; Milestone1:M1_unit|mult_op_3_2[4]  ; Packed Register ; Register Packing ; Timing optimization ; Q         ;                ; Milestone1:M1_unit|lpm_mult:Mult2|mult_ddt:auto_generated|mac_mult1 ; DATAB            ;                       ;
; Milestone1:M1_unit|mult_op_3_2[5]  ; Packed Register ; Register Packing ; Timing optimization ; Q         ;                ; Milestone1:M1_unit|lpm_mult:Mult2|mult_ddt:auto_generated|mac_mult1 ; DATAB            ;                       ;
; Milestone1:M1_unit|mult_op_3_2[6]  ; Packed Register ; Register Packing ; Timing optimization ; Q         ;                ; Milestone1:M1_unit|lpm_mult:Mult2|mult_ddt:auto_generated|mac_mult1 ; DATAB            ;                       ;
; Milestone1:M1_unit|mult_op_3_2[7]  ; Packed Register ; Register Packing ; Timing optimization ; Q         ;                ; Milestone1:M1_unit|lpm_mult:Mult2|mult_ddt:auto_generated|mac_mult1 ; DATAB            ;                       ;
; Milestone1:M1_unit|mult_op_3_2[8]  ; Packed Register ; Register Packing ; Timing optimization ; Q         ;                ; Milestone1:M1_unit|lpm_mult:Mult2|mult_ddt:auto_generated|mac_mult1 ; DATAB            ;                       ;
; Milestone1:M1_unit|mult_op_3_2[9]  ; Packed Register ; Register Packing ; Timing optimization ; Q         ;                ; Milestone1:M1_unit|lpm_mult:Mult2|mult_ddt:auto_generated|mac_mult1 ; DATAB            ;                       ;
; Milestone1:M1_unit|mult_op_3_2[10] ; Packed Register ; Register Packing ; Timing optimization ; Q         ;                ; Milestone1:M1_unit|lpm_mult:Mult2|mult_ddt:auto_generated|mac_mult1 ; DATAB            ;                       ;
; Milestone1:M1_unit|mult_op_3_2[11] ; Packed Register ; Register Packing ; Timing optimization ; Q         ;                ; Milestone1:M1_unit|lpm_mult:Mult2|mult_ddt:auto_generated|mac_mult1 ; DATAB            ;                       ;
; Milestone1:M1_unit|mult_op_3_2[12] ; Packed Register ; Register Packing ; Timing optimization ; Q         ;                ; Milestone1:M1_unit|lpm_mult:Mult2|mult_ddt:auto_generated|mac_mult1 ; DATAB            ;                       ;
; Milestone1:M1_unit|mult_op_3_2[13] ; Packed Register ; Register Packing ; Timing optimization ; Q         ;                ; Milestone1:M1_unit|lpm_mult:Mult2|mult_ddt:auto_generated|mac_mult1 ; DATAB            ;                       ;
; Milestone1:M1_unit|mult_op_3_2[14] ; Packed Register ; Register Packing ; Timing optimization ; Q         ;                ; Milestone1:M1_unit|lpm_mult:Mult2|mult_ddt:auto_generated|mac_mult1 ; DATAB            ;                       ;
; Milestone1:M1_unit|mult_op_3_2[15] ; Packed Register ; Register Packing ; Timing optimization ; Q         ;                ; Milestone1:M1_unit|lpm_mult:Mult2|mult_ddt:auto_generated|mac_mult1 ; DATAB            ;                       ;
; Milestone1:M1_unit|mult_op_3_2[16] ; Packed Register ; Register Packing ; Timing optimization ; Q         ;                ; Milestone1:M1_unit|lpm_mult:Mult2|mult_ddt:auto_generated|mac_mult1 ; DATAB            ;                       ;
; Milestone1:M1_unit|mult_op_3_2[17] ; Packed Register ; Register Packing ; Timing optimization ; Q         ;                ; Milestone1:M1_unit|lpm_mult:Mult2|mult_ddt:auto_generated|mac_mult1 ; DATAB            ;                       ;
; Milestone1:M1_unit|mult_op_3_2[18] ; Packed Register ; Register Packing ; Timing optimization ; Q         ;                ; Milestone1:M1_unit|lpm_mult:Mult2|mult_ddt:auto_generated|mac_mult3 ; DATAB            ;                       ;
; Milestone1:M1_unit|mult_op_3_2[19] ; Packed Register ; Register Packing ; Timing optimization ; Q         ;                ; Milestone1:M1_unit|lpm_mult:Mult2|mult_ddt:auto_generated|mac_mult3 ; DATAB            ;                       ;
; Milestone1:M1_unit|mult_op_3_2[20] ; Packed Register ; Register Packing ; Timing optimization ; Q         ;                ; Milestone1:M1_unit|lpm_mult:Mult2|mult_ddt:auto_generated|mac_mult3 ; DATAB            ;                       ;
; Milestone1:M1_unit|mult_op_3_2[21] ; Packed Register ; Register Packing ; Timing optimization ; Q         ;                ; Milestone1:M1_unit|lpm_mult:Mult2|mult_ddt:auto_generated|mac_mult3 ; DATAB            ;                       ;
; Milestone1:M1_unit|mult_op_3_2[22] ; Packed Register ; Register Packing ; Timing optimization ; Q         ;                ; Milestone1:M1_unit|lpm_mult:Mult2|mult_ddt:auto_generated|mac_mult3 ; DATAB            ;                       ;
; Milestone1:M1_unit|mult_op_3_2[23] ; Packed Register ; Register Packing ; Timing optimization ; Q         ;                ; Milestone1:M1_unit|lpm_mult:Mult2|mult_ddt:auto_generated|mac_mult3 ; DATAB            ;                       ;
; Milestone1:M1_unit|mult_op_3_2[24] ; Packed Register ; Register Packing ; Timing optimization ; Q         ;                ; Milestone1:M1_unit|lpm_mult:Mult2|mult_ddt:auto_generated|mac_mult3 ; DATAB            ;                       ;
; Milestone1:M1_unit|mult_op_3_2[25] ; Packed Register ; Register Packing ; Timing optimization ; Q         ;                ; Milestone1:M1_unit|lpm_mult:Mult2|mult_ddt:auto_generated|mac_mult3 ; DATAB            ;                       ;
; Milestone1:M1_unit|mult_op_3_2[26] ; Packed Register ; Register Packing ; Timing optimization ; Q         ;                ; Milestone1:M1_unit|lpm_mult:Mult2|mult_ddt:auto_generated|mac_mult3 ; DATAB            ;                       ;
; Milestone1:M1_unit|mult_op_3_2[27] ; Packed Register ; Register Packing ; Timing optimization ; Q         ;                ; Milestone1:M1_unit|lpm_mult:Mult2|mult_ddt:auto_generated|mac_mult3 ; DATAB            ;                       ;
; Milestone1:M1_unit|mult_op_3_2[28] ; Packed Register ; Register Packing ; Timing optimization ; Q         ;                ; Milestone1:M1_unit|lpm_mult:Mult2|mult_ddt:auto_generated|mac_mult3 ; DATAB            ;                       ;
; Milestone1:M1_unit|mult_op_3_2[29] ; Packed Register ; Register Packing ; Timing optimization ; Q         ;                ; Milestone1:M1_unit|lpm_mult:Mult2|mult_ddt:auto_generated|mac_mult3 ; DATAB            ;                       ;
; Milestone1:M1_unit|mult_op_3_2[30] ; Packed Register ; Register Packing ; Timing optimization ; Q         ;                ; Milestone1:M1_unit|lpm_mult:Mult2|mult_ddt:auto_generated|mac_mult3 ; DATAB            ;                       ;
; Milestone1:M1_unit|mult_op_3_2[31] ; Packed Register ; Register Packing ; Timing optimization ; Q         ;                ; Milestone1:M1_unit|lpm_mult:Mult2|mult_ddt:auto_generated|mac_mult3 ; DATAB            ;                       ;
; Milestone1:M1_unit|mult_op_4_2[0]  ; Packed Register ; Register Packing ; Timing optimization ; Q         ;                ; Milestone1:M1_unit|lpm_mult:Mult3|mult_9dt:auto_generated|mac_mult1 ; DATAB            ;                       ;
; Milestone1:M1_unit|mult_op_4_2[1]  ; Packed Register ; Register Packing ; Timing optimization ; Q         ;                ; Milestone1:M1_unit|lpm_mult:Mult3|mult_9dt:auto_generated|mac_mult1 ; DATAB            ;                       ;
; Milestone1:M1_unit|mult_op_4_2[2]  ; Packed Register ; Register Packing ; Timing optimization ; Q         ;                ; Milestone1:M1_unit|lpm_mult:Mult3|mult_9dt:auto_generated|mac_mult1 ; DATAB            ;                       ;
; Milestone1:M1_unit|mult_op_4_2[3]  ; Packed Register ; Register Packing ; Timing optimization ; Q         ;                ; Milestone1:M1_unit|lpm_mult:Mult3|mult_9dt:auto_generated|mac_mult1 ; DATAB            ;                       ;
; Milestone1:M1_unit|mult_op_4_2[4]  ; Packed Register ; Register Packing ; Timing optimization ; Q         ;                ; Milestone1:M1_unit|lpm_mult:Mult3|mult_9dt:auto_generated|mac_mult1 ; DATAB            ;                       ;
; Milestone1:M1_unit|mult_op_4_2[5]  ; Packed Register ; Register Packing ; Timing optimization ; Q         ;                ; Milestone1:M1_unit|lpm_mult:Mult3|mult_9dt:auto_generated|mac_mult1 ; DATAB            ;                       ;
; Milestone1:M1_unit|mult_op_4_2[6]  ; Packed Register ; Register Packing ; Timing optimization ; Q         ;                ; Milestone1:M1_unit|lpm_mult:Mult3|mult_9dt:auto_generated|mac_mult1 ; DATAB            ;                       ;
; Milestone1:M1_unit|mult_op_4_2[7]  ; Packed Register ; Register Packing ; Timing optimization ; Q         ;                ; Milestone1:M1_unit|lpm_mult:Mult3|mult_9dt:auto_generated|mac_mult1 ; DATAB            ;                       ;
; Milestone1:M1_unit|mult_op_4_2[8]  ; Packed Register ; Register Packing ; Timing optimization ; Q         ;                ; Milestone1:M1_unit|lpm_mult:Mult3|mult_9dt:auto_generated|mac_mult1 ; DATAB            ;                       ;
; Milestone1:M1_unit|mult_op_4_2[9]  ; Packed Register ; Register Packing ; Timing optimization ; Q         ;                ; Milestone1:M1_unit|lpm_mult:Mult3|mult_9dt:auto_generated|mac_mult1 ; DATAB            ;                       ;
; Milestone1:M1_unit|mult_op_4_2[10] ; Packed Register ; Register Packing ; Timing optimization ; Q         ;                ; Milestone1:M1_unit|lpm_mult:Mult3|mult_9dt:auto_generated|mac_mult1 ; DATAB            ;                       ;
; Milestone1:M1_unit|mult_op_4_2[11] ; Packed Register ; Register Packing ; Timing optimization ; Q         ;                ; Milestone1:M1_unit|lpm_mult:Mult3|mult_9dt:auto_generated|mac_mult1 ; DATAB            ;                       ;
; Milestone1:M1_unit|mult_op_4_2[12] ; Packed Register ; Register Packing ; Timing optimization ; Q         ;                ; Milestone1:M1_unit|lpm_mult:Mult3|mult_9dt:auto_generated|mac_mult1 ; DATAB            ;                       ;
; Milestone1:M1_unit|mult_op_4_2[13] ; Packed Register ; Register Packing ; Timing optimization ; Q         ;                ; Milestone1:M1_unit|lpm_mult:Mult3|mult_9dt:auto_generated|mac_mult1 ; DATAB            ;                       ;
; Milestone1:M1_unit|mult_op_4_2[14] ; Packed Register ; Register Packing ; Timing optimization ; Q         ;                ; Milestone1:M1_unit|lpm_mult:Mult3|mult_9dt:auto_generated|mac_mult1 ; DATAB            ;                       ;
; Milestone1:M1_unit|mult_op_4_2[15] ; Packed Register ; Register Packing ; Timing optimization ; Q         ;                ; Milestone1:M1_unit|lpm_mult:Mult3|mult_9dt:auto_generated|mac_mult1 ; DATAB            ;                       ;
; Milestone1:M1_unit|mult_op_4_2[16] ; Packed Register ; Register Packing ; Timing optimization ; Q         ;                ; Milestone1:M1_unit|lpm_mult:Mult3|mult_9dt:auto_generated|mac_mult1 ; DATAB            ;                       ;
; Milestone1:M1_unit|mult_op_4_2[17] ; Packed Register ; Register Packing ; Timing optimization ; Q         ;                ; Milestone1:M1_unit|lpm_mult:Mult3|mult_9dt:auto_generated|mac_mult1 ; DATAB            ;                       ;
; Milestone1:M1_unit|mult_op_4_2[18] ; Packed Register ; Register Packing ; Timing optimization ; Q         ;                ; Milestone1:M1_unit|lpm_mult:Mult3|mult_9dt:auto_generated|mac_mult3 ; DATAB            ;                       ;
; Milestone1:M1_unit|mult_op_4_2[19] ; Packed Register ; Register Packing ; Timing optimization ; Q         ;                ; Milestone1:M1_unit|lpm_mult:Mult3|mult_9dt:auto_generated|mac_mult3 ; DATAB            ;                       ;
; Milestone1:M1_unit|mult_op_4_2[20] ; Packed Register ; Register Packing ; Timing optimization ; Q         ;                ; Milestone1:M1_unit|lpm_mult:Mult3|mult_9dt:auto_generated|mac_mult3 ; DATAB            ;                       ;
; Milestone1:M1_unit|mult_op_4_2[21] ; Packed Register ; Register Packing ; Timing optimization ; Q         ;                ; Milestone1:M1_unit|lpm_mult:Mult3|mult_9dt:auto_generated|mac_mult3 ; DATAB            ;                       ;
; Milestone1:M1_unit|mult_op_4_2[22] ; Packed Register ; Register Packing ; Timing optimization ; Q         ;                ; Milestone1:M1_unit|lpm_mult:Mult3|mult_9dt:auto_generated|mac_mult3 ; DATAB            ;                       ;
; Milestone1:M1_unit|mult_op_4_2[23] ; Packed Register ; Register Packing ; Timing optimization ; Q         ;                ; Milestone1:M1_unit|lpm_mult:Mult3|mult_9dt:auto_generated|mac_mult3 ; DATAB            ;                       ;
; Milestone1:M1_unit|mult_op_4_2[24] ; Packed Register ; Register Packing ; Timing optimization ; Q         ;                ; Milestone1:M1_unit|lpm_mult:Mult3|mult_9dt:auto_generated|mac_mult3 ; DATAB            ;                       ;
; Milestone1:M1_unit|mult_op_4_2[25] ; Packed Register ; Register Packing ; Timing optimization ; Q         ;                ; Milestone1:M1_unit|lpm_mult:Mult3|mult_9dt:auto_generated|mac_mult3 ; DATAB            ;                       ;
; Milestone1:M1_unit|mult_op_4_2[26] ; Packed Register ; Register Packing ; Timing optimization ; Q         ;                ; Milestone1:M1_unit|lpm_mult:Mult3|mult_9dt:auto_generated|mac_mult3 ; DATAB            ;                       ;
; Milestone1:M1_unit|mult_op_4_2[27] ; Packed Register ; Register Packing ; Timing optimization ; Q         ;                ; Milestone1:M1_unit|lpm_mult:Mult3|mult_9dt:auto_generated|mac_mult3 ; DATAB            ;                       ;
; Milestone1:M1_unit|mult_op_4_2[28] ; Packed Register ; Register Packing ; Timing optimization ; Q         ;                ; Milestone1:M1_unit|lpm_mult:Mult3|mult_9dt:auto_generated|mac_mult3 ; DATAB            ;                       ;
; Milestone1:M1_unit|mult_op_4_2[29] ; Packed Register ; Register Packing ; Timing optimization ; Q         ;                ; Milestone1:M1_unit|lpm_mult:Mult3|mult_9dt:auto_generated|mac_mult3 ; DATAB            ;                       ;
; Milestone1:M1_unit|mult_op_4_2[30] ; Packed Register ; Register Packing ; Timing optimization ; Q         ;                ; Milestone1:M1_unit|lpm_mult:Mult3|mult_9dt:auto_generated|mac_mult3 ; DATAB            ;                       ;
; Milestone1:M1_unit|mult_op_4_2[31] ; Packed Register ; Register Packing ; Timing optimization ; Q         ;                ; Milestone1:M1_unit|lpm_mult:Mult3|mult_9dt:auto_generated|mac_mult3 ; DATAB            ;                       ;
+------------------------------------+-----------------+------------------+---------------------+-----------+----------------+---------------------------------------------------------------------+------------------+-----------------------+


+---------------------------------------------------------------------------------------------------+
; Incremental Compilation Preservation Summary                                                      ;
+---------------------+---------------------+----------------------------+--------------------------+
; Type                ; Total [A + B]       ; From Design Partitions [A] ; From Rapid Recompile [B] ;
+---------------------+---------------------+----------------------------+--------------------------+
; Placement (by node) ;                     ;                            ;                          ;
;     -- Requested    ; 0.00 % ( 0 / 8686 ) ; 0.00 % ( 0 / 8686 )        ; 0.00 % ( 0 / 8686 )      ;
;     -- Achieved     ; 0.00 % ( 0 / 8686 ) ; 0.00 % ( 0 / 8686 )        ; 0.00 % ( 0 / 8686 )      ;
;                     ;                     ;                            ;                          ;
; Routing (by net)    ;                     ;                            ;                          ;
;     -- Requested    ; 0.00 % ( 0 / 0 )    ; 0.00 % ( 0 / 0 )           ; 0.00 % ( 0 / 0 )         ;
;     -- Achieved     ; 0.00 % ( 0 / 0 )    ; 0.00 % ( 0 / 0 )           ; 0.00 % ( 0 / 0 )         ;
+---------------------+---------------------+----------------------------+--------------------------+


+----------------------------------------------------------------------------------------------------------------------------------------------------------------------------------------+
; Incremental Compilation Partition Settings                                                                                                                                             ;
+--------------------------------+----------------+-------------------+-------------------------+------------------------+------------------------------+--------------------------------+
; Partition Name                 ; Partition Type ; Netlist Type Used ; Preservation Level Used ; Netlist Type Requested ; Preservation Level Requested ; Contents                       ;
+--------------------------------+----------------+-------------------+-------------------------+------------------------+------------------------------+--------------------------------+
; Top                            ; User-created   ; Source File       ; N/A                     ; Source File            ; N/A                          ;                                ;
; hard_block:auto_generated_inst ; Auto-generated ; Source File       ; N/A                     ; Source File            ; N/A                          ; hard_block:auto_generated_inst ;
+--------------------------------+----------------+-------------------+-------------------------+------------------------+------------------------------+--------------------------------+


+------------------------------------------------------------------------------------------------------------------------------------+
; Incremental Compilation Placement Preservation                                                                                     ;
+--------------------------------+-----------------------+-------------------------+-------------------+---------------------+-------+
; Partition Name                 ; Preservation Achieved ; Preservation Level Used ; Netlist Type Used ; Preservation Method ; Notes ;
+--------------------------------+-----------------------+-------------------------+-------------------+---------------------+-------+
; Top                            ; 0.00 % ( 0 / 8674 )   ; N/A                     ; Source File       ; N/A                 ;       ;
; hard_block:auto_generated_inst ; 0.00 % ( 0 / 12 )     ; N/A                     ; Source File       ; N/A                 ;       ;
+--------------------------------+-----------------------+-------------------------+-------------------+---------------------+-------+


+--------------+
; Pin-Out File ;
+--------------+
The pin-out file can be found in C:/final/project-group-63-thursday/syn/output_files/project.pin.


+----------------------------------------------------------------------------+
; Fitter Resource Usage Summary                                              ;
+---------------------------------------------+------------------------------+
; Resource                                    ; Usage                        ;
+---------------------------------------------+------------------------------+
; Total logic elements                        ; 6,109 / 114,480 ( 5 % )      ;
;     -- Combinational with no register       ; 3823                         ;
;     -- Register only                        ; 344                          ;
;     -- Combinational with a register        ; 1942                         ;
;                                             ;                              ;
; Logic element usage by number of LUT inputs ;                              ;
;     -- 4 input functions                    ; 2367                         ;
;     -- 3 input functions                    ; 2281                         ;
;     -- <=2 input functions                  ; 1117                         ;
;     -- Register only                        ; 344                          ;
;                                             ;                              ;
; Logic elements by mode                      ;                              ;
;     -- normal mode                          ; 3767                         ;
;     -- arithmetic mode                      ; 1998                         ;
;                                             ;                              ;
; Total registers*                            ; 2,286 / 117,053 ( 2 % )      ;
;     -- Dedicated logic registers            ; 2,286 / 114,480 ( 2 % )      ;
;     -- I/O registers                        ; 0 / 2,573 ( 0 % )            ;
;                                             ;                              ;
; Total LABs:  partially or completely used   ; 442 / 7,155 ( 6 % )          ;
; Virtual pins                                ; 0                            ;
; I/O pins                                    ; 160 / 529 ( 30 % )           ;
;     -- Clock pins                           ; 1 / 7 ( 14 % )               ;
;     -- Dedicated input pins                 ; 0 / 9 ( 0 % )                ;
;                                             ;                              ;
; M9Ks                                        ; 8 / 432 ( 2 % )              ;
; Total block memory bits                     ; 32,256 / 3,981,312 ( < 1 % ) ;
; Total block memory implementation bits      ; 73,728 / 3,981,312 ( 2 % )   ;
; Embedded Multiplier 9-bit elements          ; 34 / 532 ( 6 % )             ;
; PLLs                                        ; 1 / 4 ( 25 % )               ;
; Global signals                              ; 3                            ;
;     -- Global clocks                        ; 3 / 20 ( 15 % )              ;
; JTAGs                                       ; 0 / 1 ( 0 % )                ;
; CRC blocks                                  ; 0 / 1 ( 0 % )                ;
; ASMI blocks                                 ; 0 / 1 ( 0 % )                ;
; Oscillator blocks                           ; 0 / 1 ( 0 % )                ;
; Impedance control blocks                    ; 0 / 4 ( 0 % )                ;
; Average interconnect usage (total/H/V)      ; 2.9% / 2.9% / 3.0%           ;
; Peak interconnect usage (total/H/V)         ; 33.9% / 33.9% / 33.9%        ;
; Maximum fan-out                             ; 2299                         ;
; Highest non-global fan-out                  ; 234                          ;
; Total fan-out                               ; 29191                        ;
; Average fan-out                             ; 3.33                         ;
+---------------------------------------------+------------------------------+
*  Register count does not include registers inside RAM blocks or DSP blocks.



+------------------------------------------------------------------------------------------------------+
; Fitter Partition Statistics                                                                          ;
+---------------------------------------------+-----------------------+--------------------------------+
; Statistic                                   ; Top                   ; hard_block:auto_generated_inst ;
+---------------------------------------------+-----------------------+--------------------------------+
; Difficulty Clustering Region                ; Low                   ; Low                            ;
;                                             ;                       ;                                ;
; Total logic elements                        ; 6109 / 114480 ( 5 % ) ; 0 / 114480 ( 0 % )             ;
;     -- Combinational with no register       ; 3823                  ; 0                              ;
;     -- Register only                        ; 344                   ; 0                              ;
;     -- Combinational with a register        ; 1942                  ; 0                              ;
;                                             ;                       ;                                ;
; Logic element usage by number of LUT inputs ;                       ;                                ;
;     -- 4 input functions                    ; 2367                  ; 0                              ;
;     -- 3 input functions                    ; 2281                  ; 0                              ;
;     -- <=2 input functions                  ; 1117                  ; 0                              ;
;     -- Register only                        ; 344                   ; 0                              ;
;                                             ;                       ;                                ;
; Logic elements by mode                      ;                       ;                                ;
;     -- normal mode                          ; 3767                  ; 0                              ;
;     -- arithmetic mode                      ; 1998                  ; 0                              ;
;                                             ;                       ;                                ;
; Total registers                             ; 2286                  ; 0                              ;
;     -- Dedicated logic registers            ; 2286 / 114480 ( 2 % ) ; 0 / 114480 ( 0 % )             ;
;     -- I/O registers                        ; 0                     ; 0                              ;
;                                             ;                       ;                                ;
; Total LABs:  partially or completely used   ; 442 / 7155 ( 6 % )    ; 0 / 7155 ( 0 % )               ;
;                                             ;                       ;                                ;
; Virtual pins                                ; 0                     ; 0                              ;
; I/O pins                                    ; 160                   ; 0                              ;
; Embedded Multiplier 9-bit elements          ; 34 / 532 ( 6 % )      ; 0 / 532 ( 0 % )                ;
; Total memory bits                           ; 32256                 ; 0                              ;
; Total RAM block bits                        ; 73728                 ; 0                              ;
; PLL                                         ; 0 / 4 ( 0 % )         ; 1 / 4 ( 25 % )                 ;
; M9K                                         ; 8 / 432 ( 1 % )       ; 0 / 432 ( 0 % )                ;
; Clock control block                         ; 2 / 24 ( 8 % )        ; 1 / 24 ( 4 % )                 ;
;                                             ;                       ;                                ;
; Connections                                 ;                       ;                                ;
;     -- Input Connections                    ; 20                    ; 2                              ;
;     -- Registered Input Connections         ; 3                     ; 0                              ;
;     -- Output Connections                   ; 18                    ; 4                              ;
;     -- Registered Output Connections        ; 0                     ; 0                              ;
;                                             ;                       ;                                ;
; Internal Connections                        ;                       ;                                ;
;     -- Total Connections                    ; 29937                 ; 13                             ;
;     -- Registered Connections               ; 7383                  ; 0                              ;
;                                             ;                       ;                                ;
; External Connections                        ;                       ;                                ;
;     -- Top                                  ; 32                    ; 6                              ;
;     -- hard_block:auto_generated_inst       ; 6                     ; 0                              ;
;                                             ;                       ;                                ;
; Partition Interface                         ;                       ;                                ;
;     -- Input Ports                          ; 24                    ; 2                              ;
;     -- Output Ports                         ; 120                   ; 2                              ;
;     -- Bidir Ports                          ; 16                    ; 0                              ;
;                                             ;                       ;                                ;
; Registered Ports                            ;                       ;                                ;
;     -- Registered Input Ports               ; 0                     ; 0                              ;
;     -- Registered Output Ports              ; 0                     ; 0                              ;
;                                             ;                       ;                                ;
; Port Connectivity                           ;                       ;                                ;
;     -- Input Ports driven by GND            ; 0                     ; 0                              ;
;     -- Output Ports driven by GND           ; 0                     ; 0                              ;
;     -- Input Ports driven by VCC            ; 0                     ; 0                              ;
;     -- Output Ports driven by VCC           ; 0                     ; 0                              ;
;     -- Input Ports with no Source           ; 0                     ; 0                              ;
;     -- Output Ports with no Source          ; 0                     ; 0                              ;
;     -- Input Ports with no Fanout           ; 0                     ; 0                              ;
;     -- Output Ports with no Fanout          ; 0                     ; 0                              ;
+---------------------------------------------+-----------------------+--------------------------------+


+-----------------------------------------------------------------------------------------------------------------------------------------------------------------------------------------------------------------------------------------------------------------------------------------------------+
; Input Pins                                                                                                                                                                                                                                                                                          ;
+--------------------+-------+----------+--------------+--------------+--------------+-----------------------+--------------------+--------+----------------+---------------+-----------------+----------+--------------+--------------+---------------------------+----------------------+-----------+
; Name               ; Pin # ; I/O Bank ; X coordinate ; Y coordinate ; Z coordinate ; Combinational Fan-Out ; Registered Fan-Out ; Global ; Input Register ; Power Up High ; PCI I/O Enabled ; Bus Hold ; Weak Pull Up ; I/O Standard ; Termination Control Block ; Location assigned by ; Slew Rate ;
+--------------------+-------+----------+--------------+--------------+--------------+-----------------------+--------------------+--------+----------------+---------------+-----------------+----------+--------------+--------------+---------------------------+----------------------+-----------+
; CLOCK_50_I         ; Y2    ; 2        ; 0            ; 36           ; 14           ; 2302                  ; 0                  ; yes    ; no             ; no            ; yes             ; no       ; Off          ; 2.5 V        ; --                        ; User                 ; no        ;
; PUSH_BUTTON_N_I[0] ; M23   ; 6        ; 115          ; 40           ; 7            ; 1                     ; 0                  ; no     ; no             ; no            ; yes             ; no       ; Off          ; 2.5 V        ; --                        ; User                 ; no        ;
; PUSH_BUTTON_N_I[1] ; M21   ; 6        ; 115          ; 53           ; 14           ; 1                     ; 0                  ; no     ; no             ; no            ; yes             ; no       ; Off          ; 2.5 V        ; --                        ; User                 ; no        ;
; PUSH_BUTTON_N_I[2] ; N21   ; 6        ; 115          ; 42           ; 14           ; 1                     ; 0                  ; no     ; no             ; no            ; yes             ; no       ; Off          ; 2.5 V        ; --                        ; User                 ; no        ;
; PUSH_BUTTON_N_I[3] ; R24   ; 5        ; 115          ; 35           ; 21           ; 1                     ; 0                  ; no     ; no             ; no            ; yes             ; no       ; Off          ; 2.5 V        ; --                        ; User                 ; no        ;
; SWITCH_I[0]        ; AB28  ; 5        ; 115          ; 17           ; 0            ; 0                     ; 0                  ; no     ; no             ; no            ; yes             ; no       ; Off          ; 2.5 V        ; --                        ; User                 ; no        ;
; SWITCH_I[10]       ; AC24  ; 5        ; 115          ; 4            ; 14           ; 0                     ; 0                  ; no     ; no             ; no            ; yes             ; no       ; Off          ; 2.5 V        ; --                        ; User                 ; no        ;
; SWITCH_I[11]       ; AB24  ; 5        ; 115          ; 5            ; 14           ; 0                     ; 0                  ; no     ; no             ; no            ; yes             ; no       ; Off          ; 2.5 V        ; --                        ; User                 ; no        ;
; SWITCH_I[12]       ; AB23  ; 5        ; 115          ; 7            ; 14           ; 0                     ; 0                  ; no     ; no             ; no            ; yes             ; no       ; Off          ; 2.5 V        ; --                        ; User                 ; no        ;
; SWITCH_I[13]       ; AA24  ; 5        ; 115          ; 9            ; 21           ; 0                     ; 0                  ; no     ; no             ; no            ; yes             ; no       ; Off          ; 2.5 V        ; --                        ; User                 ; no        ;
; SWITCH_I[14]       ; AA23  ; 5        ; 115          ; 10           ; 7            ; 0                     ; 0                  ; no     ; no             ; no            ; yes             ; no       ; Off          ; 2.5 V        ; --                        ; User                 ; no        ;
; SWITCH_I[15]       ; AA22  ; 5        ; 115          ; 6            ; 14           ; 0                     ; 0                  ; no     ; no             ; no            ; yes             ; no       ; Off          ; 2.5 V        ; --                        ; User                 ; no        ;
; SWITCH_I[16]       ; Y24   ; 5        ; 115          ; 13           ; 0            ; 0                     ; 0                  ; no     ; no             ; no            ; yes             ; no       ; Off          ; 2.5 V        ; --                        ; User                 ; no        ;
; SWITCH_I[17]       ; Y23   ; 5        ; 115          ; 14           ; 7            ; 58                    ; 0                  ; no     ; no             ; no            ; yes             ; no       ; Off          ; 2.5 V        ; --                        ; User                 ; no        ;
; SWITCH_I[1]        ; AC28  ; 5        ; 115          ; 14           ; 0            ; 0                     ; 0                  ; no     ; no             ; no            ; yes             ; no       ; Off          ; 2.5 V        ; --                        ; User                 ; no        ;
; SWITCH_I[2]        ; AC27  ; 5        ; 115          ; 15           ; 7            ; 0                     ; 0                  ; no     ; no             ; no            ; yes             ; no       ; Off          ; 2.5 V        ; --                        ; User                 ; no        ;
; SWITCH_I[3]        ; AD27  ; 5        ; 115          ; 13           ; 7            ; 0                     ; 0                  ; no     ; no             ; no            ; yes             ; no       ; Off          ; 2.5 V        ; --                        ; User                 ; no        ;
; SWITCH_I[4]        ; AB27  ; 5        ; 115          ; 18           ; 7            ; 0                     ; 0                  ; no     ; no             ; no            ; yes             ; no       ; Off          ; 2.5 V        ; --                        ; User                 ; no        ;
; SWITCH_I[5]        ; AC26  ; 5        ; 115          ; 11           ; 7            ; 0                     ; 0                  ; no     ; no             ; no            ; yes             ; no       ; Off          ; 2.5 V        ; --                        ; User                 ; no        ;
; SWITCH_I[6]        ; AD26  ; 5        ; 115          ; 10           ; 0            ; 0                     ; 0                  ; no     ; no             ; no            ; yes             ; no       ; Off          ; 2.5 V        ; --                        ; User                 ; no        ;
; SWITCH_I[7]        ; AB26  ; 5        ; 115          ; 15           ; 0            ; 0                     ; 0                  ; no     ; no             ; no            ; yes             ; no       ; Off          ; 2.5 V        ; --                        ; User                 ; no        ;
; SWITCH_I[8]        ; AC25  ; 5        ; 115          ; 4            ; 21           ; 0                     ; 0                  ; no     ; no             ; no            ; yes             ; no       ; Off          ; 2.5 V        ; --                        ; User                 ; no        ;
; SWITCH_I[9]        ; AB25  ; 5        ; 115          ; 16           ; 7            ; 0                     ; 0                  ; no     ; no             ; no            ; yes             ; no       ; Off          ; 2.5 V        ; --                        ; User                 ; no        ;
; UART_RX_I          ; G12   ; 8        ; 27           ; 73           ; 7            ; 5                     ; 0                  ; no     ; no             ; no            ; yes             ; no       ; Off          ; 3.3-V LVTTL  ; --                        ; User                 ; no        ;
+--------------------+-------+----------+--------------+--------------+--------------+-----------------------+--------------------+--------+----------------+---------------+-----------------+----------+--------------+--------------+---------------------------+----------------------+-----------+


+----------------------------------------------------------------------------------------------------------------------------------------------------------------------------------------------------------------------------------------------------------------------------------------------------------------------------------------------------------------------------------------------------------------------------------------------------+
; Output Pins                                                                                                                                                                                                                                                                                                                                                                                                                                        ;
+-------------------------+-------+----------+--------------+--------------+--------------+-----------------+------------------------+---------------+-----------+-----------------+------------+---------------+----------+--------------+--------------+------------------+-------------+---------------------------+----------------------------+-----------------------------+----------------------+----------------------+---------------------+
; Name                    ; Pin # ; I/O Bank ; X coordinate ; Y coordinate ; Z coordinate ; Output Register ; Output Enable Register ; Power Up High ; Slew Rate ; PCI I/O Enabled ; Open Drain ; TRI Primitive ; Bus Hold ; Weak Pull Up ; I/O Standard ; Current Strength ; Termination ; Termination Control Block ; Output Buffer Pre-emphasis ; Voltage Output Differential ; Location assigned by ; Output Enable Source ; Output Enable Group ;
+-------------------------+-------+----------+--------------+--------------+--------------+-----------------+------------------------+---------------+-----------+-----------------+------------+---------------+----------+--------------+--------------+------------------+-------------+---------------------------+----------------------------+-----------------------------+----------------------+----------------------+---------------------+
; LED_GREEN_O[0]          ; E21   ; 7        ; 107          ; 73           ; 7            ; no              ; no                     ; no            ; 2         ; no              ; no         ; no            ; no       ; Off          ; 2.5 V        ; 8mA              ; Off         ; --                        ; no                         ; no                          ; User                 ; -                    ; -                   ;
; LED_GREEN_O[1]          ; E22   ; 7        ; 111          ; 73           ; 7            ; no              ; no                     ; no            ; 2         ; no              ; no         ; no            ; no       ; Off          ; 2.5 V        ; 8mA              ; Off         ; --                        ; no                         ; no                          ; User                 ; -                    ; -                   ;
; LED_GREEN_O[2]          ; E25   ; 7        ; 83           ; 73           ; 0            ; no              ; no                     ; no            ; 2         ; no              ; no         ; no            ; no       ; Off          ; 2.5 V        ; 8mA              ; Off         ; --                        ; no                         ; no                          ; User                 ; -                    ; -                   ;
; LED_GREEN_O[3]          ; E24   ; 7        ; 85           ; 73           ; 21           ; no              ; no                     ; no            ; 2         ; no              ; no         ; no            ; no       ; Off          ; 2.5 V        ; 8mA              ; Off         ; --                        ; no                         ; no                          ; User                 ; -                    ; -                   ;
; LED_GREEN_O[4]          ; H21   ; 7        ; 72           ; 73           ; 14           ; no              ; no                     ; no            ; 2         ; no              ; no         ; no            ; no       ; Off          ; 2.5 V        ; 8mA              ; Off         ; --                        ; no                         ; no                          ; User                 ; -                    ; -                   ;
; LED_GREEN_O[5]          ; G20   ; 7        ; 74           ; 73           ; 14           ; no              ; no                     ; no            ; 2         ; no              ; no         ; no            ; no       ; Off          ; 2.5 V        ; 8mA              ; Off         ; --                        ; no                         ; no                          ; User                 ; -                    ; -                   ;
; LED_GREEN_O[6]          ; G22   ; 7        ; 72           ; 73           ; 21           ; no              ; no                     ; no            ; 2         ; no              ; no         ; no            ; no       ; Off          ; 2.5 V        ; 8mA              ; Off         ; --                        ; no                         ; no                          ; User                 ; -                    ; -                   ;
; LED_GREEN_O[7]          ; G21   ; 7        ; 74           ; 73           ; 21           ; no              ; no                     ; no            ; 2         ; no              ; no         ; no            ; no       ; Off          ; 2.5 V        ; 8mA              ; Off         ; --                        ; no                         ; no                          ; User                 ; -                    ; -                   ;
; LED_GREEN_O[8]          ; F17   ; 7        ; 67           ; 73           ; 14           ; no              ; no                     ; no            ; 2         ; no              ; no         ; no            ; no       ; Off          ; 2.5 V        ; 8mA              ; Off         ; --                        ; no                         ; no                          ; User                 ; -                    ; -                   ;
; SEVEN_SEGMENT_N_O[0][0] ; G18   ; 7        ; 69           ; 73           ; 21           ; no              ; no                     ; no            ; 2         ; no              ; no         ; no            ; no       ; Off          ; 2.5 V        ; 8mA              ; Off         ; --                        ; no                         ; no                          ; User                 ; -                    ; -                   ;
; SEVEN_SEGMENT_N_O[0][1] ; F22   ; 7        ; 107          ; 73           ; 21           ; no              ; no                     ; no            ; 2         ; no              ; no         ; no            ; no       ; Off          ; 2.5 V        ; 8mA              ; Off         ; --                        ; no                         ; no                          ; User                 ; -                    ; -                   ;
; SEVEN_SEGMENT_N_O[0][2] ; E17   ; 7        ; 67           ; 73           ; 21           ; no              ; no                     ; no            ; 2         ; no              ; no         ; no            ; no       ; Off          ; 2.5 V        ; 8mA              ; Off         ; --                        ; no                         ; no                          ; User                 ; -                    ; -                   ;
; SEVEN_SEGMENT_N_O[0][3] ; L26   ; 6        ; 115          ; 50           ; 0            ; no              ; no                     ; no            ; 2         ; no              ; no         ; no            ; no       ; Off          ; 2.5 V        ; 8mA              ; Off         ; --                        ; no                         ; no                          ; User                 ; -                    ; -                   ;
; SEVEN_SEGMENT_N_O[0][4] ; L25   ; 6        ; 115          ; 54           ; 14           ; no              ; no                     ; no            ; 2         ; no              ; no         ; no            ; no       ; Off          ; 2.5 V        ; 8mA              ; Off         ; --                        ; no                         ; no                          ; User                 ; -                    ; -                   ;
; SEVEN_SEGMENT_N_O[0][5] ; J22   ; 6        ; 115          ; 67           ; 14           ; no              ; no                     ; no            ; 2         ; no              ; no         ; no            ; no       ; Off          ; 2.5 V        ; 8mA              ; Off         ; --                        ; no                         ; no                          ; User                 ; -                    ; -                   ;
; SEVEN_SEGMENT_N_O[0][6] ; H22   ; 6        ; 115          ; 69           ; 0            ; no              ; no                     ; no            ; 2         ; no              ; no         ; no            ; no       ; Off          ; 2.5 V        ; 8mA              ; Off         ; --                        ; no                         ; no                          ; User                 ; -                    ; -                   ;
; SEVEN_SEGMENT_N_O[1][0] ; M24   ; 6        ; 115          ; 41           ; 0            ; no              ; no                     ; no            ; 2         ; no              ; no         ; no            ; no       ; Off          ; 2.5 V        ; 8mA              ; Off         ; --                        ; no                         ; no                          ; User                 ; -                    ; -                   ;
; SEVEN_SEGMENT_N_O[1][1] ; Y22   ; 5        ; 115          ; 30           ; 7            ; no              ; no                     ; no            ; 2         ; no              ; no         ; no            ; no       ; Off          ; 2.5 V        ; 8mA              ; Off         ; --                        ; no                         ; no                          ; User                 ; -                    ; -                   ;
; SEVEN_SEGMENT_N_O[1][2] ; W21   ; 5        ; 115          ; 25           ; 21           ; no              ; no                     ; no            ; 2         ; no              ; no         ; no            ; no       ; Off          ; 2.5 V        ; 8mA              ; Off         ; --                        ; no                         ; no                          ; User                 ; -                    ; -                   ;
; SEVEN_SEGMENT_N_O[1][3] ; W22   ; 5        ; 115          ; 30           ; 0            ; no              ; no                     ; no            ; 2         ; no              ; no         ; no            ; no       ; Off          ; 2.5 V        ; 8mA              ; Off         ; --                        ; no                         ; no                          ; User                 ; -                    ; -                   ;
; SEVEN_SEGMENT_N_O[1][4] ; W25   ; 5        ; 115          ; 20           ; 7            ; no              ; no                     ; no            ; 2         ; no              ; no         ; no            ; no       ; Off          ; 2.5 V        ; 8mA              ; Off         ; --                        ; no                         ; no                          ; User                 ; -                    ; -                   ;
; SEVEN_SEGMENT_N_O[1][5] ; U23   ; 5        ; 115          ; 22           ; 0            ; no              ; no                     ; no            ; 2         ; no              ; no         ; no            ; no       ; Off          ; 2.5 V        ; 8mA              ; Off         ; --                        ; no                         ; no                          ; User                 ; -                    ; -                   ;
; SEVEN_SEGMENT_N_O[1][6] ; U24   ; 5        ; 115          ; 28           ; 7            ; no              ; no                     ; no            ; 2         ; no              ; no         ; no            ; no       ; Off          ; 2.5 V        ; 8mA              ; Off         ; --                        ; no                         ; no                          ; User                 ; -                    ; -                   ;
; SEVEN_SEGMENT_N_O[2][0] ; AA25  ; 5        ; 115          ; 17           ; 7            ; no              ; no                     ; no            ; 2         ; no              ; no         ; no            ; no       ; Off          ; 2.5 V        ; 8mA              ; Off         ; --                        ; no                         ; no                          ; User                 ; -                    ; -                   ;
; SEVEN_SEGMENT_N_O[2][1] ; AA26  ; 5        ; 115          ; 16           ; 0            ; no              ; no                     ; no            ; 2         ; no              ; no         ; no            ; no       ; Off          ; 2.5 V        ; 8mA              ; Off         ; --                        ; no                         ; no                          ; User                 ; -                    ; -                   ;
; SEVEN_SEGMENT_N_O[2][2] ; Y25   ; 5        ; 115          ; 19           ; 7            ; no              ; no                     ; no            ; 2         ; no              ; no         ; no            ; no       ; Off          ; 2.5 V        ; 8mA              ; Off         ; --                        ; no                         ; no                          ; User                 ; -                    ; -                   ;
; SEVEN_SEGMENT_N_O[2][3] ; W26   ; 5        ; 115          ; 19           ; 0            ; no              ; no                     ; no            ; 2         ; no              ; no         ; no            ; no       ; Off          ; 2.5 V        ; 8mA              ; Off         ; --                        ; no                         ; no                          ; User                 ; -                    ; -                   ;
; SEVEN_SEGMENT_N_O[2][4] ; Y26   ; 5        ; 115          ; 18           ; 0            ; no              ; no                     ; no            ; 2         ; no              ; no         ; no            ; no       ; Off          ; 2.5 V        ; 8mA              ; Off         ; --                        ; no                         ; no                          ; User                 ; -                    ; -                   ;
; SEVEN_SEGMENT_N_O[2][5] ; W27   ; 5        ; 115          ; 20           ; 0            ; no              ; no                     ; no            ; 2         ; no              ; no         ; no            ; no       ; Off          ; 2.5 V        ; 8mA              ; Off         ; --                        ; no                         ; no                          ; User                 ; -                    ; -                   ;
; SEVEN_SEGMENT_N_O[2][6] ; W28   ; 5        ; 115          ; 21           ; 14           ; no              ; no                     ; no            ; 2         ; no              ; no         ; no            ; no       ; Off          ; 2.5 V        ; 8mA              ; Off         ; --                        ; no                         ; no                          ; User                 ; -                    ; -                   ;
; SEVEN_SEGMENT_N_O[3][0] ; V21   ; 5        ; 115          ; 25           ; 14           ; no              ; no                     ; no            ; 2         ; no              ; no         ; no            ; no       ; Off          ; 2.5 V        ; 8mA              ; Off         ; --                        ; no                         ; no                          ; User                 ; -                    ; -                   ;
; SEVEN_SEGMENT_N_O[3][1] ; U21   ; 5        ; 115          ; 29           ; 0            ; no              ; no                     ; no            ; 2         ; no              ; no         ; no            ; no       ; Off          ; 2.5 V        ; 8mA              ; Off         ; --                        ; no                         ; no                          ; User                 ; -                    ; -                   ;
; SEVEN_SEGMENT_N_O[3][2] ; AB20  ; 4        ; 100          ; 0            ; 0            ; no              ; no                     ; no            ; 2         ; no              ; no         ; no            ; no       ; Off          ; 3.3-V LVTTL  ; 8mA              ; Off         ; --                        ; no                         ; no                          ; User                 ; -                    ; -                   ;
; SEVEN_SEGMENT_N_O[3][3] ; AA21  ; 4        ; 111          ; 0            ; 0            ; no              ; no                     ; no            ; 2         ; no              ; no         ; no            ; no       ; Off          ; 3.3-V LVTTL  ; 8mA              ; Off         ; --                        ; no                         ; no                          ; User                 ; -                    ; -                   ;
; SEVEN_SEGMENT_N_O[3][4] ; AD24  ; 4        ; 105          ; 0            ; 21           ; no              ; no                     ; no            ; 2         ; no              ; no         ; no            ; no       ; Off          ; 3.3-V LVTTL  ; 8mA              ; Off         ; --                        ; no                         ; no                          ; User                 ; -                    ; -                   ;
; SEVEN_SEGMENT_N_O[3][5] ; AF23  ; 4        ; 105          ; 0            ; 7            ; no              ; no                     ; no            ; 2         ; no              ; no         ; no            ; no       ; Off          ; 3.3-V LVTTL  ; 8mA              ; Off         ; --                        ; no                         ; no                          ; User                 ; -                    ; -                   ;
; SEVEN_SEGMENT_N_O[3][6] ; Y19   ; 4        ; 105          ; 0            ; 0            ; no              ; no                     ; no            ; 2         ; no              ; no         ; no            ; no       ; Off          ; 3.3-V LVTTL  ; 8mA              ; Off         ; --                        ; no                         ; no                          ; User                 ; -                    ; -                   ;
; SEVEN_SEGMENT_N_O[4][0] ; AB19  ; 4        ; 98           ; 0            ; 21           ; no              ; no                     ; no            ; 2         ; no              ; no         ; no            ; no       ; Off          ; 3.3-V LVTTL  ; 8mA              ; Off         ; --                        ; no                         ; no                          ; User                 ; -                    ; -                   ;
; SEVEN_SEGMENT_N_O[4][1] ; AA19  ; 4        ; 107          ; 0            ; 7            ; no              ; no                     ; no            ; 2         ; no              ; no         ; no            ; no       ; Off          ; 3.3-V LVTTL  ; 8mA              ; Off         ; --                        ; no                         ; no                          ; User                 ; -                    ; -                   ;
; SEVEN_SEGMENT_N_O[4][2] ; AG21  ; 4        ; 74           ; 0            ; 7            ; no              ; no                     ; no            ; 2         ; no              ; no         ; no            ; no       ; Off          ; 3.3-V LVTTL  ; 8mA              ; Off         ; --                        ; no                         ; no                          ; User                 ; -                    ; -                   ;
; SEVEN_SEGMENT_N_O[4][3] ; AH21  ; 4        ; 74           ; 0            ; 0            ; no              ; no                     ; no            ; 2         ; no              ; no         ; no            ; no       ; Off          ; 3.3-V LVTTL  ; 8mA              ; Off         ; --                        ; no                         ; no                          ; User                 ; -                    ; -                   ;
; SEVEN_SEGMENT_N_O[4][4] ; AE19  ; 4        ; 83           ; 0            ; 21           ; no              ; no                     ; no            ; 2         ; no              ; no         ; no            ; no       ; Off          ; 3.3-V LVTTL  ; 8mA              ; Off         ; --                        ; no                         ; no                          ; User                 ; -                    ; -                   ;
; SEVEN_SEGMENT_N_O[4][5] ; AF19  ; 4        ; 83           ; 0            ; 14           ; no              ; no                     ; no            ; 2         ; no              ; no         ; no            ; no       ; Off          ; 3.3-V LVTTL  ; 8mA              ; Off         ; --                        ; no                         ; no                          ; User                 ; -                    ; -                   ;
; SEVEN_SEGMENT_N_O[4][6] ; AE18  ; 4        ; 79           ; 0            ; 21           ; no              ; no                     ; no            ; 2         ; no              ; no         ; no            ; no       ; Off          ; 3.3-V LVTTL  ; 8mA              ; Off         ; --                        ; no                         ; no                          ; User                 ; -                    ; -                   ;
; SEVEN_SEGMENT_N_O[5][0] ; AD18  ; 4        ; 85           ; 0            ; 7            ; no              ; no                     ; no            ; 2         ; no              ; no         ; no            ; no       ; Off          ; 3.3-V LVTTL  ; 8mA              ; Off         ; --                        ; no                         ; no                          ; User                 ; -                    ; -                   ;
; SEVEN_SEGMENT_N_O[5][1] ; AC18  ; 4        ; 87           ; 0            ; 14           ; no              ; no                     ; no            ; 2         ; no              ; no         ; no            ; no       ; Off          ; 3.3-V LVTTL  ; 8mA              ; Off         ; --                        ; no                         ; no                          ; User                 ; -                    ; -                   ;
; SEVEN_SEGMENT_N_O[5][2] ; AB18  ; 4        ; 98           ; 0            ; 14           ; no              ; no                     ; no            ; 2         ; no              ; no         ; no            ; no       ; Off          ; 3.3-V LVTTL  ; 8mA              ; Off         ; --                        ; no                         ; no                          ; User                 ; -                    ; -                   ;
; SEVEN_SEGMENT_N_O[5][3] ; AH19  ; 4        ; 72           ; 0            ; 0            ; no              ; no                     ; no            ; 2         ; no              ; no         ; no            ; no       ; Off          ; 3.3-V LVTTL  ; 8mA              ; Off         ; --                        ; no                         ; no                          ; User                 ; -                    ; -                   ;
; SEVEN_SEGMENT_N_O[5][4] ; AG19  ; 4        ; 72           ; 0            ; 7            ; no              ; no                     ; no            ; 2         ; no              ; no         ; no            ; no       ; Off          ; 3.3-V LVTTL  ; 8mA              ; Off         ; --                        ; no                         ; no                          ; User                 ; -                    ; -                   ;
; SEVEN_SEGMENT_N_O[5][5] ; AF18  ; 4        ; 79           ; 0            ; 14           ; no              ; no                     ; no            ; 2         ; no              ; no         ; no            ; no       ; Off          ; 3.3-V LVTTL  ; 8mA              ; Off         ; --                        ; no                         ; no                          ; User                 ; -                    ; -                   ;
; SEVEN_SEGMENT_N_O[5][6] ; AH18  ; 4        ; 69           ; 0            ; 0            ; no              ; no                     ; no            ; 2         ; no              ; no         ; no            ; no       ; Off          ; 3.3-V LVTTL  ; 8mA              ; Off         ; --                        ; no                         ; no                          ; User                 ; -                    ; -                   ;
; SEVEN_SEGMENT_N_O[6][0] ; AA17  ; 4        ; 89           ; 0            ; 21           ; no              ; no                     ; no            ; 2         ; no              ; no         ; no            ; no       ; Off          ; 3.3-V LVTTL  ; 8mA              ; Off         ; --                        ; no                         ; no                          ; User                 ; -                    ; -                   ;
; SEVEN_SEGMENT_N_O[6][1] ; AB16  ; 4        ; 65           ; 0            ; 0            ; no              ; no                     ; no            ; 2         ; no              ; no         ; no            ; no       ; Off          ; 3.3-V LVTTL  ; 8mA              ; Off         ; --                        ; no                         ; no                          ; User                 ; -                    ; -                   ;
; SEVEN_SEGMENT_N_O[6][2] ; AA16  ; 4        ; 65           ; 0            ; 7            ; no              ; no                     ; no            ; 2         ; no              ; no         ; no            ; no       ; Off          ; 3.3-V LVTTL  ; 8mA              ; Off         ; --                        ; no                         ; no                          ; User                 ; -                    ; -                   ;
; SEVEN_SEGMENT_N_O[6][3] ; AB17  ; 4        ; 89           ; 0            ; 14           ; no              ; no                     ; no            ; 2         ; no              ; no         ; no            ; no       ; Off          ; 3.3-V LVTTL  ; 8mA              ; Off         ; --                        ; no                         ; no                          ; User                 ; -                    ; -                   ;
; SEVEN_SEGMENT_N_O[6][4] ; AB15  ; 4        ; 67           ; 0            ; 14           ; no              ; no                     ; no            ; 2         ; no              ; no         ; no            ; no       ; Off          ; 3.3-V LVTTL  ; 8mA              ; Off         ; --                        ; no                         ; no                          ; User                 ; -                    ; -                   ;
; SEVEN_SEGMENT_N_O[6][5] ; AA15  ; 4        ; 67           ; 0            ; 21           ; no              ; no                     ; no            ; 2         ; no              ; no         ; no            ; no       ; Off          ; 3.3-V LVTTL  ; 8mA              ; Off         ; --                        ; no                         ; no                          ; User                 ; -                    ; -                   ;
; SEVEN_SEGMENT_N_O[6][6] ; AC17  ; 4        ; 74           ; 0            ; 21           ; no              ; no                     ; no            ; 2         ; no              ; no         ; no            ; no       ; Off          ; 3.3-V LVTTL  ; 8mA              ; Off         ; --                        ; no                         ; no                          ; User                 ; -                    ; -                   ;
; SEVEN_SEGMENT_N_O[7][0] ; AD17  ; 4        ; 74           ; 0            ; 14           ; no              ; no                     ; no            ; 2         ; no              ; no         ; no            ; no       ; Off          ; 3.3-V LVTTL  ; 8mA              ; Off         ; --                        ; no                         ; no                          ; User                 ; -                    ; -                   ;
; SEVEN_SEGMENT_N_O[7][1] ; AE17  ; 4        ; 67           ; 0            ; 7            ; no              ; no                     ; no            ; 2         ; no              ; no         ; no            ; no       ; Off          ; 3.3-V LVTTL  ; 8mA              ; Off         ; --                        ; no                         ; no                          ; User                 ; -                    ; -                   ;
; SEVEN_SEGMENT_N_O[7][2] ; AG17  ; 4        ; 62           ; 0            ; 21           ; no              ; no                     ; no            ; 2         ; no              ; no         ; no            ; no       ; Off          ; 3.3-V LVTTL  ; 8mA              ; Off         ; --                        ; no                         ; no                          ; User                 ; -                    ; -                   ;
; SEVEN_SEGMENT_N_O[7][3] ; AH17  ; 4        ; 62           ; 0            ; 14           ; no              ; no                     ; no            ; 2         ; no              ; no         ; no            ; no       ; Off          ; 3.3-V LVTTL  ; 8mA              ; Off         ; --                        ; no                         ; no                          ; User                 ; -                    ; -                   ;
; SEVEN_SEGMENT_N_O[7][4] ; AF17  ; 4        ; 67           ; 0            ; 0            ; no              ; no                     ; no            ; 2         ; no              ; no         ; no            ; no       ; Off          ; 3.3-V LVTTL  ; 8mA              ; Off         ; --                        ; no                         ; no                          ; User                 ; -                    ; -                   ;
; SEVEN_SEGMENT_N_O[7][5] ; AG18  ; 4        ; 69           ; 0            ; 7            ; no              ; no                     ; no            ; 2         ; no              ; no         ; no            ; no       ; Off          ; 3.3-V LVTTL  ; 8mA              ; Off         ; --                        ; no                         ; no                          ; User                 ; -                    ; -                   ;
; SEVEN_SEGMENT_N_O[7][6] ; AA14  ; 3        ; 54           ; 0            ; 21           ; no              ; no                     ; no            ; 2         ; no              ; no         ; no            ; no       ; Off          ; 3.3-V LVTTL  ; 8mA              ; Off         ; --                        ; no                         ; no                          ; User                 ; -                    ; -                   ;
; SRAM_ADDRESS_O[0]       ; AB7   ; 3        ; 16           ; 0            ; 0            ; no              ; no                     ; no            ; 2         ; no              ; no         ; no            ; no       ; Off          ; 3.3-V LVTTL  ; 8mA              ; Off         ; --                        ; no                         ; no                          ; User                 ; -                    ; -                   ;
; SRAM_ADDRESS_O[10]      ; AF2   ; 2        ; 0            ; 6            ; 0            ; no              ; no                     ; no            ; 2         ; no              ; no         ; no            ; no       ; Off          ; 3.3-V LVTTL  ; 8mA              ; Off         ; --                        ; no                         ; no                          ; User                 ; -                    ; -                   ;
; SRAM_ADDRESS_O[11]      ; AD3   ; 2        ; 0            ; 22           ; 14           ; no              ; no                     ; no            ; 2         ; no              ; no         ; no            ; no       ; Off          ; 3.3-V LVTTL  ; 8mA              ; Off         ; --                        ; no                         ; no                          ; User                 ; -                    ; -                   ;
; SRAM_ADDRESS_O[12]      ; AB4   ; 2        ; 0            ; 8            ; 21           ; no              ; no                     ; no            ; 2         ; no              ; no         ; no            ; no       ; Off          ; 3.3-V LVTTL  ; 8mA              ; Off         ; --                        ; no                         ; no                          ; User                 ; -                    ; -                   ;
; SRAM_ADDRESS_O[13]      ; AC3   ; 2        ; 0            ; 23           ; 21           ; no              ; no                     ; no            ; 2         ; no              ; no         ; no            ; no       ; Off          ; 3.3-V LVTTL  ; 8mA              ; Off         ; --                        ; no                         ; no                          ; User                 ; -                    ; -                   ;
; SRAM_ADDRESS_O[14]      ; AA4   ; 2        ; 0            ; 19           ; 0            ; no              ; no                     ; no            ; 2         ; no              ; no         ; no            ; no       ; Off          ; 3.3-V LVTTL  ; 8mA              ; Off         ; --                        ; no                         ; no                          ; User                 ; -                    ; -                   ;
; SRAM_ADDRESS_O[15]      ; AB11  ; 3        ; 27           ; 0            ; 7            ; no              ; no                     ; no            ; 2         ; no              ; no         ; no            ; no       ; Off          ; 3.3-V LVTTL  ; 8mA              ; Off         ; --                        ; no                         ; no                          ; User                 ; -                    ; -                   ;
; SRAM_ADDRESS_O[16]      ; AC11  ; 3        ; 49           ; 0            ; 7            ; no              ; no                     ; no            ; 2         ; no              ; no         ; no            ; no       ; Off          ; 3.3-V LVTTL  ; 8mA              ; Off         ; --                        ; no                         ; no                          ; User                 ; -                    ; -                   ;
; SRAM_ADDRESS_O[17]      ; AB9   ; 3        ; 11           ; 0            ; 7            ; no              ; no                     ; no            ; 2         ; no              ; no         ; no            ; no       ; Off          ; 3.3-V LVTTL  ; 8mA              ; Off         ; --                        ; no                         ; no                          ; User                 ; -                    ; -                   ;
; SRAM_ADDRESS_O[18]      ; AB8   ; 3        ; 11           ; 0            ; 0            ; no              ; no                     ; no            ; 2         ; no              ; no         ; no            ; no       ; Off          ; 3.3-V LVTTL  ; 8mA              ; Off         ; --                        ; no                         ; no                          ; User                 ; -                    ; -                   ;
; SRAM_ADDRESS_O[19]      ; T8    ; 2        ; 0            ; 20           ; 14           ; no              ; no                     ; no            ; 2         ; no              ; no         ; no            ; no       ; Off          ; 3.3-V LVTTL  ; 8mA              ; Off         ; --                        ; no                         ; no                          ; User                 ; -                    ; -                   ;
; SRAM_ADDRESS_O[1]       ; AD7   ; 3        ; 3            ; 0            ; 0            ; no              ; no                     ; no            ; 2         ; no              ; no         ; no            ; no       ; Off          ; 3.3-V LVTTL  ; 8mA              ; Off         ; --                        ; no                         ; no                          ; User                 ; -                    ; -                   ;
; SRAM_ADDRESS_O[2]       ; AE7   ; 3        ; 20           ; 0            ; 14           ; no              ; no                     ; no            ; 2         ; no              ; no         ; no            ; no       ; Off          ; 3.3-V LVTTL  ; 8mA              ; Off         ; --                        ; no                         ; no                          ; User                 ; -                    ; -                   ;
; SRAM_ADDRESS_O[3]       ; AC7   ; 3        ; 9            ; 0            ; 0            ; no              ; no                     ; no            ; 2         ; no              ; no         ; no            ; no       ; Off          ; 3.3-V LVTTL  ; 8mA              ; Off         ; --                        ; no                         ; no                          ; User                 ; -                    ; -                   ;
; SRAM_ADDRESS_O[4]       ; AB6   ; 2        ; 0            ; 4            ; 7            ; no              ; no                     ; no            ; 2         ; no              ; no         ; no            ; no       ; Off          ; 3.3-V LVTTL  ; 8mA              ; Off         ; --                        ; no                         ; no                          ; User                 ; -                    ; -                   ;
; SRAM_ADDRESS_O[5]       ; AE6   ; 3        ; 1            ; 0            ; 14           ; no              ; no                     ; no            ; 2         ; no              ; no         ; no            ; no       ; Off          ; 3.3-V LVTTL  ; 8mA              ; Off         ; --                        ; no                         ; no                          ; User                 ; -                    ; -                   ;
; SRAM_ADDRESS_O[6]       ; AB5   ; 2        ; 0            ; 4            ; 21           ; no              ; no                     ; no            ; 2         ; no              ; no         ; no            ; no       ; Off          ; 3.3-V LVTTL  ; 8mA              ; Off         ; --                        ; no                         ; no                          ; User                 ; -                    ; -                   ;
; SRAM_ADDRESS_O[7]       ; AC5   ; 2        ; 0            ; 5            ; 14           ; no              ; no                     ; no            ; 2         ; no              ; no         ; no            ; no       ; Off          ; 3.3-V LVTTL  ; 8mA              ; Off         ; --                        ; no                         ; no                          ; User                 ; -                    ; -                   ;
; SRAM_ADDRESS_O[8]       ; AF5   ; 3        ; 5            ; 0            ; 14           ; no              ; no                     ; no            ; 2         ; no              ; no         ; no            ; no       ; Off          ; 3.3-V LVTTL  ; 8mA              ; Off         ; --                        ; no                         ; no                          ; User                 ; -                    ; -                   ;
; SRAM_ADDRESS_O[9]       ; T7    ; 2        ; 0            ; 31           ; 14           ; no              ; no                     ; no            ; 2         ; no              ; no         ; no            ; no       ; Off          ; 3.3-V LVTTL  ; 8mA              ; Off         ; --                        ; no                         ; no                          ; User                 ; -                    ; -                   ;
; SRAM_CE_N_O             ; AF8   ; 3        ; 23           ; 0            ; 14           ; no              ; no                     ; no            ; 2         ; no              ; no         ; no            ; no       ; Off          ; 3.3-V LVTTL  ; 8mA              ; Off         ; --                        ; no                         ; no                          ; User                 ; -                    ; -                   ;
; SRAM_LB_N_O             ; AD4   ; 3        ; 1            ; 0            ; 7            ; no              ; no                     ; no            ; 2         ; no              ; no         ; no            ; no       ; Off          ; 3.3-V LVTTL  ; 8mA              ; Off         ; --                        ; no                         ; no                          ; User                 ; -                    ; -                   ;
; SRAM_OE_N_O             ; AD5   ; 3        ; 1            ; 0            ; 21           ; no              ; no                     ; no            ; 2         ; no              ; no         ; no            ; no       ; Off          ; 3.3-V LVTTL  ; 8mA              ; Off         ; --                        ; no                         ; no                          ; User                 ; -                    ; -                   ;
; SRAM_UB_N_O             ; AC4   ; 2        ; 0            ; 4            ; 0            ; no              ; no                     ; no            ; 2         ; no              ; no         ; no            ; no       ; Off          ; 3.3-V LVTTL  ; 8mA              ; Off         ; --                        ; no                         ; no                          ; User                 ; -                    ; -                   ;
; SRAM_WE_N_O             ; AE8   ; 3        ; 23           ; 0            ; 21           ; no              ; no                     ; no            ; 2         ; no              ; no         ; no            ; no       ; Off          ; 3.3-V LVTTL  ; 8mA              ; Off         ; --                        ; no                         ; no                          ; User                 ; -                    ; -                   ;
; UART_TX_O               ; G9    ; 8        ; 13           ; 73           ; 21           ; no              ; no                     ; no            ; 2         ; no              ; no         ; no            ; no       ; Off          ; 3.3-V LVTTL  ; 8mA              ; Off         ; --                        ; no                         ; no                          ; User                 ; -                    ; -                   ;
; VGA_BLANK_O             ; F11   ; 8        ; 31           ; 73           ; 7            ; no              ; no                     ; no            ; 2         ; no              ; no         ; no            ; no       ; Off          ; 3.3-V LVTTL  ; 8mA              ; Off         ; --                        ; no                         ; no                          ; User                 ; -                    ; -                   ;
; VGA_BLUE_O[0]           ; B10   ; 8        ; 38           ; 73           ; 7            ; no              ; no                     ; no            ; 2         ; no              ; no         ; no            ; no       ; Off          ; 3.3-V LVTTL  ; 8mA              ; Off         ; --                        ; no                         ; no                          ; User                 ; -                    ; -                   ;
; VGA_BLUE_O[1]           ; A10   ; 8        ; 38           ; 73           ; 0            ; no              ; no                     ; no            ; 2         ; no              ; no         ; no            ; no       ; Off          ; 3.3-V LVTTL  ; 8mA              ; Off         ; --                        ; no                         ; no                          ; User                 ; -                    ; -                   ;
; VGA_BLUE_O[2]           ; C11   ; 8        ; 23           ; 73           ; 0            ; no              ; no                     ; no            ; 2         ; no              ; no         ; no            ; no       ; Off          ; 3.3-V LVTTL  ; 8mA              ; Off         ; --                        ; no                         ; no                          ; User                 ; -                    ; -                   ;
; VGA_BLUE_O[3]           ; B11   ; 8        ; 42           ; 73           ; 7            ; no              ; no                     ; no            ; 2         ; no              ; no         ; no            ; no       ; Off          ; 3.3-V LVTTL  ; 8mA              ; Off         ; --                        ; no                         ; no                          ; User                 ; -                    ; -                   ;
; VGA_BLUE_O[4]           ; A11   ; 8        ; 42           ; 73           ; 0            ; no              ; no                     ; no            ; 2         ; no              ; no         ; no            ; no       ; Off          ; 3.3-V LVTTL  ; 8mA              ; Off         ; --                        ; no                         ; no                          ; User                 ; -                    ; -                   ;
; VGA_BLUE_O[5]           ; C12   ; 8        ; 52           ; 73           ; 14           ; no              ; no                     ; no            ; 2         ; no              ; no         ; no            ; no       ; Off          ; 3.3-V LVTTL  ; 8mA              ; Off         ; --                        ; no                         ; no                          ; User                 ; -                    ; -                   ;
; VGA_BLUE_O[6]           ; D11   ; 8        ; 23           ; 73           ; 7            ; no              ; no                     ; no            ; 2         ; no              ; no         ; no            ; no       ; Off          ; 3.3-V LVTTL  ; 8mA              ; Off         ; --                        ; no                         ; no                          ; User                 ; -                    ; -                   ;
; VGA_BLUE_O[7]           ; D12   ; 8        ; 52           ; 73           ; 21           ; no              ; no                     ; no            ; 2         ; no              ; no         ; no            ; no       ; Off          ; 3.3-V LVTTL  ; 8mA              ; Off         ; --                        ; no                         ; no                          ; User                 ; -                    ; -                   ;
; VGA_CLOCK_O             ; A12   ; 8        ; 47           ; 73           ; 0            ; no              ; no                     ; no            ; 2         ; no              ; no         ; no            ; no       ; Off          ; 3.3-V LVTTL  ; 8mA              ; Off         ; --                        ; no                         ; no                          ; User                 ; -                    ; -                   ;
; VGA_GREEN_O[0]          ; G8    ; 8        ; 11           ; 73           ; 14           ; no              ; no                     ; no            ; 2         ; no              ; no         ; no            ; no       ; Off          ; 3.3-V LVTTL  ; 8mA              ; Off         ; --                        ; no                         ; no                          ; User                 ; -                    ; -                   ;
; VGA_GREEN_O[1]          ; G11   ; 8        ; 25           ; 73           ; 14           ; no              ; no                     ; no            ; 2         ; no              ; no         ; no            ; no       ; Off          ; 3.3-V LVTTL  ; 8mA              ; Off         ; --                        ; no                         ; no                          ; User                 ; -                    ; -                   ;
; VGA_GREEN_O[2]          ; F8    ; 8        ; 11           ; 73           ; 7            ; no              ; no                     ; no            ; 2         ; no              ; no         ; no            ; no       ; Off          ; 3.3-V LVTTL  ; 8mA              ; Off         ; --                        ; no                         ; no                          ; User                 ; -                    ; -                   ;
; VGA_GREEN_O[3]          ; H12   ; 8        ; 25           ; 73           ; 21           ; no              ; no                     ; no            ; 2         ; no              ; no         ; no            ; no       ; Off          ; 3.3-V LVTTL  ; 8mA              ; Off         ; --                        ; no                         ; no                          ; User                 ; -                    ; -                   ;
; VGA_GREEN_O[4]          ; C8    ; 8        ; 16           ; 73           ; 7            ; no              ; no                     ; no            ; 2         ; no              ; no         ; no            ; no       ; Off          ; 3.3-V LVTTL  ; 8mA              ; Off         ; --                        ; no                         ; no                          ; User                 ; -                    ; -                   ;
; VGA_GREEN_O[5]          ; B8    ; 8        ; 16           ; 73           ; 0            ; no              ; no                     ; no            ; 2         ; no              ; no         ; no            ; no       ; Off          ; 3.3-V LVTTL  ; 8mA              ; Off         ; --                        ; no                         ; no                          ; User                 ; -                    ; -                   ;
; VGA_GREEN_O[6]          ; F10   ; 8        ; 20           ; 73           ; 0            ; no              ; no                     ; no            ; 2         ; no              ; no         ; no            ; no       ; Off          ; 3.3-V LVTTL  ; 8mA              ; Off         ; --                        ; no                         ; no                          ; User                 ; -                    ; -                   ;
; VGA_GREEN_O[7]          ; C9    ; 8        ; 23           ; 73           ; 14           ; no              ; no                     ; no            ; 2         ; no              ; no         ; no            ; no       ; Off          ; 3.3-V LVTTL  ; 8mA              ; Off         ; --                        ; no                         ; no                          ; User                 ; -                    ; -                   ;
; VGA_HSYNC_O             ; G13   ; 8        ; 38           ; 73           ; 14           ; no              ; no                     ; no            ; 2         ; no              ; no         ; no            ; no       ; Off          ; 3.3-V LVTTL  ; 8mA              ; Off         ; --                        ; no                         ; no                          ; User                 ; -                    ; -                   ;
; VGA_RED_O[0]            ; E12   ; 8        ; 33           ; 73           ; 0            ; no              ; no                     ; no            ; 2         ; no              ; no         ; no            ; no       ; Off          ; 3.3-V LVTTL  ; 8mA              ; Off         ; --                        ; no                         ; no                          ; User                 ; -                    ; -                   ;
; VGA_RED_O[1]            ; E11   ; 8        ; 31           ; 73           ; 0            ; no              ; no                     ; no            ; 2         ; no              ; no         ; no            ; no       ; Off          ; 3.3-V LVTTL  ; 8mA              ; Off         ; --                        ; no                         ; no                          ; User                 ; -                    ; -                   ;
; VGA_RED_O[2]            ; D10   ; 8        ; 35           ; 73           ; 21           ; no              ; no                     ; no            ; 2         ; no              ; no         ; no            ; no       ; Off          ; 3.3-V LVTTL  ; 8mA              ; Off         ; --                        ; no                         ; no                          ; User                 ; -                    ; -                   ;
; VGA_RED_O[3]            ; F12   ; 8        ; 33           ; 73           ; 7            ; no              ; no                     ; no            ; 2         ; no              ; no         ; no            ; no       ; Off          ; 3.3-V LVTTL  ; 8mA              ; Off         ; --                        ; no                         ; no                          ; User                 ; -                    ; -                   ;
; VGA_RED_O[4]            ; G10   ; 8        ; 20           ; 73           ; 7            ; no              ; no                     ; no            ; 2         ; no              ; no         ; no            ; no       ; Off          ; 3.3-V LVTTL  ; 8mA              ; Off         ; --                        ; no                         ; no                          ; User                 ; -                    ; -                   ;
; VGA_RED_O[5]            ; J12   ; 8        ; 40           ; 73           ; 7            ; no              ; no                     ; no            ; 2         ; no              ; no         ; no            ; no       ; Off          ; 3.3-V LVTTL  ; 8mA              ; Off         ; --                        ; no                         ; no                          ; User                 ; -                    ; -                   ;
; VGA_RED_O[6]            ; H8    ; 8        ; 11           ; 73           ; 21           ; no              ; no                     ; no            ; 2         ; no              ; no         ; no            ; no       ; Off          ; 3.3-V LVTTL  ; 8mA              ; Off         ; --                        ; no                         ; no                          ; User                 ; -                    ; -                   ;
; VGA_RED_O[7]            ; H10   ; 8        ; 20           ; 73           ; 14           ; no              ; no                     ; no            ; 2         ; no              ; no         ; no            ; no       ; Off          ; 3.3-V LVTTL  ; 8mA              ; Off         ; --                        ; no                         ; no                          ; User                 ; -                    ; -                   ;
; VGA_SYNC_O              ; C10   ; 8        ; 35           ; 73           ; 14           ; no              ; no                     ; no            ; 2         ; no              ; no         ; no            ; no       ; Off          ; 3.3-V LVTTL  ; 8mA              ; Off         ; --                        ; no                         ; no                          ; User                 ; -                    ; -                   ;
; VGA_VSYNC_O             ; C13   ; 8        ; 54           ; 73           ; 0            ; no              ; no                     ; no            ; 2         ; no              ; no         ; no            ; no       ; Off          ; 3.3-V LVTTL  ; 8mA              ; Off         ; --                        ; no                         ; no                          ; User                 ; -                    ; -                   ;
+-------------------------+-------+----------+--------------+--------------+--------------+-----------------+------------------------+---------------+-----------+-----------------+------------+---------------+----------+--------------+--------------+------------------+-------------+---------------------------+----------------------------+-----------------------------+----------------------+----------------------+---------------------+


+----------------------------------------------------------------------------------------------------------------------------------------------------------------------------------------------------------------------------------------------------------------------------------------------------------------------------------------------------------------------------------------------------------------------------------------------------------------------------------------------------------+
; Bidir Pins                                                                                                                                                                                                                                                                                                                                                                                                                                                                                               ;
+------------------+-------+----------+--------------+--------------+--------------+-----------------------+--------------------+--------+----------------+-----------------+------------------------+---------------+-----------+-----------------+------------+----------+--------------+--------------+------------------+--------------------+---------------------------+----------------------------+----------------------+----------------------+--------------------------------------------------+
; Name             ; Pin # ; I/O Bank ; X coordinate ; Y coordinate ; Z coordinate ; Combinational Fan-Out ; Registered Fan-Out ; Global ; Input Register ; Output Register ; Output Enable Register ; Power Up High ; Slew Rate ; PCI I/O Enabled ; Open Drain ; Bus Hold ; Weak Pull Up ; I/O Standard ; Current Strength ; Output Termination ; Termination Control Block ; Output Buffer Pre-emphasis ; Location assigned by ; Output Enable Source ; Output Enable Group                              ;
+------------------+-------+----------+--------------+--------------+--------------+-----------------------+--------------------+--------+----------------+-----------------+------------------------+---------------+-----------+-----------------+------------+----------+--------------+--------------+------------------+--------------------+---------------------------+----------------------------+----------------------+----------------------+--------------------------------------------------+
; SRAM_DATA_IO[0]  ; AH3   ; 3        ; 5            ; 0            ; 7            ; 1                     ; 0                  ; no     ; no             ; no              ; no                     ; no            ; 2         ; yes             ; no         ; no       ; Off          ; 3.3-V LVTTL  ; 8mA              ; Off                ; --                        ; no                         ; User                 ; 0 pF                 ; SRAM_controller:SRAM_unit|SRAM_WE_N_O (inverted) ;
; SRAM_DATA_IO[10] ; AE2   ; 2        ; 0            ; 17           ; 14           ; 1                     ; 0                  ; no     ; no             ; no              ; no                     ; no            ; 2         ; yes             ; no         ; no       ; Off          ; 3.3-V LVTTL  ; 8mA              ; Off                ; --                        ; no                         ; User                 ; 0 pF                 ; SRAM_controller:SRAM_unit|SRAM_WE_N_O (inverted) ;
; SRAM_DATA_IO[11] ; AE1   ; 2        ; 0            ; 16           ; 14           ; 1                     ; 0                  ; no     ; no             ; no              ; no                     ; no            ; 2         ; yes             ; no         ; no       ; Off          ; 3.3-V LVTTL  ; 8mA              ; Off                ; --                        ; no                         ; User                 ; 0 pF                 ; SRAM_controller:SRAM_unit|SRAM_WE_N_O (inverted) ;
; SRAM_DATA_IO[12] ; AE3   ; 2        ; 0            ; 7            ; 7            ; 1                     ; 0                  ; no     ; no             ; no              ; no                     ; no            ; 2         ; yes             ; no         ; no       ; Off          ; 3.3-V LVTTL  ; 8mA              ; Off                ; --                        ; no                         ; User                 ; 0 pF                 ; SRAM_controller:SRAM_unit|SRAM_WE_N_O (inverted) ;
; SRAM_DATA_IO[13] ; AE4   ; 3        ; 3            ; 0            ; 21           ; 1                     ; 0                  ; no     ; no             ; no              ; no                     ; no            ; 2         ; yes             ; no         ; no       ; Off          ; 3.3-V LVTTL  ; 8mA              ; Off                ; --                        ; no                         ; User                 ; 0 pF                 ; SRAM_controller:SRAM_unit|SRAM_WE_N_O (inverted) ;
; SRAM_DATA_IO[14] ; AF3   ; 3        ; 7            ; 0            ; 21           ; 1                     ; 0                  ; no     ; no             ; no              ; no                     ; no            ; 2         ; yes             ; no         ; no       ; Off          ; 3.3-V LVTTL  ; 8mA              ; Off                ; --                        ; no                         ; User                 ; 0 pF                 ; SRAM_controller:SRAM_unit|SRAM_WE_N_O (inverted) ;
; SRAM_DATA_IO[15] ; AG3   ; 3        ; 3            ; 0            ; 14           ; 1                     ; 0                  ; no     ; no             ; no              ; no                     ; no            ; 2         ; yes             ; no         ; no       ; Off          ; 3.3-V LVTTL  ; 8mA              ; Off                ; --                        ; no                         ; User                 ; 0 pF                 ; SRAM_controller:SRAM_unit|SRAM_WE_N_O (inverted) ;
; SRAM_DATA_IO[1]  ; AF4   ; 3        ; 1            ; 0            ; 0            ; 1                     ; 0                  ; no     ; no             ; no              ; no                     ; no            ; 2         ; yes             ; no         ; no       ; Off          ; 3.3-V LVTTL  ; 8mA              ; Off                ; --                        ; no                         ; User                 ; 0 pF                 ; SRAM_controller:SRAM_unit|SRAM_WE_N_O (inverted) ;
; SRAM_DATA_IO[2]  ; AG4   ; 3        ; 9            ; 0            ; 21           ; 1                     ; 0                  ; no     ; no             ; no              ; no                     ; no            ; 2         ; yes             ; no         ; no       ; Off          ; 3.3-V LVTTL  ; 8mA              ; Off                ; --                        ; no                         ; User                 ; 0 pF                 ; SRAM_controller:SRAM_unit|SRAM_WE_N_O (inverted) ;
; SRAM_DATA_IO[3]  ; AH4   ; 3        ; 9            ; 0            ; 14           ; 1                     ; 0                  ; no     ; no             ; no              ; no                     ; no            ; 2         ; yes             ; no         ; no       ; Off          ; 3.3-V LVTTL  ; 8mA              ; Off                ; --                        ; no                         ; User                 ; 0 pF                 ; SRAM_controller:SRAM_unit|SRAM_WE_N_O (inverted) ;
; SRAM_DATA_IO[4]  ; AF6   ; 3        ; 7            ; 0            ; 14           ; 1                     ; 0                  ; no     ; no             ; no              ; no                     ; no            ; 2         ; yes             ; no         ; no       ; Off          ; 3.3-V LVTTL  ; 8mA              ; Off                ; --                        ; no                         ; User                 ; 0 pF                 ; SRAM_controller:SRAM_unit|SRAM_WE_N_O (inverted) ;
; SRAM_DATA_IO[5]  ; AG6   ; 3        ; 11           ; 0            ; 21           ; 1                     ; 0                  ; no     ; no             ; no              ; no                     ; no            ; 2         ; yes             ; no         ; no       ; Off          ; 3.3-V LVTTL  ; 8mA              ; Off                ; --                        ; no                         ; User                 ; 0 pF                 ; SRAM_controller:SRAM_unit|SRAM_WE_N_O (inverted) ;
; SRAM_DATA_IO[6]  ; AH6   ; 3        ; 11           ; 0            ; 14           ; 1                     ; 0                  ; no     ; no             ; no              ; no                     ; no            ; 2         ; yes             ; no         ; no       ; Off          ; 3.3-V LVTTL  ; 8mA              ; Off                ; --                        ; no                         ; User                 ; 0 pF                 ; SRAM_controller:SRAM_unit|SRAM_WE_N_O (inverted) ;
; SRAM_DATA_IO[7]  ; AF7   ; 3        ; 20           ; 0            ; 7            ; 1                     ; 0                  ; no     ; no             ; no              ; no                     ; no            ; 2         ; yes             ; no         ; no       ; Off          ; 3.3-V LVTTL  ; 8mA              ; Off                ; --                        ; no                         ; User                 ; 0 pF                 ; SRAM_controller:SRAM_unit|SRAM_WE_N_O (inverted) ;
; SRAM_DATA_IO[8]  ; AD1   ; 2        ; 0            ; 21           ; 14           ; 1                     ; 0                  ; no     ; no             ; no              ; no                     ; no            ; 2         ; yes             ; no         ; no       ; Off          ; 3.3-V LVTTL  ; 8mA              ; Off                ; --                        ; no                         ; User                 ; 0 pF                 ; SRAM_controller:SRAM_unit|SRAM_WE_N_O (inverted) ;
; SRAM_DATA_IO[9]  ; AD2   ; 2        ; 0            ; 22           ; 21           ; 1                     ; 0                  ; no     ; no             ; no              ; no                     ; no            ; 2         ; yes             ; no         ; no       ; Off          ; 3.3-V LVTTL  ; 8mA              ; Off                ; --                        ; no                         ; User                 ; 0 pF                 ; SRAM_controller:SRAM_unit|SRAM_WE_N_O (inverted) ;
+------------------+-------+----------+--------------+--------------+--------------+-----------------------+--------------------+--------+----------------+-----------------+------------------------+---------------+-----------+-----------------+------------+----------+--------------+--------------+------------------+--------------------+---------------------------+----------------------------+----------------------+----------------------+--------------------------------------------------+


+--------------------------------------------------------------------------------------------------------------------------------------+
; Dual Purpose and Dedicated Pins                                                                                                      ;
+----------+------------------------------------------+--------------------------+-------------------------+---------------------------+
; Location ; Pin Name                                 ; Reserved As              ; User Signal Name        ; Pin Type                  ;
+----------+------------------------------------------+--------------------------+-------------------------+---------------------------+
; F4       ; DIFFIO_L5n, DATA1, ASDO                  ; As input tri-stated      ; ~ALTERA_ASDO_DATA1~     ; Dual Purpose Pin          ;
; E2       ; DIFFIO_L8p, FLASH_nCE, nCSO              ; As input tri-stated      ; ~ALTERA_FLASH_nCE_nCSO~ ; Dual Purpose Pin          ;
; M6       ; nSTATUS                                  ; -                        ; -                       ; Dedicated Programming Pin ;
; P3       ; DCLK                                     ; As output driving ground ; ~ALTERA_DCLK~           ; Dual Purpose Pin          ;
; N7       ; DATA0                                    ; As input tri-stated      ; ~ALTERA_DATA0~          ; Dual Purpose Pin          ;
; P4       ; nCONFIG                                  ; -                        ; -                       ; Dedicated Programming Pin ;
; R8       ; nCE                                      ; -                        ; -                       ; Dedicated Programming Pin ;
; P24      ; CONF_DONE                                ; -                        ; -                       ; Dedicated Programming Pin ;
; N22      ; MSEL0                                    ; -                        ; -                       ; Dedicated Programming Pin ;
; P23      ; MSEL1                                    ; -                        ; -                       ; Dedicated Programming Pin ;
; M22      ; MSEL2                                    ; -                        ; -                       ; Dedicated Programming Pin ;
; P22      ; MSEL3                                    ; -                        ; -                       ; Dedicated Programming Pin ;
; P28      ; DIFFIO_R23n, nCEO                        ; Use as programming pin   ; ~ALTERA_nCEO~           ; Dual Purpose Pin          ;
; C12      ; DIFFIO_T29n, PADD16                      ; Use as regular IO        ; VGA_BLUE_O[5]           ; Dual Purpose Pin          ;
; D12      ; DIFFIO_T29p, PADD17, DQS5T/CQ5T#,DPCLK10 ; Use as regular IO        ; VGA_BLUE_O[7]           ; Dual Purpose Pin          ;
; A11      ; DIFFIO_T25n, DATA2                       ; Use as regular IO        ; VGA_BLUE_O[4]           ; Dual Purpose Pin          ;
; B11      ; DIFFIO_T25p, DATA3                       ; Use as regular IO        ; VGA_BLUE_O[3]           ; Dual Purpose Pin          ;
; A10      ; DIFFIO_T23n, PADD18                      ; Use as regular IO        ; VGA_BLUE_O[1]           ; Dual Purpose Pin          ;
; B10      ; DIFFIO_T23p, DATA4                       ; Use as regular IO        ; VGA_BLUE_O[0]           ; Dual Purpose Pin          ;
; G13      ; DIFFIO_T22n, PADD19                      ; Use as regular IO        ; VGA_HSYNC_O             ; Dual Purpose Pin          ;
; E12      ; DIFFIO_T20n, DATA14, DQS3T/CQ3T#,DPCLK11 ; Use as regular IO        ; VGA_RED_O[0]            ; Dual Purpose Pin          ;
; F12      ; DIFFIO_T20p, DATA13                      ; Use as regular IO        ; VGA_RED_O[3]            ; Dual Purpose Pin          ;
; C11      ; DIFFIO_T15n, DATA7                       ; Use as regular IO        ; VGA_BLUE_O[2]           ; Dual Purpose Pin          ;
+----------+------------------------------------------+--------------------------+-------------------------+---------------------------+


+------------------------------------------------------------+
; I/O Bank Usage                                             ;
+----------+------------------+---------------+--------------+
; I/O Bank ; Usage            ; VCCIO Voltage ; VREF Voltage ;
+----------+------------------+---------------+--------------+
; 1        ; 4 / 56 ( 7 % )   ; 2.5V          ; --           ;
; 2        ; 17 / 63 ( 27 % ) ; 3.3V          ; --           ;
; 3        ; 26 / 73 ( 36 % ) ; 3.3V          ; --           ;
; 4        ; 32 / 71 ( 45 % ) ; 3.3V          ; --           ;
; 5        ; 34 / 65 ( 52 % ) ; 2.5V          ; --           ;
; 6        ; 9 / 58 ( 16 % )  ; 2.5V          ; --           ;
; 7        ; 12 / 72 ( 17 % ) ; 2.5V          ; --           ;
; 8        ; 31 / 71 ( 44 % ) ; 3.3V          ; --           ;
+----------+------------------+---------------+--------------+


+-----------------------------------------------------------------------------------------------------------------------------------------------------------------------------------------+
; All Package Pins                                                                                                                                                                        ;
+----------+------------+----------+-----------------------------------------------------------+--------+--------------+---------+------------+-----------------+----------+--------------+
; Location ; Pad Number ; I/O Bank ; Pin Name/Usage                                            ; Dir.   ; I/O Standard ; Voltage ; I/O Type   ; User Assignment ; Bus Hold ; Weak Pull Up ;
+----------+------------+----------+-----------------------------------------------------------+--------+--------------+---------+------------+-----------------+----------+--------------+
; A2       ;            ; 8        ; VCCIO8                                                    ; power  ;              ; 3.3V    ; --         ;                 ; --       ; --           ;
; A3       ; 535        ; 8        ; RESERVED_INPUT_WITH_WEAK_PULLUP                           ;        ;              ;         ; Column I/O ;                 ; no       ; On           ;
; A4       ; 532        ; 8        ; RESERVED_INPUT_WITH_WEAK_PULLUP                           ;        ;              ;         ; Column I/O ;                 ; no       ; On           ;
; A5       ;            ; 8        ; VCCIO8                                                    ; power  ;              ; 3.3V    ; --         ;                 ; --       ; --           ;
; A6       ; 504        ; 8        ; RESERVED_INPUT_WITH_WEAK_PULLUP                           ;        ;              ;         ; Column I/O ;                 ; no       ; On           ;
; A7       ; 501        ; 8        ; RESERVED_INPUT_WITH_WEAK_PULLUP                           ;        ;              ;         ; Column I/O ;                 ; no       ; On           ;
; A8       ; 517        ; 8        ; RESERVED_INPUT_WITH_WEAK_PULLUP                           ;        ;              ;         ; Column I/O ;                 ; no       ; On           ;
; A9       ;            ; 8        ; VCCIO8                                                    ; power  ;              ; 3.3V    ; --         ;                 ; --       ; --           ;
; A10      ; 491        ; 8        ; VGA_BLUE_O[1]                                             ; output ; 3.3-V LVTTL  ;         ; Column I/O ; Y               ; no       ; Off          ;
; A11      ; 487        ; 8        ; VGA_BLUE_O[4]                                             ; output ; 3.3-V LVTTL  ;         ; Column I/O ; Y               ; no       ; Off          ;
; A12      ; 482        ; 8        ; VGA_CLOCK_O                                               ; output ; 3.3-V LVTTL  ;         ; Column I/O ; Y               ; no       ; Off          ;
; A13      ;            ; 8        ; VCCIO8                                                    ; power  ;              ; 3.3V    ; --         ;                 ; --       ; --           ;
; A14      ; 472        ; 8        ; GND+                                                      ;        ;              ;         ; Column I/O ;                 ; --       ; --           ;
; A15      ; 470        ; 7        ; GND+                                                      ;        ;              ;         ; Column I/O ;                 ; --       ; --           ;
; A16      ;            ; 7        ; VCCIO7                                                    ; power  ;              ; 2.5V    ; --         ;                 ; --       ; --           ;
; A17      ; 462        ; 7        ; RESERVED_INPUT_WITH_WEAK_PULLUP                           ;        ;              ;         ; Column I/O ;                 ; no       ; On           ;
; A18      ; 442        ; 7        ; RESERVED_INPUT_WITH_WEAK_PULLUP                           ;        ;              ;         ; Column I/O ;                 ; no       ; On           ;
; A19      ; 440        ; 7        ; RESERVED_INPUT_WITH_WEAK_PULLUP                           ;        ;              ;         ; Column I/O ;                 ; no       ; On           ;
; A20      ;            ; 7        ; VCCIO7                                                    ; power  ;              ; 2.5V    ; --         ;                 ; --       ; --           ;
; A21      ; 425        ; 7        ; RESERVED_INPUT_WITH_WEAK_PULLUP                           ;        ;              ;         ; Column I/O ;                 ; no       ; On           ;
; A22      ; 423        ; 7        ; RESERVED_INPUT_WITH_WEAK_PULLUP                           ;        ;              ;         ; Column I/O ;                 ; no       ; On           ;
; A23      ; 412        ; 7        ; RESERVED_INPUT_WITH_WEAK_PULLUP                           ;        ;              ;         ; Column I/O ;                 ; no       ; On           ;
; A24      ;            ; 7        ; VCCIO7                                                    ; power  ;              ; 2.5V    ; --         ;                 ; --       ; --           ;
; A25      ; 405        ; 7        ; RESERVED_INPUT_WITH_WEAK_PULLUP                           ;        ;              ;         ; Column I/O ;                 ; no       ; On           ;
; A26      ; 404        ; 7        ; RESERVED_INPUT_WITH_WEAK_PULLUP                           ;        ;              ;         ; Column I/O ;                 ; no       ; On           ;
; A27      ;            ; 7        ; VCCIO7                                                    ; power  ;              ; 2.5V    ; --         ;                 ; --       ; --           ;
; AA1      ;            ; 2        ; VCCIO2                                                    ; power  ;              ; 3.3V    ; --         ;                 ; --       ; --           ;
; AA2      ;            ;          ; GND                                                       ; gnd    ;              ;         ; --         ;                 ; --       ; --           ;
; AA3      ; 102        ; 2        ; RESERVED_INPUT_WITH_WEAK_PULLUP                           ;        ;              ;         ; Row I/O    ;                 ; no       ; On           ;
; AA4      ; 101        ; 2        ; SRAM_ADDRESS_O[14]                                        ; output ; 3.3-V LVTTL  ;         ; Row I/O    ; Y               ; no       ; Off          ;
; AA5      ; 119        ; 2        ; RESERVED_INPUT_WITH_WEAK_PULLUP                           ;        ;              ;         ; Row I/O    ;                 ; no       ; On           ;
; AA6      ; 118        ; 2        ; RESERVED_INPUT_WITH_WEAK_PULLUP                           ;        ;              ;         ; Row I/O    ;                 ; no       ; On           ;
; AA7      ; 120        ; 2        ; RESERVED_INPUT_WITH_WEAK_PULLUP                           ;        ;              ;         ; Row I/O    ;                 ; no       ; On           ;
; AA8      ; 154        ; 3        ; RESERVED_INPUT_WITH_WEAK_PULLUP                           ;        ;              ;         ; Column I/O ;                 ; no       ; On           ;
; AA9      ;            ;          ; GNDA1                                                     ; gnd    ;              ;         ; --         ;                 ; --       ; --           ;
; AA10     ; 155        ; 3        ; RESERVED_INPUT_WITH_WEAK_PULLUP                           ;        ;              ;         ; Column I/O ;                 ; no       ; On           ;
; AA11     ;            ; 3        ; VCCIO3                                                    ; power  ;              ; 3.3V    ; --         ;                 ; --       ; --           ;
; AA12     ; 188        ; 3        ; RESERVED_INPUT_WITH_WEAK_PULLUP                           ;        ;              ;         ; Column I/O ;                 ; no       ; On           ;
; AA13     ; 190        ; 3        ; RESERVED_INPUT_WITH_WEAK_PULLUP                           ;        ;              ;         ; Column I/O ;                 ; no       ; On           ;
; AA14     ; 191        ; 3        ; SEVEN_SEGMENT_N_O[7][6]                                   ; output ; 3.3-V LVTTL  ;         ; Column I/O ; Y               ; no       ; Off          ;
; AA15     ; 213        ; 4        ; SEVEN_SEGMENT_N_O[6][5]                                   ; output ; 3.3-V LVTTL  ;         ; Column I/O ; Y               ; no       ; Off          ;
; AA16     ; 211        ; 4        ; SEVEN_SEGMENT_N_O[6][2]                                   ; output ; 3.3-V LVTTL  ;         ; Column I/O ; Y               ; no       ; Off          ;
; AA17     ; 241        ; 4        ; SEVEN_SEGMENT_N_O[6][0]                                   ; output ; 3.3-V LVTTL  ;         ; Column I/O ; Y               ; no       ; Off          ;
; AA18     ;            ; 4        ; VCCIO4                                                    ; power  ;              ; 3.3V    ; --         ;                 ; --       ; --           ;
; AA19     ; 264        ; 4        ; SEVEN_SEGMENT_N_O[4][1]                                   ; output ; 3.3-V LVTTL  ;         ; Column I/O ; Y               ; no       ; Off          ;
; AA20     ;            ;          ; GNDA4                                                     ; gnd    ;              ;         ; --         ;                 ; --       ; --           ;
; AA21     ; 269        ; 4        ; SEVEN_SEGMENT_N_O[3][3]                                   ; output ; 3.3-V LVTTL  ;         ; Column I/O ; Y               ; no       ; Off          ;
; AA22     ; 275        ; 5        ; SWITCH_I[15]                                              ; input  ; 2.5 V        ;         ; Row I/O    ; Y               ; no       ; Off          ;
; AA23     ; 280        ; 5        ; SWITCH_I[14]                                              ; input  ; 2.5 V        ;         ; Row I/O    ; Y               ; no       ; Off          ;
; AA24     ; 279        ; 5        ; SWITCH_I[13]                                              ; input  ; 2.5 V        ;         ; Row I/O    ; Y               ; no       ; Off          ;
; AA25     ; 294        ; 5        ; SEVEN_SEGMENT_N_O[2][0]                                   ; output ; 2.5 V        ;         ; Row I/O    ; Y               ; no       ; Off          ;
; AA26     ; 293        ; 5        ; SEVEN_SEGMENT_N_O[2][1]                                   ; output ; 2.5 V        ;         ; Row I/O    ; Y               ; no       ; Off          ;
; AA27     ;            ;          ; GND                                                       ; gnd    ;              ;         ; --         ;                 ; --       ; --           ;
; AA28     ;            ; 5        ; VCCIO5                                                    ; power  ;              ; 2.5V    ; --         ;                 ; --       ; --           ;
; AB1      ; 86         ; 2        ; RESERVED_INPUT_WITH_WEAK_PULLUP                           ;        ;              ;         ; Row I/O    ;                 ; no       ; On           ;
; AB2      ; 85         ; 2        ; RESERVED_INPUT_WITH_WEAK_PULLUP                           ;        ;              ;         ; Row I/O    ;                 ; no       ; On           ;
; AB3      ; 99         ; 2        ; RESERVED_INPUT_WITH_WEAK_PULLUP                           ;        ;              ;         ; Row I/O    ;                 ; no       ; On           ;
; AB4      ; 121        ; 2        ; SRAM_ADDRESS_O[12]                                        ; output ; 3.3-V LVTTL  ;         ; Row I/O    ; Y               ; no       ; Off          ;
; AB5      ; 127        ; 2        ; SRAM_ADDRESS_O[6]                                         ; output ; 3.3-V LVTTL  ;         ; Row I/O    ; Y               ; no       ; Off          ;
; AB6      ; 126        ; 2        ; SRAM_ADDRESS_O[4]                                         ; output ; 3.3-V LVTTL  ;         ; Row I/O    ; Y               ; no       ; Off          ;
; AB7      ; 152        ; 3        ; SRAM_ADDRESS_O[0]                                         ; output ; 3.3-V LVTTL  ;         ; Column I/O ; Y               ; no       ; Off          ;
; AB8      ; 148        ; 3        ; SRAM_ADDRESS_O[18]                                        ; output ; 3.3-V LVTTL  ;         ; Column I/O ; Y               ; no       ; Off          ;
; AB9      ; 147        ; 3        ; SRAM_ADDRESS_O[17]                                        ; output ; 3.3-V LVTTL  ;         ; Column I/O ; Y               ; no       ; Off          ;
; AB10     ; 173        ; 3        ; RESERVED_INPUT_WITH_WEAK_PULLUP                           ;        ;              ;         ; Column I/O ;                 ; no       ; On           ;
; AB11     ; 164        ; 3        ; SRAM_ADDRESS_O[15]                                        ; output ; 3.3-V LVTTL  ;         ; Column I/O ; Y               ; no       ; Off          ;
; AB12     ; 180        ; 3        ; RESERVED_INPUT_WITH_WEAK_PULLUP                           ;        ;              ;         ; Column I/O ;                 ; no       ; On           ;
; AB13     ; 181        ; 3        ; RESERVED_INPUT_WITH_WEAK_PULLUP                           ;        ;              ;         ; Column I/O ;                 ; --       ; --           ;
; AB14     ; 192        ; 3        ; RESERVED_INPUT_WITH_WEAK_PULLUP                           ;        ;              ;         ; Column I/O ;                 ; no       ; On           ;
; AB15     ; 214        ; 4        ; SEVEN_SEGMENT_N_O[6][4]                                   ; output ; 3.3-V LVTTL  ;         ; Column I/O ; Y               ; no       ; Off          ;
; AB16     ; 212        ; 4        ; SEVEN_SEGMENT_N_O[6][1]                                   ; output ; 3.3-V LVTTL  ;         ; Column I/O ; Y               ; no       ; Off          ;
; AB17     ; 242        ; 4        ; SEVEN_SEGMENT_N_O[6][3]                                   ; output ; 3.3-V LVTTL  ;         ; Column I/O ; Y               ; no       ; Off          ;
; AB18     ; 254        ; 4        ; SEVEN_SEGMENT_N_O[5][2]                                   ; output ; 3.3-V LVTTL  ;         ; Column I/O ; Y               ; no       ; Off          ;
; AB19     ; 253        ; 4        ; SEVEN_SEGMENT_N_O[4][0]                                   ; output ; 3.3-V LVTTL  ;         ; Column I/O ; Y               ; no       ; Off          ;
; AB20     ; 257        ; 4        ; SEVEN_SEGMENT_N_O[3][2]                                   ; output ; 3.3-V LVTTL  ;         ; Column I/O ; Y               ; no       ; Off          ;
; AB21     ; 266        ; 4        ; RESERVED_INPUT_WITH_WEAK_PULLUP                           ;        ;              ;         ; Column I/O ;                 ; no       ; On           ;
; AB22     ; 265        ; 4        ; RESERVED_INPUT_WITH_WEAK_PULLUP                           ;        ;              ;         ; Column I/O ;                 ; no       ; On           ;
; AB23     ; 276        ; 5        ; SWITCH_I[12]                                              ; input  ; 2.5 V        ;         ; Row I/O    ; Y               ; no       ; Off          ;
; AB24     ; 274        ; 5        ; SWITCH_I[11]                                              ; input  ; 2.5 V        ;         ; Row I/O    ; Y               ; no       ; Off          ;
; AB25     ; 292        ; 5        ; SWITCH_I[9]                                               ; input  ; 2.5 V        ;         ; Row I/O    ; Y               ; no       ; Off          ;
; AB26     ; 291        ; 5        ; SWITCH_I[7]                                               ; input  ; 2.5 V        ;         ; Row I/O    ; Y               ; no       ; Off          ;
; AB27     ; 296        ; 5        ; SWITCH_I[4]                                               ; input  ; 2.5 V        ;         ; Row I/O    ; Y               ; no       ; Off          ;
; AB28     ; 295        ; 5        ; SWITCH_I[0]                                               ; input  ; 2.5 V        ;         ; Row I/O    ; Y               ; no       ; Off          ;
; AC1      ; 94         ; 2        ; RESERVED_INPUT_WITH_WEAK_PULLUP                           ;        ;              ;         ; Row I/O    ;                 ; no       ; On           ;
; AC2      ; 93         ; 2        ; RESERVED_INPUT_WITH_WEAK_PULLUP                           ;        ;              ;         ; Row I/O    ;                 ; no       ; On           ;
; AC3      ; 95         ; 2        ; SRAM_ADDRESS_O[13]                                        ; output ; 3.3-V LVTTL  ;         ; Row I/O    ; Y               ; no       ; Off          ;
; AC4      ; 125        ; 2        ; SRAM_UB_N_O                                               ; output ; 3.3-V LVTTL  ;         ; Row I/O    ; Y               ; no       ; Off          ;
; AC5      ; 124        ; 2        ; SRAM_ADDRESS_O[7]                                         ; output ; 3.3-V LVTTL  ;         ; Row I/O    ; Y               ; no       ; Off          ;
; AC6      ;            ;          ; GND                                                       ; gnd    ;              ;         ; --         ;                 ; --       ; --           ;
; AC7      ; 144        ; 3        ; SRAM_ADDRESS_O[3]                                         ; output ; 3.3-V LVTTL  ;         ; Column I/O ; Y               ; no       ; Off          ;
; AC8      ; 153        ; 3        ; RESERVED_INPUT_WITH_WEAK_PULLUP                           ;        ;              ;         ; Column I/O ;                 ; no       ; On           ;
; AC9      ;            ;          ; GND                                                       ; gnd    ;              ;         ; --         ;                 ; --       ; --           ;
; AC10     ; 174        ; 3        ; RESERVED_INPUT_WITH_WEAK_PULLUP                           ;        ;              ;         ; Column I/O ;                 ; no       ; On           ;
; AC11     ; 185        ; 3        ; SRAM_ADDRESS_O[16]                                        ; output ; 3.3-V LVTTL  ;         ; Column I/O ; Y               ; no       ; Off          ;
; AC12     ; 179        ; 3        ; RESERVED_INPUT_WITH_WEAK_PULLUP                           ;        ;              ;         ; Column I/O ;                 ; no       ; On           ;
; AC13     ;            ;          ; GND                                                       ; gnd    ;              ;         ; --         ;                 ; --       ; --           ;
; AC14     ; 195        ; 3        ; RESERVED_INPUT_WITH_WEAK_PULLUP                           ;        ;              ;         ; Column I/O ;                 ; no       ; On           ;
; AC15     ; 203        ; 4        ; RESERVED_INPUT_WITH_WEAK_PULLUP                           ;        ;              ;         ; Column I/O ;                 ; no       ; On           ;
; AC16     ;            ;          ; GND                                                       ; gnd    ;              ;         ; --         ;                 ; --       ; --           ;
; AC17     ; 221        ; 4        ; SEVEN_SEGMENT_N_O[6][6]                                   ; output ; 3.3-V LVTTL  ;         ; Column I/O ; Y               ; no       ; Off          ;
; AC18     ; 240        ; 4        ; SEVEN_SEGMENT_N_O[5][1]                                   ; output ; 3.3-V LVTTL  ;         ; Column I/O ; Y               ; no       ; Off          ;
; AC19     ; 247        ; 4        ; RESERVED_INPUT_WITH_WEAK_PULLUP                           ;        ;              ;         ; Column I/O ;                 ; no       ; On           ;
; AC20     ;            ;          ; GND                                                       ; gnd    ;              ;         ; --         ;                 ; --       ; --           ;
; AC21     ; 258        ; 4        ; RESERVED_INPUT_WITH_WEAK_PULLUP                           ;        ;              ;         ; Column I/O ;                 ; no       ; On           ;
; AC22     ; 267        ; 4        ; RESERVED_INPUT_WITH_WEAK_PULLUP                           ;        ;              ;         ; Column I/O ;                 ; no       ; On           ;
; AC23     ;            ;          ; GND                                                       ; gnd    ;              ;         ; --         ;                 ; --       ; --           ;
; AC24     ; 273        ; 5        ; SWITCH_I[10]                                              ; input  ; 2.5 V        ;         ; Row I/O    ; Y               ; no       ; Off          ;
; AC25     ; 272        ; 5        ; SWITCH_I[8]                                               ; input  ; 2.5 V        ;         ; Row I/O    ; Y               ; no       ; Off          ;
; AC26     ; 282        ; 5        ; SWITCH_I[5]                                               ; input  ; 2.5 V        ;         ; Row I/O    ; Y               ; no       ; Off          ;
; AC27     ; 290        ; 5        ; SWITCH_I[2]                                               ; input  ; 2.5 V        ;         ; Row I/O    ; Y               ; no       ; Off          ;
; AC28     ; 289        ; 5        ; SWITCH_I[1]                                               ; input  ; 2.5 V        ;         ; Row I/O    ; Y               ; no       ; Off          ;
; AD1      ; 98         ; 2        ; SRAM_DATA_IO[8]                                           ; bidir  ; 3.3-V LVTTL  ;         ; Row I/O    ; Y               ; no       ; Off          ;
; AD2      ; 97         ; 2        ; SRAM_DATA_IO[9]                                           ; bidir  ; 3.3-V LVTTL  ;         ; Row I/O    ; Y               ; no       ; Off          ;
; AD3      ; 96         ; 2        ; SRAM_ADDRESS_O[11]                                        ; output ; 3.3-V LVTTL  ;         ; Row I/O    ; Y               ; no       ; Off          ;
; AD4      ; 130        ; 3        ; SRAM_LB_N_O                                               ; output ; 3.3-V LVTTL  ;         ; Column I/O ; Y               ; no       ; Off          ;
; AD5      ; 128        ; 3        ; SRAM_OE_N_O                                               ; output ; 3.3-V LVTTL  ;         ; Column I/O ; Y               ; no       ; Off          ;
; AD6      ;            ; 3        ; VCCIO3                                                    ; power  ;              ; 3.3V    ; --         ;                 ; --       ; --           ;
; AD7      ; 134        ; 3        ; SRAM_ADDRESS_O[1]                                         ; output ; 3.3-V LVTTL  ;         ; Column I/O ; Y               ; no       ; Off          ;
; AD8      ; 143        ; 3        ; RESERVED_INPUT_WITH_WEAK_PULLUP                           ;        ;              ;         ; Column I/O ;                 ; no       ; On           ;
; AD9      ;            ; 3        ; VCCIO3                                                    ; power  ;              ; 3.3V    ; --         ;                 ; --       ; --           ;
; AD10     ; 149        ; 3        ; RESERVED_INPUT_WITH_WEAK_PULLUP                           ;        ;              ;         ; Column I/O ;                 ; no       ; On           ;
; AD11     ; 186        ; 3        ; RESERVED_INPUT_WITH_WEAK_PULLUP                           ;        ;              ;         ; Column I/O ;                 ; no       ; On           ;
; AD12     ; 182        ; 3        ; RESERVED_INPUT_WITH_WEAK_PULLUP                           ;        ;              ;         ; Column I/O ;                 ; no       ; On           ;
; AD13     ;            ; 3        ; VCCIO3                                                    ; power  ;              ; 3.3V    ; --         ;                 ; --       ; --           ;
; AD14     ; 196        ; 3        ; RESERVED_INPUT_WITH_WEAK_PULLUP                           ;        ;              ;         ; Column I/O ;                 ; no       ; On           ;
; AD15     ; 204        ; 4        ; RESERVED_INPUT_WITH_WEAK_PULLUP                           ;        ;              ;         ; Column I/O ;                 ; no       ; On           ;
; AD16     ;            ; 4        ; VCCIO4                                                    ; power  ;              ; 3.3V    ; --         ;                 ; --       ; --           ;
; AD17     ; 222        ; 4        ; SEVEN_SEGMENT_N_O[7][0]                                   ; output ; 3.3-V LVTTL  ;         ; Column I/O ; Y               ; no       ; Off          ;
; AD18     ; 237        ; 4        ; SEVEN_SEGMENT_N_O[5][0]                                   ; output ; 3.3-V LVTTL  ;         ; Column I/O ; Y               ; no       ; Off          ;
; AD19     ; 248        ; 4        ; RESERVED_INPUT_WITH_WEAK_PULLUP                           ;        ;              ;         ; Column I/O ;                 ; no       ; On           ;
; AD20     ;            ; 4        ; VCCIO4                                                    ; power  ;              ; 3.3V    ; --         ;                 ; --       ; --           ;
; AD21     ; 259        ; 4        ; RESERVED_INPUT_WITH_WEAK_PULLUP                           ;        ;              ;         ; Column I/O ;                 ; no       ; On           ;
; AD22     ; 268        ; 4        ; RESERVED_INPUT_WITH_WEAK_PULLUP                           ;        ;              ;         ; Column I/O ;                 ; no       ; On           ;
; AD23     ;            ; 4        ; VCCIO4                                                    ; power  ;              ; 3.3V    ; --         ;                 ; --       ; --           ;
; AD24     ; 260        ; 4        ; SEVEN_SEGMENT_N_O[3][4]                                   ; output ; 3.3-V LVTTL  ;         ; Column I/O ; Y               ; no       ; Off          ;
; AD25     ; 255        ; 4        ; RESERVED_INPUT_WITH_WEAK_PULLUP                           ;        ;              ;         ; Column I/O ;                 ; no       ; On           ;
; AD26     ; 281        ; 5        ; SWITCH_I[6]                                               ; input  ; 2.5 V        ;         ; Row I/O    ; Y               ; no       ; Off          ;
; AD27     ; 286        ; 5        ; SWITCH_I[3]                                               ; input  ; 2.5 V        ;         ; Row I/O    ; Y               ; no       ; Off          ;
; AD28     ; 285        ; 5        ; RESERVED_INPUT_WITH_WEAK_PULLUP                           ;        ;              ;         ; Row I/O    ;                 ; no       ; On           ;
; AE1      ; 106        ; 2        ; SRAM_DATA_IO[11]                                          ; bidir  ; 3.3-V LVTTL  ;         ; Row I/O    ; Y               ; no       ; Off          ;
; AE2      ; 105        ; 2        ; SRAM_DATA_IO[10]                                          ; bidir  ; 3.3-V LVTTL  ;         ; Row I/O    ; Y               ; no       ; Off          ;
; AE3      ; 122        ; 2        ; SRAM_DATA_IO[12]                                          ; bidir  ; 3.3-V LVTTL  ;         ; Row I/O    ; Y               ; no       ; Off          ;
; AE4      ; 132        ; 3        ; SRAM_DATA_IO[13]                                          ; bidir  ; 3.3-V LVTTL  ;         ; Column I/O ; Y               ; no       ; Off          ;
; AE5      ; 135        ; 3        ; RESERVED_INPUT_WITH_WEAK_PULLUP                           ;        ;              ;         ; Column I/O ;                 ; no       ; On           ;
; AE6      ; 129        ; 3        ; SRAM_ADDRESS_O[5]                                         ; output ; 3.3-V LVTTL  ;         ; Column I/O ; Y               ; no       ; Off          ;
; AE7      ; 158        ; 3        ; SRAM_ADDRESS_O[2]                                         ; output ; 3.3-V LVTTL  ;         ; Column I/O ; Y               ; no       ; Off          ;
; AE8      ; 161        ; 3        ; SRAM_WE_N_O                                               ; output ; 3.3-V LVTTL  ;         ; Column I/O ; Y               ; no       ; Off          ;
; AE9      ; 163        ; 3        ; RESERVED_INPUT_WITH_WEAK_PULLUP                           ;        ;              ;         ; Column I/O ;                 ; no       ; On           ;
; AE10     ; 165        ; 3        ; RESERVED_INPUT_WITH_WEAK_PULLUP                           ;        ;              ;         ; Column I/O ;                 ; no       ; On           ;
; AE11     ; 171        ; 3        ; RESERVED_INPUT_WITH_WEAK_PULLUP                           ;        ;              ;         ; Column I/O ;                 ; no       ; On           ;
; AE12     ; 169        ; 3        ; RESERVED_INPUT_WITH_WEAK_PULLUP                           ;        ;              ;         ; Column I/O ;                 ; no       ; On           ;
; AE13     ; 177        ; 3        ; RESERVED_INPUT_WITH_WEAK_PULLUP                           ;        ;              ;         ; Column I/O ;                 ; no       ; On           ;
; AE14     ; 183        ; 3        ; RESERVED_INPUT_WITH_WEAK_PULLUP                           ;        ;              ;         ; Column I/O ;                 ; no       ; On           ;
; AE15     ; 205        ; 4        ; RESERVED_INPUT_WITH_WEAK_PULLUP                           ;        ;              ;         ; Column I/O ;                 ; no       ; On           ;
; AE16     ; 209        ; 4        ; RESERVED_INPUT_WITH_WEAK_PULLUP                           ;        ;              ;         ; Column I/O ;                 ; no       ; On           ;
; AE17     ; 215        ; 4        ; SEVEN_SEGMENT_N_O[7][1]                                   ; output ; 3.3-V LVTTL  ;         ; Column I/O ; Y               ; no       ; Off          ;
; AE18     ; 225        ; 4        ; SEVEN_SEGMENT_N_O[4][6]                                   ; output ; 3.3-V LVTTL  ;         ; Column I/O ; Y               ; no       ; Off          ;
; AE19     ; 231        ; 4        ; SEVEN_SEGMENT_N_O[4][4]                                   ; output ; 3.3-V LVTTL  ;         ; Column I/O ; Y               ; no       ; Off          ;
; AE20     ; 235        ; 4        ; RESERVED_INPUT_WITH_WEAK_PULLUP                           ;        ;              ;         ; Column I/O ;                 ; no       ; On           ;
; AE21     ; 238        ; 4        ; RESERVED_INPUT_WITH_WEAK_PULLUP                           ;        ;              ;         ; Column I/O ;                 ; no       ; On           ;
; AE22     ; 251        ; 4        ; RESERVED_INPUT_WITH_WEAK_PULLUP                           ;        ;              ;         ; Column I/O ;                 ; no       ; On           ;
; AE23     ; 261        ; 4        ; RESERVED_INPUT_WITH_WEAK_PULLUP                           ;        ;              ;         ; Column I/O ;                 ; no       ; On           ;
; AE24     ; 256        ; 4        ; RESERVED_INPUT_WITH_WEAK_PULLUP                           ;        ;              ;         ; Column I/O ;                 ; no       ; On           ;
; AE25     ; 243        ; 4        ; RESERVED_INPUT_WITH_WEAK_PULLUP                           ;        ;              ;         ; Column I/O ;                 ; no       ; On           ;
; AE26     ; 278        ; 5        ; RESERVED_INPUT_WITH_WEAK_PULLUP                           ;        ;              ;         ; Row I/O    ;                 ; no       ; On           ;
; AE27     ; 284        ; 5        ; RESERVED_INPUT_WITH_WEAK_PULLUP                           ;        ;              ;         ; Row I/O    ;                 ; no       ; On           ;
; AE28     ; 283        ; 5        ; RESERVED_INPUT_WITH_WEAK_PULLUP                           ;        ;              ;         ; Row I/O    ;                 ; no       ; On           ;
; AF1      ;            ;          ; GND                                                       ; gnd    ;              ;         ; --         ;                 ; --       ; --           ;
; AF2      ; 123        ; 2        ; SRAM_ADDRESS_O[10]                                        ; output ; 3.3-V LVTTL  ;         ; Row I/O    ; Y               ; no       ; Off          ;
; AF3      ; 138        ; 3        ; SRAM_DATA_IO[14]                                          ; bidir  ; 3.3-V LVTTL  ;         ; Column I/O ; Y               ; no       ; Off          ;
; AF4      ; 131        ; 3        ; SRAM_DATA_IO[1]                                           ; bidir  ; 3.3-V LVTTL  ;         ; Column I/O ; Y               ; no       ; Off          ;
; AF5      ; 136        ; 3        ; SRAM_ADDRESS_O[8]                                         ; output ; 3.3-V LVTTL  ;         ; Column I/O ; Y               ; no       ; Off          ;
; AF6      ; 139        ; 3        ; SRAM_DATA_IO[4]                                           ; bidir  ; 3.3-V LVTTL  ;         ; Column I/O ; Y               ; no       ; Off          ;
; AF7      ; 159        ; 3        ; SRAM_DATA_IO[7]                                           ; bidir  ; 3.3-V LVTTL  ;         ; Column I/O ; Y               ; no       ; Off          ;
; AF8      ; 162        ; 3        ; SRAM_CE_N_O                                               ; output ; 3.3-V LVTTL  ;         ; Column I/O ; Y               ; no       ; Off          ;
; AF9      ; 160        ; 3        ; RESERVED_INPUT_WITH_WEAK_PULLUP                           ;        ;              ;         ; Column I/O ;                 ; no       ; On           ;
; AF10     ; 166        ; 3        ; RESERVED_INPUT_WITH_WEAK_PULLUP                           ;        ;              ;         ; Column I/O ;                 ; no       ; On           ;
; AF11     ; 172        ; 3        ; RESERVED_INPUT_WITH_WEAK_PULLUP                           ;        ;              ;         ; Column I/O ;                 ; no       ; On           ;
; AF12     ; 170        ; 3        ; RESERVED_INPUT_WITH_WEAK_PULLUP                           ;        ;              ;         ; Column I/O ;                 ; no       ; On           ;
; AF13     ; 178        ; 3        ; RESERVED_INPUT_WITH_WEAK_PULLUP                           ;        ;              ;         ; Column I/O ;                 ; no       ; On           ;
; AF14     ; 184        ; 3        ; RESERVED_INPUT_WITH_WEAK_PULLUP                           ;        ;              ;         ; Column I/O ;                 ; no       ; On           ;
; AF15     ; 206        ; 4        ; RESERVED_INPUT_WITH_WEAK_PULLUP                           ;        ;              ;         ; Column I/O ;                 ; no       ; On           ;
; AF16     ; 210        ; 4        ; RESERVED_INPUT_WITH_WEAK_PULLUP                           ;        ;              ;         ; Column I/O ;                 ; no       ; On           ;
; AF17     ; 216        ; 4        ; SEVEN_SEGMENT_N_O[7][4]                                   ; output ; 3.3-V LVTTL  ;         ; Column I/O ; Y               ; no       ; Off          ;
; AF18     ; 226        ; 4        ; SEVEN_SEGMENT_N_O[5][5]                                   ; output ; 3.3-V LVTTL  ;         ; Column I/O ; Y               ; no       ; Off          ;
; AF19     ; 232        ; 4        ; SEVEN_SEGMENT_N_O[4][5]                                   ; output ; 3.3-V LVTTL  ;         ; Column I/O ; Y               ; no       ; Off          ;
; AF20     ; 236        ; 4        ; RESERVED_INPUT_WITH_WEAK_PULLUP                           ;        ;              ;         ; Column I/O ;                 ; no       ; On           ;
; AF21     ; 239        ; 4        ; RESERVED_INPUT_WITH_WEAK_PULLUP                           ;        ;              ;         ; Column I/O ;                 ; no       ; On           ;
; AF22     ; 252        ; 4        ; RESERVED_INPUT_WITH_WEAK_PULLUP                           ;        ;              ;         ; Column I/O ;                 ; no       ; On           ;
; AF23     ; 262        ; 4        ; SEVEN_SEGMENT_N_O[3][5]                                   ; output ; 3.3-V LVTTL  ;         ; Column I/O ; Y               ; no       ; Off          ;
; AF24     ; 233        ; 4        ; RESERVED_INPUT_WITH_WEAK_PULLUP                           ;        ;              ;         ; Column I/O ;                 ; no       ; On           ;
; AF25     ; 234        ; 4        ; RESERVED_INPUT_WITH_WEAK_PULLUP                           ;        ;              ;         ; Column I/O ;                 ; no       ; On           ;
; AF26     ; 244        ; 4        ; RESERVED_INPUT_WITH_WEAK_PULLUP                           ;        ;              ;         ; Column I/O ;                 ; no       ; On           ;
; AF27     ; 277        ; 5        ; RESERVED_INPUT_WITH_WEAK_PULLUP                           ;        ;              ;         ; Row I/O    ;                 ; no       ; On           ;
; AF28     ;            ;          ; GND                                                       ; gnd    ;              ;         ; --         ;                 ; --       ; --           ;
; AG1      ;            ; 2        ; VCCIO2                                                    ; power  ;              ; 3.3V    ; --         ;                 ; --       ; --           ;
; AG2      ;            ;          ; GND                                                       ; gnd    ;              ;         ; --         ;                 ; --       ; --           ;
; AG3      ; 133        ; 3        ; SRAM_DATA_IO[15]                                          ; bidir  ; 3.3-V LVTTL  ;         ; Column I/O ; Y               ; no       ; Off          ;
; AG4      ; 141        ; 3        ; SRAM_DATA_IO[2]                                           ; bidir  ; 3.3-V LVTTL  ;         ; Column I/O ; Y               ; no       ; Off          ;
; AG5      ;            ;          ; GND                                                       ; gnd    ;              ;         ; --         ;                 ; --       ; --           ;
; AG6      ; 145        ; 3        ; SRAM_DATA_IO[5]                                           ; bidir  ; 3.3-V LVTTL  ;         ; Column I/O ; Y               ; no       ; Off          ;
; AG7      ; 150        ; 3        ; RESERVED_INPUT_WITH_WEAK_PULLUP                           ;        ;              ;         ; Column I/O ;                 ; no       ; On           ;
; AG8      ; 156        ; 3        ; RESERVED_INPUT_WITH_WEAK_PULLUP                           ;        ;              ;         ; Column I/O ;                 ; no       ; On           ;
; AG9      ;            ;          ; GND                                                       ; gnd    ;              ;         ; --         ;                 ; --       ; --           ;
; AG10     ; 167        ; 3        ; RESERVED_INPUT_WITH_WEAK_PULLUP                           ;        ;              ;         ; Column I/O ;                 ; no       ; On           ;
; AG11     ; 175        ; 3        ; RESERVED_INPUT_WITH_WEAK_PULLUP                           ;        ;              ;         ; Column I/O ;                 ; no       ; On           ;
; AG12     ; 193        ; 3        ; RESERVED_INPUT_WITH_WEAK_PULLUP                           ;        ;              ;         ; Column I/O ;                 ; no       ; On           ;
; AG13     ;            ;          ; GND                                                       ; gnd    ;              ;         ; --         ;                 ; --       ; --           ;
; AG14     ; 199        ; 3        ; GND+                                                      ;        ;              ;         ; Column I/O ;                 ; --       ; --           ;
; AG15     ; 201        ; 4        ; GND+                                                      ;        ;              ;         ; Column I/O ;                 ; --       ; --           ;
; AG16     ;            ;          ; GND                                                       ; gnd    ;              ;         ; --         ;                 ; --       ; --           ;
; AG17     ; 207        ; 4        ; SEVEN_SEGMENT_N_O[7][2]                                   ; output ; 3.3-V LVTTL  ;         ; Column I/O ; Y               ; no       ; Off          ;
; AG18     ; 217        ; 4        ; SEVEN_SEGMENT_N_O[7][5]                                   ; output ; 3.3-V LVTTL  ;         ; Column I/O ; Y               ; no       ; Off          ;
; AG19     ; 219        ; 4        ; SEVEN_SEGMENT_N_O[5][4]                                   ; output ; 3.3-V LVTTL  ;         ; Column I/O ; Y               ; no       ; Off          ;
; AG20     ;            ;          ; GND                                                       ; gnd    ;              ;         ; --         ;                 ; --       ; --           ;
; AG21     ; 223        ; 4        ; SEVEN_SEGMENT_N_O[4][2]                                   ; output ; 3.3-V LVTTL  ;         ; Column I/O ; Y               ; no       ; Off          ;
; AG22     ; 227        ; 4        ; RESERVED_INPUT_WITH_WEAK_PULLUP                           ;        ;              ;         ; Column I/O ;                 ; no       ; On           ;
; AG23     ; 229        ; 4        ; RESERVED_INPUT_WITH_WEAK_PULLUP                           ;        ;              ;         ; Column I/O ;                 ; no       ; On           ;
; AG24     ;            ;          ; GND                                                       ; gnd    ;              ;         ; --         ;                 ; --       ; --           ;
; AG25     ; 245        ; 4        ; RESERVED_INPUT_WITH_WEAK_PULLUP                           ;        ;              ;         ; Column I/O ;                 ; no       ; On           ;
; AG26     ; 270        ; 4        ; RESERVED_INPUT_WITH_WEAK_PULLUP                           ;        ;              ;         ; Column I/O ;                 ; no       ; On           ;
; AG27     ;            ;          ; GND                                                       ; gnd    ;              ;         ; --         ;                 ; --       ; --           ;
; AG28     ;            ; 5        ; VCCIO5                                                    ; power  ;              ; 2.5V    ; --         ;                 ; --       ; --           ;
; AH2      ;            ; 3        ; VCCIO3                                                    ; power  ;              ; 3.3V    ; --         ;                 ; --       ; --           ;
; AH3      ; 137        ; 3        ; SRAM_DATA_IO[0]                                           ; bidir  ; 3.3-V LVTTL  ;         ; Column I/O ; Y               ; no       ; Off          ;
; AH4      ; 142        ; 3        ; SRAM_DATA_IO[3]                                           ; bidir  ; 3.3-V LVTTL  ;         ; Column I/O ; Y               ; no       ; Off          ;
; AH5      ;            ; 3        ; VCCIO3                                                    ; power  ;              ; 3.3V    ; --         ;                 ; --       ; --           ;
; AH6      ; 146        ; 3        ; SRAM_DATA_IO[6]                                           ; bidir  ; 3.3-V LVTTL  ;         ; Column I/O ; Y               ; no       ; Off          ;
; AH7      ; 151        ; 3        ; RESERVED_INPUT_WITH_WEAK_PULLUP                           ;        ;              ;         ; Column I/O ;                 ; no       ; On           ;
; AH8      ; 157        ; 3        ; RESERVED_INPUT_WITH_WEAK_PULLUP                           ;        ;              ;         ; Column I/O ;                 ; no       ; On           ;
; AH9      ;            ; 3        ; VCCIO3                                                    ; power  ;              ; 3.3V    ; --         ;                 ; --       ; --           ;
; AH10     ; 168        ; 3        ; RESERVED_INPUT_WITH_WEAK_PULLUP                           ;        ;              ;         ; Column I/O ;                 ; no       ; On           ;
; AH11     ; 176        ; 3        ; RESERVED_INPUT_WITH_WEAK_PULLUP                           ;        ;              ;         ; Column I/O ;                 ; no       ; On           ;
; AH12     ; 194        ; 3        ; RESERVED_INPUT_WITH_WEAK_PULLUP                           ;        ;              ;         ; Column I/O ;                 ; no       ; On           ;
; AH13     ;            ; 3        ; VCCIO3                                                    ; power  ;              ; 3.3V    ; --         ;                 ; --       ; --           ;
; AH14     ; 200        ; 3        ; GND+                                                      ;        ;              ;         ; Column I/O ;                 ; --       ; --           ;
; AH15     ; 202        ; 4        ; GND+                                                      ;        ;              ;         ; Column I/O ;                 ; --       ; --           ;
; AH16     ;            ; 4        ; VCCIO4                                                    ; power  ;              ; 3.3V    ; --         ;                 ; --       ; --           ;
; AH17     ; 208        ; 4        ; SEVEN_SEGMENT_N_O[7][3]                                   ; output ; 3.3-V LVTTL  ;         ; Column I/O ; Y               ; no       ; Off          ;
; AH18     ; 218        ; 4        ; SEVEN_SEGMENT_N_O[5][6]                                   ; output ; 3.3-V LVTTL  ;         ; Column I/O ; Y               ; no       ; Off          ;
; AH19     ; 220        ; 4        ; SEVEN_SEGMENT_N_O[5][3]                                   ; output ; 3.3-V LVTTL  ;         ; Column I/O ; Y               ; no       ; Off          ;
; AH20     ;            ; 4        ; VCCIO4                                                    ; power  ;              ; 3.3V    ; --         ;                 ; --       ; --           ;
; AH21     ; 224        ; 4        ; SEVEN_SEGMENT_N_O[4][3]                                   ; output ; 3.3-V LVTTL  ;         ; Column I/O ; Y               ; no       ; Off          ;
; AH22     ; 228        ; 4        ; RESERVED_INPUT_WITH_WEAK_PULLUP                           ;        ;              ;         ; Column I/O ;                 ; no       ; On           ;
; AH23     ; 230        ; 4        ; RESERVED_INPUT_WITH_WEAK_PULLUP                           ;        ;              ;         ; Column I/O ;                 ; no       ; On           ;
; AH24     ;            ; 4        ; VCCIO4                                                    ; power  ;              ; 3.3V    ; --         ;                 ; --       ; --           ;
; AH25     ; 246        ; 4        ; RESERVED_INPUT_WITH_WEAK_PULLUP                           ;        ;              ;         ; Column I/O ;                 ; no       ; On           ;
; AH26     ; 271        ; 4        ; RESERVED_INPUT_WITH_WEAK_PULLUP                           ;        ;              ;         ; Column I/O ;                 ; no       ; On           ;
; AH27     ;            ; 4        ; VCCIO4                                                    ; power  ;              ; 3.3V    ; --         ;                 ; --       ; --           ;
; B1       ;            ; 1        ; VCCIO1                                                    ; power  ;              ; 2.5V    ; --         ;                 ; --       ; --           ;
; B2       ;            ;          ; GND                                                       ; gnd    ;              ;         ; --         ;                 ; --       ; --           ;
; B3       ; 534        ; 8        ; RESERVED_INPUT_WITH_WEAK_PULLUP                           ;        ;              ;         ; Column I/O ;                 ; no       ; On           ;
; B4       ; 533        ; 8        ; RESERVED_INPUT_WITH_WEAK_PULLUP                           ;        ;              ;         ; Column I/O ;                 ; no       ; On           ;
; B5       ;            ;          ; GND                                                       ; gnd    ;              ;         ; --         ;                 ; --       ; --           ;
; B6       ; 505        ; 8        ; RESERVED_INPUT_WITH_WEAK_PULLUP                           ;        ;              ;         ; Column I/O ;                 ; no       ; On           ;
; B7       ; 502        ; 8        ; RESERVED_INPUT_WITH_WEAK_PULLUP                           ;        ;              ;         ; Column I/O ;                 ; no       ; On           ;
; B8       ; 518        ; 8        ; VGA_GREEN_O[5]                                            ; output ; 3.3-V LVTTL  ;         ; Column I/O ; Y               ; no       ; Off          ;
; B9       ;            ;          ; GND                                                       ; gnd    ;              ;         ; --         ;                 ; --       ; --           ;
; B10      ; 492        ; 8        ; VGA_BLUE_O[0]                                             ; output ; 3.3-V LVTTL  ;         ; Column I/O ; Y               ; no       ; Off          ;
; B11      ; 488        ; 8        ; VGA_BLUE_O[3]                                             ; output ; 3.3-V LVTTL  ;         ; Column I/O ; Y               ; no       ; Off          ;
; B12      ;            ;          ; GND                                                       ; gnd    ;              ;         ; --         ;                 ; --       ; --           ;
; B13      ;            ;          ; GND                                                       ; gnd    ;              ;         ; --         ;                 ; --       ; --           ;
; B14      ; 473        ; 8        ; GND+                                                      ;        ;              ;         ; Column I/O ;                 ; --       ; --           ;
; B15      ; 471        ; 7        ; GND+                                                      ;        ;              ;         ; Column I/O ;                 ; --       ; --           ;
; B16      ;            ;          ; GND                                                       ; gnd    ;              ;         ; --         ;                 ; --       ; --           ;
; B17      ; 463        ; 7        ; RESERVED_INPUT_WITH_WEAK_PULLUP                           ;        ;              ;         ; Column I/O ;                 ; no       ; On           ;
; B18      ; 443        ; 7        ; RESERVED_INPUT_WITH_WEAK_PULLUP                           ;        ;              ;         ; Column I/O ;                 ; no       ; On           ;
; B19      ; 441        ; 7        ; RESERVED_INPUT_WITH_WEAK_PULLUP                           ;        ;              ;         ; Column I/O ;                 ; no       ; On           ;
; B20      ;            ;          ; GND                                                       ; gnd    ;              ;         ; --         ;                 ; --       ; --           ;
; B21      ; 426        ; 7        ; RESERVED_INPUT_WITH_WEAK_PULLUP                           ;        ;              ;         ; Column I/O ;                 ; no       ; On           ;
; B22      ; 424        ; 7        ; RESERVED_INPUT_WITH_WEAK_PULLUP                           ;        ;              ;         ; Column I/O ;                 ; no       ; On           ;
; B23      ; 413        ; 7        ; RESERVED_INPUT_WITH_WEAK_PULLUP                           ;        ;              ;         ; Column I/O ;                 ; no       ; On           ;
; B24      ;            ;          ; GND                                                       ; gnd    ;              ;         ; --         ;                 ; --       ; --           ;
; B25      ; 406        ; 7        ; RESERVED_INPUT_WITH_WEAK_PULLUP                           ;        ;              ;         ; Column I/O ;                 ; no       ; On           ;
; B26      ; 401        ; 7        ; RESERVED_INPUT_WITH_WEAK_PULLUP                           ;        ;              ;         ; Column I/O ;                 ; no       ; On           ;
; B27      ;            ;          ; GND                                                       ; gnd    ;              ;         ; --         ;                 ; --       ; --           ;
; B28      ;            ; 6        ; VCCIO6                                                    ; power  ;              ; 2.5V    ; --         ;                 ; --       ; --           ;
; C1       ;            ;          ; GND                                                       ; gnd    ;              ;         ; --         ;                 ; --       ; --           ;
; C2       ; 1          ; 1        ; RESERVED_INPUT_WITH_WEAK_PULLUP                           ;        ;              ;         ; Row I/O    ;                 ; no       ; On           ;
; C3       ; 543        ; 8        ; RESERVED_INPUT_WITH_WEAK_PULLUP                           ;        ;              ;         ; Column I/O ;                 ; no       ; On           ;
; C4       ; 539        ; 8        ; RESERVED_INPUT_WITH_WEAK_PULLUP                           ;        ;              ;         ; Column I/O ;                 ; no       ; On           ;
; C5       ; 538        ; 8        ; RESERVED_INPUT_WITH_WEAK_PULLUP                           ;        ;              ;         ; Column I/O ;                 ; no       ; On           ;
; C6       ; 536        ; 8        ; RESERVED_INPUT_WITH_WEAK_PULLUP                           ;        ;              ;         ; Column I/O ;                 ; no       ; On           ;
; C7       ; 521        ; 8        ; RESERVED_INPUT_WITH_WEAK_PULLUP                           ;        ;              ;         ; Column I/O ;                 ; no       ; On           ;
; C8       ; 519        ; 8        ; VGA_GREEN_O[4]                                            ; output ; 3.3-V LVTTL  ;         ; Column I/O ; Y               ; no       ; Off          ;
; C9       ; 510        ; 8        ; VGA_GREEN_O[7]                                            ; output ; 3.3-V LVTTL  ;         ; Column I/O ; Y               ; no       ; Off          ;
; C10      ; 495        ; 8        ; VGA_SYNC_O                                                ; output ; 3.3-V LVTTL  ;         ; Column I/O ; Y               ; no       ; Off          ;
; C11      ; 508        ; 8        ; VGA_BLUE_O[2]                                             ; output ; 3.3-V LVTTL  ;         ; Column I/O ; Y               ; no       ; Off          ;
; C12      ; 478        ; 8        ; VGA_BLUE_O[5]                                             ; output ; 3.3-V LVTTL  ;         ; Column I/O ; Y               ; no       ; Off          ;
; C13      ; 474        ; 8        ; VGA_VSYNC_O                                               ; output ; 3.3-V LVTTL  ;         ; Column I/O ; Y               ; no       ; Off          ;
; C14      ; 476        ; 8        ; RESERVED_INPUT_WITH_WEAK_PULLUP                           ;        ;              ;         ; Column I/O ;                 ; no       ; On           ;
; C15      ; 468        ; 7        ; RESERVED_INPUT_WITH_WEAK_PULLUP                           ;        ;              ;         ; Column I/O ;                 ; no       ; On           ;
; C16      ; 460        ; 7        ; RESERVED_INPUT_WITH_WEAK_PULLUP                           ;        ;              ;         ; Column I/O ;                 ; no       ; On           ;
; C17      ; 438        ; 7        ; RESERVED_INPUT_WITH_WEAK_PULLUP                           ;        ;              ;         ; Column I/O ;                 ; no       ; On           ;
; C18      ; 429        ; 7        ; RESERVED_INPUT_WITH_WEAK_PULLUP                           ;        ;              ;         ; Column I/O ;                 ; no       ; On           ;
; C19      ; 435        ; 7        ; RESERVED_INPUT_WITH_WEAK_PULLUP                           ;        ;              ;         ; Column I/O ;                 ; no       ; On           ;
; C20      ; 431        ; 7        ; RESERVED_INPUT_WITH_WEAK_PULLUP                           ;        ;              ;         ; Column I/O ;                 ; no       ; On           ;
; C21      ; 422        ; 7        ; RESERVED_INPUT_WITH_WEAK_PULLUP                           ;        ;              ;         ; Column I/O ;                 ; no       ; On           ;
; C22      ; 418        ; 7        ; RESERVED_INPUT_WITH_WEAK_PULLUP                           ;        ;              ;         ; Column I/O ;                 ; no       ; On           ;
; C23      ; 415        ; 7        ; RESERVED_INPUT_WITH_WEAK_PULLUP                           ;        ;              ;         ; Column I/O ;                 ; no       ; On           ;
; C24      ; 416        ; 7        ; RESERVED_INPUT_WITH_WEAK_PULLUP                           ;        ;              ;         ; Column I/O ;                 ; no       ; On           ;
; C25      ; 411        ; 7        ; RESERVED_INPUT_WITH_WEAK_PULLUP                           ;        ;              ;         ; Column I/O ;                 ; no       ; On           ;
; C26      ; 400        ; 7        ; RESERVED_INPUT_WITH_WEAK_PULLUP                           ;        ;              ;         ; Column I/O ;                 ; no       ; On           ;
; C27      ; 382        ; 6        ; RESERVED_INPUT_WITH_WEAK_PULLUP                           ;        ;              ;         ; Row I/O    ;                 ; no       ; On           ;
; C28      ;            ;          ; GND                                                       ; gnd    ;              ;         ; --         ;                 ; --       ; --           ;
; D1       ; 3          ; 1        ; RESERVED_INPUT_WITH_WEAK_PULLUP                           ;        ;              ;         ; Row I/O    ;                 ; no       ; On           ;
; D2       ; 2          ; 1        ; RESERVED_INPUT_WITH_WEAK_PULLUP                           ;        ;              ;         ; Row I/O    ;                 ; no       ; On           ;
; D3       ;            ;          ; GND                                                       ; gnd    ;              ;         ; --         ;                 ; --       ; --           ;
; D4       ; 540        ; 8        ; RESERVED_INPUT_WITH_WEAK_PULLUP                           ;        ;              ;         ; Column I/O ;                 ; no       ; On           ;
; D5       ; 537        ; 8        ; RESERVED_INPUT_WITH_WEAK_PULLUP                           ;        ;              ;         ; Column I/O ;                 ; no       ; On           ;
; D6       ; 524        ; 8        ; RESERVED_INPUT_WITH_WEAK_PULLUP                           ;        ;              ;         ; Column I/O ;                 ; no       ; On           ;
; D7       ; 522        ; 8        ; RESERVED_INPUT_WITH_WEAK_PULLUP                           ;        ;              ;         ; Column I/O ;                 ; no       ; On           ;
; D8       ; 520        ; 8        ; RESERVED_INPUT_WITH_WEAK_PULLUP                           ;        ;              ;         ; Column I/O ;                 ; no       ; On           ;
; D9       ; 511        ; 8        ; RESERVED_INPUT_WITH_WEAK_PULLUP                           ;        ;              ;         ; Column I/O ;                 ; no       ; On           ;
; D10      ; 496        ; 8        ; VGA_RED_O[2]                                              ; output ; 3.3-V LVTTL  ;         ; Column I/O ; Y               ; no       ; Off          ;
; D11      ; 509        ; 8        ; VGA_BLUE_O[6]                                             ; output ; 3.3-V LVTTL  ;         ; Column I/O ; Y               ; no       ; Off          ;
; D12      ; 479        ; 8        ; VGA_BLUE_O[7]                                             ; output ; 3.3-V LVTTL  ;         ; Column I/O ; Y               ; no       ; Off          ;
; D13      ; 475        ; 8        ; RESERVED_INPUT_WITH_WEAK_PULLUP                           ;        ;              ;         ; Column I/O ;                 ; no       ; On           ;
; D14      ; 477        ; 8        ; RESERVED_INPUT_WITH_WEAK_PULLUP                           ;        ;              ;         ; Column I/O ;                 ; no       ; On           ;
; D15      ; 469        ; 7        ; RESERVED_INPUT_WITH_WEAK_PULLUP                           ;        ;              ;         ; Column I/O ;                 ; no       ; On           ;
; D16      ; 461        ; 7        ; RESERVED_INPUT_WITH_WEAK_PULLUP                           ;        ;              ;         ; Column I/O ;                 ; no       ; On           ;
; D17      ; 439        ; 7        ; RESERVED_INPUT_WITH_WEAK_PULLUP                           ;        ;              ;         ; Column I/O ;                 ; no       ; On           ;
; D18      ; 430        ; 7        ; RESERVED_INPUT_WITH_WEAK_PULLUP                           ;        ;              ;         ; Column I/O ;                 ; no       ; On           ;
; D19      ; 436        ; 7        ; RESERVED_INPUT_WITH_WEAK_PULLUP                           ;        ;              ;         ; Column I/O ;                 ; no       ; On           ;
; D20      ; 432        ; 7        ; RESERVED_INPUT_WITH_WEAK_PULLUP                           ;        ;              ;         ; Column I/O ;                 ; no       ; On           ;
; D21      ; 419        ; 7        ; RESERVED_INPUT_WITH_WEAK_PULLUP                           ;        ;              ;         ; Column I/O ;                 ; no       ; On           ;
; D22      ; 402        ; 7        ; RESERVED_INPUT_WITH_WEAK_PULLUP                           ;        ;              ;         ; Column I/O ;                 ; no       ; On           ;
; D23      ; 414        ; 7        ; RESERVED_INPUT_WITH_WEAK_PULLUP                           ;        ;              ;         ; Column I/O ;                 ; no       ; On           ;
; D24      ; 417        ; 7        ; RESERVED_INPUT_WITH_WEAK_PULLUP                           ;        ;              ;         ; Column I/O ;                 ; no       ; On           ;
; D25      ; 410        ; 7        ; RESERVED_INPUT_WITH_WEAK_PULLUP                           ;        ;              ;         ; Column I/O ;                 ; no       ; On           ;
; D26      ; 383        ; 6        ; RESERVED_INPUT_WITH_WEAK_PULLUP                           ;        ;              ;         ; Row I/O    ;                 ; no       ; On           ;
; D27      ; 381        ; 6        ; RESERVED_INPUT_WITH_WEAK_PULLUP                           ;        ;              ;         ; Row I/O    ;                 ; no       ; On           ;
; D28      ; 380        ; 6        ; RESERVED_INPUT_WITH_WEAK_PULLUP                           ;        ;              ;         ; Row I/O    ;                 ; no       ; On           ;
; E1       ; 17         ; 1        ; RESERVED_INPUT_WITH_WEAK_PULLUP                           ;        ;              ;         ; Row I/O    ;                 ; no       ; On           ;
; E2       ; 16         ; 1        ; ~ALTERA_FLASH_nCE_nCSO~ / RESERVED_INPUT_WITH_WEAK_PULLUP ; input  ; 2.5 V        ;         ; Row I/O    ; N               ; no       ; On           ;
; E3       ; 7          ; 1        ; RESERVED_INPUT_WITH_WEAK_PULLUP                           ;        ;              ;         ; Row I/O    ;                 ; no       ; On           ;
; E4       ; 541        ; 8        ; RESERVED_INPUT_WITH_WEAK_PULLUP                           ;        ;              ;         ; Column I/O ;                 ; no       ; On           ;
; E5       ; 542        ; 8        ; RESERVED_INPUT_WITH_WEAK_PULLUP                           ;        ;              ;         ; Column I/O ;                 ; no       ; On           ;
; E6       ;            ; 8        ; VCCIO8                                                    ; power  ;              ; 3.3V    ; --         ;                 ; --       ; --           ;
; E7       ; 523        ; 8        ; RESERVED_INPUT_WITH_WEAK_PULLUP                           ;        ;              ;         ; Column I/O ;                 ; no       ; On           ;
; E8       ; 526        ; 8        ; RESERVED_INPUT_WITH_WEAK_PULLUP                           ;        ;              ;         ; Column I/O ;                 ; no       ; On           ;
; E9       ;            ; 8        ; VCCIO8                                                    ; power  ;              ; 3.3V    ; --         ;                 ; --       ; --           ;
; E10      ; 516        ; 8        ; RESERVED_INPUT_WITH_WEAK_PULLUP                           ;        ;              ;         ; Column I/O ;                 ; no       ; On           ;
; E11      ; 499        ; 8        ; VGA_RED_O[1]                                              ; output ; 3.3-V LVTTL  ;         ; Column I/O ; Y               ; no       ; Off          ;
; E12      ; 497        ; 8        ; VGA_RED_O[0]                                              ; output ; 3.3-V LVTTL  ;         ; Column I/O ; Y               ; no       ; Off          ;
; E13      ;            ; 8        ; VCCIO8                                                    ; power  ;              ; 3.3V    ; --         ;                 ; --       ; --           ;
; E14      ; 486        ; 8        ; RESERVED_INPUT_WITH_WEAK_PULLUP                           ;        ;              ;         ; Column I/O ;                 ; no       ; On           ;
; E15      ; 467        ; 7        ; RESERVED_INPUT_WITH_WEAK_PULLUP                           ;        ;              ;         ; Column I/O ;                 ; no       ; On           ;
; E16      ;            ; 7        ; VCCIO7                                                    ; power  ;              ; 2.5V    ; --         ;                 ; --       ; --           ;
; E17      ; 456        ; 7        ; SEVEN_SEGMENT_N_O[0][2]                                   ; output ; 2.5 V        ;         ; Column I/O ; Y               ; no       ; Off          ;
; E18      ; 427        ; 7        ; RESERVED_INPUT_WITH_WEAK_PULLUP                           ;        ;              ;         ; Column I/O ;                 ; no       ; On           ;
; E19      ; 421        ; 7        ; RESERVED_INPUT_WITH_WEAK_PULLUP                           ;        ;              ;         ; Column I/O ;                 ; no       ; On           ;
; E20      ;            ; 7        ; VCCIO7                                                    ; power  ;              ; 2.5V    ; --         ;                 ; --       ; --           ;
; E21      ; 407        ; 7        ; LED_GREEN_O[0]                                            ; output ; 2.5 V        ;         ; Column I/O ; Y               ; no       ; Off          ;
; E22      ; 403        ; 7        ; LED_GREEN_O[1]                                            ; output ; 2.5 V        ;         ; Column I/O ; Y               ; no       ; Off          ;
; E23      ;            ; 7        ; VCCIO7                                                    ; power  ;              ; 2.5V    ; --         ;                 ; --       ; --           ;
; E24      ; 433        ; 7        ; LED_GREEN_O[3]                                            ; output ; 2.5 V        ;         ; Column I/O ; Y               ; no       ; Off          ;
; E25      ; 434        ; 7        ; LED_GREEN_O[2]                                            ; output ; 2.5 V        ;         ; Column I/O ; Y               ; no       ; Off          ;
; E26      ; 378        ; 6        ; RESERVED_INPUT_WITH_WEAK_PULLUP                           ;        ;              ;         ; Row I/O    ;                 ; no       ; On           ;
; E27      ; 375        ; 6        ; RESERVED_INPUT_WITH_WEAK_PULLUP                           ;        ;              ;         ; Row I/O    ;                 ; no       ; On           ;
; E28      ; 374        ; 6        ; RESERVED_INPUT_WITH_WEAK_PULLUP                           ;        ;              ;         ; Row I/O    ;                 ; no       ; On           ;
; F1       ; 19         ; 1        ; RESERVED_INPUT_WITH_WEAK_PULLUP                           ;        ;              ;         ; Row I/O    ;                 ; no       ; On           ;
; F2       ; 18         ; 1        ; RESERVED_INPUT_WITH_WEAK_PULLUP                           ;        ;              ;         ; Row I/O    ;                 ; no       ; On           ;
; F3       ; 8          ; 1        ; RESERVED_INPUT_WITH_WEAK_PULLUP                           ;        ;              ;         ; Row I/O    ;                 ; no       ; On           ;
; F4       ; 10         ; 1        ; ~ALTERA_ASDO_DATA1~ / RESERVED_INPUT_WITH_WEAK_PULLUP     ; input  ; 2.5 V        ;         ; Row I/O    ; N               ; no       ; On           ;
; F5       ; 9          ; 1        ; RESERVED_INPUT_WITH_WEAK_PULLUP                           ;        ;              ;         ; Row I/O    ;                 ; no       ; On           ;
; F6       ;            ;          ; GND                                                       ; gnd    ;              ;         ; --         ;                 ; --       ; --           ;
; F7       ; 531        ; 8        ; RESERVED_INPUT_WITH_WEAK_PULLUP                           ;        ;              ;         ; Column I/O ;                 ; no       ; On           ;
; F8       ; 527        ; 8        ; VGA_GREEN_O[2]                                            ; output ; 3.3-V LVTTL  ;         ; Column I/O ; Y               ; no       ; Off          ;
; F9       ;            ;          ; GND                                                       ; gnd    ;              ;         ; --         ;                 ; --       ; --           ;
; F10      ; 512        ; 8        ; VGA_GREEN_O[6]                                            ; output ; 3.3-V LVTTL  ;         ; Column I/O ; Y               ; no       ; Off          ;
; F11      ; 500        ; 8        ; VGA_BLANK_O                                               ; output ; 3.3-V LVTTL  ;         ; Column I/O ; Y               ; no       ; Off          ;
; F12      ; 498        ; 8        ; VGA_RED_O[3]                                              ; output ; 3.3-V LVTTL  ;         ; Column I/O ; Y               ; no       ; Off          ;
; F13      ;            ;          ; GND                                                       ; gnd    ;              ;         ; --         ;                 ; --       ; --           ;
; F14      ; 485        ; 8        ; RESERVED_INPUT_WITH_WEAK_PULLUP                           ;        ;              ;         ; Column I/O ;                 ; no       ; On           ;
; F15      ; 466        ; 7        ; RESERVED_INPUT_WITH_WEAK_PULLUP                           ;        ;              ;         ; Column I/O ;                 ; no       ; On           ;
; F16      ;            ;          ; GND                                                       ; gnd    ;              ;         ; --         ;                 ; --       ; --           ;
; F17      ; 455        ; 7        ; LED_GREEN_O[8]                                            ; output ; 2.5 V        ;         ; Column I/O ; Y               ; no       ; Off          ;
; F18      ; 428        ; 7        ; RESERVED_INPUT_WITH_WEAK_PULLUP                           ;        ;              ;         ; Column I/O ;                 ; no       ; On           ;
; F19      ; 420        ; 7        ; RESERVED_INPUT_WITH_WEAK_PULLUP                           ;        ;              ;         ; Column I/O ;                 ; no       ; On           ;
; F20      ;            ;          ; GND                                                       ; gnd    ;              ;         ; --         ;                 ; --       ; --           ;
; F21      ; 408        ; 7        ; RESERVED_INPUT_WITH_WEAK_PULLUP                           ;        ;              ;         ; Column I/O ;                 ; no       ; On           ;
; F22      ; 409        ; 7        ; SEVEN_SEGMENT_N_O[0][1]                                   ; output ; 2.5 V        ;         ; Column I/O ; Y               ; no       ; Off          ;
; F23      ;            ;          ; GND                                                       ; gnd    ;              ;         ; --         ;                 ; --       ; --           ;
; F24      ; 396        ; 6        ; RESERVED_INPUT_WITH_WEAK_PULLUP                           ;        ;              ;         ; Row I/O    ;                 ; no       ; On           ;
; F25      ; 395        ; 6        ; RESERVED_INPUT_WITH_WEAK_PULLUP                           ;        ;              ;         ; Row I/O    ;                 ; no       ; On           ;
; F26      ; 379        ; 6        ; RESERVED_INPUT_WITH_WEAK_PULLUP                           ;        ;              ;         ; Row I/O    ;                 ; no       ; On           ;
; F27      ; 373        ; 6        ; RESERVED_INPUT_WITH_WEAK_PULLUP                           ;        ;              ;         ; Row I/O    ;                 ; no       ; On           ;
; F28      ; 372        ; 6        ; RESERVED_INPUT_WITH_WEAK_PULLUP                           ;        ;              ;         ; Row I/O    ;                 ; no       ; On           ;
; G1       ; 26         ; 1        ; RESERVED_INPUT_WITH_WEAK_PULLUP                           ;        ;              ;         ; Row I/O    ;                 ; no       ; On           ;
; G2       ; 25         ; 1        ; RESERVED_INPUT_WITH_WEAK_PULLUP                           ;        ;              ;         ; Row I/O    ;                 ; no       ; On           ;
; G3       ; 13         ; 1        ; RESERVED_INPUT_WITH_WEAK_PULLUP                           ;        ;              ;         ; Row I/O    ;                 ; no       ; On           ;
; G4       ; 12         ; 1        ; RESERVED_INPUT_WITH_WEAK_PULLUP                           ;        ;              ;         ; Row I/O    ;                 ; no       ; On           ;
; G5       ; 6          ; 1        ; RESERVED_INPUT_WITH_WEAK_PULLUP                           ;        ;              ;         ; Row I/O    ;                 ; no       ; On           ;
; G6       ; 5          ; 1        ; RESERVED_INPUT_WITH_WEAK_PULLUP                           ;        ;              ;         ; Row I/O    ;                 ; no       ; On           ;
; G7       ; 530        ; 8        ; RESERVED_INPUT_WITH_WEAK_PULLUP                           ;        ;              ;         ; Column I/O ;                 ; no       ; On           ;
; G8       ; 528        ; 8        ; VGA_GREEN_O[0]                                            ; output ; 3.3-V LVTTL  ;         ; Column I/O ; Y               ; no       ; Off          ;
; G9       ; 525        ; 8        ; UART_TX_O                                                 ; output ; 3.3-V LVTTL  ;         ; Column I/O ; Y               ; no       ; Off          ;
; G10      ; 513        ; 8        ; VGA_RED_O[4]                                              ; output ; 3.3-V LVTTL  ;         ; Column I/O ; Y               ; no       ; Off          ;
; G11      ; 506        ; 8        ; VGA_GREEN_O[1]                                            ; output ; 3.3-V LVTTL  ;         ; Column I/O ; Y               ; no       ; Off          ;
; G12      ; 503        ; 8        ; UART_RX_I                                                 ; input  ; 3.3-V LVTTL  ;         ; Column I/O ; Y               ; no       ; Off          ;
; G13      ; 493        ; 8        ; VGA_HSYNC_O                                               ; output ; 3.3-V LVTTL  ;         ; Column I/O ; Y               ; no       ; Off          ;
; G14      ; 484        ; 8        ; RESERVED_INPUT_WITH_WEAK_PULLUP                           ;        ;              ;         ; Column I/O ;                 ; --       ; --           ;
; G15      ; 457        ; 7        ; RESERVED_INPUT_WITH_WEAK_PULLUP                           ;        ;              ;         ; Column I/O ;                 ; --       ; --           ;
; G16      ; 453        ; 7        ; RESERVED_INPUT_WITH_WEAK_PULLUP                           ;        ;              ;         ; Column I/O ;                 ; no       ; On           ;
; G17      ; 437        ; 7        ; RESERVED_INPUT_WITH_WEAK_PULLUP                           ;        ;              ;         ; Column I/O ;                 ; --       ; --           ;
; G18      ; 452        ; 7        ; SEVEN_SEGMENT_N_O[0][0]                                   ; output ; 2.5 V        ;         ; Column I/O ; Y               ; no       ; Off          ;
; G19      ; 451        ; 7        ; RESERVED_INPUT_WITH_WEAK_PULLUP                           ;        ;              ;         ; Column I/O ;                 ; no       ; On           ;
; G20      ; 444        ; 7        ; LED_GREEN_O[5]                                            ; output ; 2.5 V        ;         ; Column I/O ; Y               ; no       ; Off          ;
; G21      ; 445        ; 7        ; LED_GREEN_O[7]                                            ; output ; 2.5 V        ;         ; Column I/O ; Y               ; no       ; Off          ;
; G22      ; 449        ; 7        ; LED_GREEN_O[6]                                            ; output ; 2.5 V        ;         ; Column I/O ; Y               ; no       ; Off          ;
; G23      ; 398        ; 6        ; RESERVED_INPUT_WITH_WEAK_PULLUP                           ;        ;              ;         ; Row I/O    ;                 ; no       ; On           ;
; G24      ; 397        ; 6        ; RESERVED_INPUT_WITH_WEAK_PULLUP                           ;        ;              ;         ; Row I/O    ;                 ; no       ; On           ;
; G25      ; 393        ; 6        ; RESERVED_INPUT_WITH_WEAK_PULLUP                           ;        ;              ;         ; Row I/O    ;                 ; no       ; On           ;
; G26      ; 392        ; 6        ; RESERVED_INPUT_WITH_WEAK_PULLUP                           ;        ;              ;         ; Row I/O    ;                 ; no       ; On           ;
; G27      ; 367        ; 6        ; RESERVED_INPUT_WITH_WEAK_PULLUP                           ;        ;              ;         ; Row I/O    ;                 ; no       ; On           ;
; G28      ; 366        ; 6        ; RESERVED_INPUT_WITH_WEAK_PULLUP                           ;        ;              ;         ; Row I/O    ;                 ; no       ; On           ;
; H1       ;            ; 1        ; VCCIO1                                                    ; power  ;              ; 2.5V    ; --         ;                 ; --       ; --           ;
; H2       ;            ;          ; GND                                                       ; gnd    ;              ;         ; --         ;                 ; --       ; --           ;
; H3       ; 15         ; 1        ; RESERVED_INPUT_WITH_WEAK_PULLUP                           ;        ;              ;         ; Row I/O    ;                 ; no       ; On           ;
; H4       ; 14         ; 1        ; RESERVED_INPUT_WITH_WEAK_PULLUP                           ;        ;              ;         ; Row I/O    ;                 ; no       ; On           ;
; H5       ; 20         ; 1        ; RESERVED_INPUT_WITH_WEAK_PULLUP                           ;        ;              ;         ; Row I/O    ;                 ; no       ; On           ;
; H6       ; 11         ; 1        ; RESERVED_INPUT_WITH_WEAK_PULLUP                           ;        ;              ;         ; Row I/O    ;                 ; no       ; On           ;
; H7       ; 4          ; 1        ; RESERVED_INPUT_WITH_WEAK_PULLUP                           ;        ;              ;         ; Row I/O    ;                 ; --       ; --           ;
; H8       ; 529        ; 8        ; VGA_RED_O[6]                                              ; output ; 3.3-V LVTTL  ;         ; Column I/O ; Y               ; no       ; Off          ;
; H9       ;            ;          ; GNDA3                                                     ; gnd    ;              ;         ; --         ;                 ; --       ; --           ;
; H10      ; 514        ; 8        ; VGA_RED_O[7]                                              ; output ; 3.3-V LVTTL  ;         ; Column I/O ; Y               ; no       ; Off          ;
; H11      ;            ; 8        ; VCCIO8                                                    ; power  ;              ; 3.3V    ; --         ;                 ; --       ; --           ;
; H12      ; 507        ; 8        ; VGA_GREEN_O[3]                                            ; output ; 3.3-V LVTTL  ;         ; Column I/O ; Y               ; no       ; Off          ;
; H13      ; 494        ; 8        ; RESERVED_INPUT_WITH_WEAK_PULLUP                           ;        ;              ;         ; Column I/O ;                 ; no       ; On           ;
; H14      ; 480        ; 8        ; RESERVED_INPUT_WITH_WEAK_PULLUP                           ;        ;              ;         ; Column I/O ;                 ; no       ; On           ;
; H15      ; 464        ; 7        ; RESERVED_INPUT_WITH_WEAK_PULLUP                           ;        ;              ;         ; Column I/O ;                 ; no       ; On           ;
; H16      ; 459        ; 7        ; RESERVED_INPUT_WITH_WEAK_PULLUP                           ;        ;              ;         ; Column I/O ;                 ; no       ; On           ;
; H17      ; 454        ; 7        ; RESERVED_INPUT_WITH_WEAK_PULLUP                           ;        ;              ;         ; Column I/O ;                 ; no       ; On           ;
; H18      ;            ; 7        ; VCCIO7                                                    ; power  ;              ; 2.5V    ; --         ;                 ; --       ; --           ;
; H19      ; 446        ; 7        ; RESERVED_INPUT_WITH_WEAK_PULLUP                           ;        ;              ;         ; Column I/O ;                 ; no       ; On           ;
; H20      ;            ;          ; GNDA2                                                     ; gnd    ;              ;         ; --         ;                 ; --       ; --           ;
; H21      ; 448        ; 7        ; LED_GREEN_O[4]                                            ; output ; 2.5 V        ;         ; Column I/O ; Y               ; no       ; Off          ;
; H22      ; 399        ; 6        ; SEVEN_SEGMENT_N_O[0][6]                                   ; output ; 2.5 V        ;         ; Row I/O    ; Y               ; no       ; Off          ;
; H23      ; 391        ; 6        ; RESERVED_INPUT_WITH_WEAK_PULLUP                           ;        ;              ;         ; Row I/O    ;                 ; no       ; On           ;
; H24      ; 390        ; 6        ; RESERVED_INPUT_WITH_WEAK_PULLUP                           ;        ;              ;         ; Row I/O    ;                 ; no       ; On           ;
; H25      ; 377        ; 6        ; RESERVED_INPUT_WITH_WEAK_PULLUP                           ;        ;              ;         ; Row I/O    ;                 ; no       ; On           ;
; H26      ; 376        ; 6        ; RESERVED_INPUT_WITH_WEAK_PULLUP                           ;        ;              ;         ; Row I/O    ;                 ; no       ; On           ;
; H27      ;            ;          ; GND                                                       ; gnd    ;              ;         ; --         ;                 ; --       ; --           ;
; H28      ;            ; 6        ; VCCIO6                                                    ; power  ;              ; 2.5V    ; --         ;                 ; --       ; --           ;
; J1       ; 64         ; 1        ; GND+                                                      ;        ;              ;         ; Row I/O    ;                 ; --       ; --           ;
; J2       ;            ;          ; GND                                                       ; gnd    ;              ;         ; --         ;                 ; --       ; --           ;
; J3       ; 23         ; 1        ; RESERVED_INPUT_WITH_WEAK_PULLUP                           ;        ;              ;         ; Row I/O    ;                 ; no       ; On           ;
; J4       ; 22         ; 1        ; RESERVED_INPUT_WITH_WEAK_PULLUP                           ;        ;              ;         ; Row I/O    ;                 ; no       ; On           ;
; J5       ; 36         ; 1        ; RESERVED_INPUT_WITH_WEAK_PULLUP                           ;        ;              ;         ; Row I/O    ;                 ; no       ; On           ;
; J6       ; 35         ; 1        ; RESERVED_INPUT_WITH_WEAK_PULLUP                           ;        ;              ;         ; Row I/O    ;                 ; no       ; On           ;
; J7       ; 37         ; 1        ; RESERVED_INPUT_WITH_WEAK_PULLUP                           ;        ;              ;         ; Row I/O    ;                 ; no       ; On           ;
; J8       ;            ; --       ; VCCA3                                                     ; power  ;              ; 2.5V    ; --         ;                 ; --       ; --           ;
; J9       ;            ;          ; VCCD_PLL3                                                 ; power  ;              ; 1.2V    ; --         ;                 ; --       ; --           ;
; J10      ; 515        ; 8        ; RESERVED_INPUT_WITH_WEAK_PULLUP                           ;        ;              ;         ; Column I/O ;                 ; no       ; On           ;
; J11      ;            ;          ; GND                                                       ; gnd    ;              ;         ; --         ;                 ; --       ; --           ;
; J12      ; 490        ; 8        ; VGA_RED_O[5]                                              ; output ; 3.3-V LVTTL  ;         ; Column I/O ; Y               ; no       ; Off          ;
; J13      ; 489        ; 8        ; RESERVED_INPUT_WITH_WEAK_PULLUP                           ;        ;              ;         ; Column I/O ;                 ; no       ; On           ;
; J14      ; 481        ; 8        ; RESERVED_INPUT_WITH_WEAK_PULLUP                           ;        ;              ;         ; Column I/O ;                 ; no       ; On           ;
; J15      ; 465        ; 7        ; RESERVED_INPUT_WITH_WEAK_PULLUP                           ;        ;              ;         ; Column I/O ;                 ; no       ; On           ;
; J16      ; 458        ; 7        ; RESERVED_INPUT_WITH_WEAK_PULLUP                           ;        ;              ;         ; Column I/O ;                 ; no       ; On           ;
; J17      ; 450        ; 7        ; RESERVED_INPUT_WITH_WEAK_PULLUP                           ;        ;              ;         ; Column I/O ;                 ; no       ; On           ;
; J18      ;            ;          ; GND                                                       ; gnd    ;              ;         ; --         ;                 ; --       ; --           ;
; J19      ; 447        ; 7        ; RESERVED_INPUT_WITH_WEAK_PULLUP                           ;        ;              ;         ; Column I/O ;                 ; no       ; On           ;
; J20      ;            ;          ; VCCD_PLL2                                                 ; power  ;              ; 1.2V    ; --         ;                 ; --       ; --           ;
; J21      ;            ; --       ; VCCA2                                                     ; power  ;              ; 2.5V    ; --         ;                 ; --       ; --           ;
; J22      ; 394        ; 6        ; SEVEN_SEGMENT_N_O[0][5]                                   ; output ; 2.5 V        ;         ; Row I/O    ; Y               ; no       ; Off          ;
; J23      ; 387        ; 6        ; RESERVED_INPUT_WITH_WEAK_PULLUP                           ;        ;              ;         ; Row I/O    ;                 ; no       ; On           ;
; J24      ; 386        ; 6        ; RESERVED_INPUT_WITH_WEAK_PULLUP                           ;        ;              ;         ; Row I/O    ;                 ; no       ; On           ;
; J25      ; 365        ; 6        ; RESERVED_INPUT_WITH_WEAK_PULLUP                           ;        ;              ;         ; Row I/O    ;                 ; no       ; On           ;
; J26      ; 364        ; 6        ; RESERVED_INPUT_WITH_WEAK_PULLUP                           ;        ;              ;         ; Row I/O    ;                 ; no       ; On           ;
; J27      ; 338        ; 6        ; GND+                                                      ;        ;              ;         ; Row I/O    ;                 ; --       ; --           ;
; J28      ; 337        ; 6        ; GND+                                                      ;        ;              ;         ; Row I/O    ;                 ; --       ; --           ;
; K1       ; 28         ; 1        ; RESERVED_INPUT_WITH_WEAK_PULLUP                           ;        ;              ;         ; Row I/O    ;                 ; no       ; On           ;
; K2       ; 27         ; 1        ; RESERVED_INPUT_WITH_WEAK_PULLUP                           ;        ;              ;         ; Row I/O    ;                 ; no       ; On           ;
; K3       ; 30         ; 1        ; RESERVED_INPUT_WITH_WEAK_PULLUP                           ;        ;              ;         ; Row I/O    ;                 ; no       ; On           ;
; K4       ; 29         ; 1        ; RESERVED_INPUT_WITH_WEAK_PULLUP                           ;        ;              ;         ; Row I/O    ;                 ; no       ; On           ;
; K5       ;            ; 1        ; VCCIO1                                                    ; power  ;              ; 2.5V    ; --         ;                 ; --       ; --           ;
; K6       ;            ;          ; GND                                                       ; gnd    ;              ;         ; --         ;                 ; --       ; --           ;
; K7       ; 38         ; 1        ; RESERVED_INPUT_WITH_WEAK_PULLUP                           ;        ;              ;         ; Row I/O    ;                 ; no       ; On           ;
; K8       ; 39         ; 1        ; RESERVED_INPUT_WITH_WEAK_PULLUP                           ;        ;              ;         ; Row I/O    ;                 ; no       ; On           ;
; K9       ;            ;          ; VCCINT                                                    ; power  ;              ; 1.2V    ; --         ;                 ; --       ; --           ;
; K10      ;            ;          ; GND                                                       ; gnd    ;              ;         ; --         ;                 ; --       ; --           ;
; K11      ;            ;          ; VCCINT                                                    ; power  ;              ; 1.2V    ; --         ;                 ; --       ; --           ;
; K12      ;            ;          ; GND                                                       ; gnd    ;              ;         ; --         ;                 ; --       ; --           ;
; K13      ;            ;          ; VCCINT                                                    ; power  ;              ; 1.2V    ; --         ;                 ; --       ; --           ;
; K14      ;            ;          ; GND                                                       ; gnd    ;              ;         ; --         ;                 ; --       ; --           ;
; K15      ;            ;          ; VCCINT                                                    ; power  ;              ; 1.2V    ; --         ;                 ; --       ; --           ;
; K16      ;            ;          ; GND                                                       ; gnd    ;              ;         ; --         ;                 ; --       ; --           ;
; K17      ;            ;          ; VCCINT                                                    ; power  ;              ; 1.2V    ; --         ;                 ; --       ; --           ;
; K18      ;            ;          ; GND                                                       ; gnd    ;              ;         ; --         ;                 ; --       ; --           ;
; K19      ;            ;          ; VCCINT                                                    ; power  ;              ; 1.2V    ; --         ;                 ; --       ; --           ;
; K20      ;            ;          ; GND                                                       ; gnd    ;              ;         ; --         ;                 ; --       ; --           ;
; K21      ; 389        ; 6        ; RESERVED_INPUT_WITH_WEAK_PULLUP                           ;        ;              ;         ; Row I/O    ;                 ; no       ; On           ;
; K22      ; 388        ; 6        ; RESERVED_INPUT_WITH_WEAK_PULLUP                           ;        ;              ;         ; Row I/O    ;                 ; no       ; On           ;
; K23      ;            ;          ; GND                                                       ; gnd    ;              ;         ; --         ;                 ; --       ; --           ;
; K24      ;            ; 6        ; VCCIO6                                                    ; power  ;              ; 2.5V    ; --         ;                 ; --       ; --           ;
; K25      ; 371        ; 6        ; RESERVED_INPUT_WITH_WEAK_PULLUP                           ;        ;              ;         ; Row I/O    ;                 ; no       ; On           ;
; K26      ; 370        ; 6        ; RESERVED_INPUT_WITH_WEAK_PULLUP                           ;        ;              ;         ; Row I/O    ;                 ; no       ; On           ;
; K27      ; 362        ; 6        ; RESERVED_INPUT_WITH_WEAK_PULLUP                           ;        ;              ;         ; Row I/O    ;                 ; no       ; On           ;
; K28      ; 361        ; 6        ; RESERVED_INPUT_WITH_WEAK_PULLUP                           ;        ;              ;         ; Row I/O    ;                 ; no       ; On           ;
; L1       ; 49         ; 1        ; RESERVED_INPUT_WITH_WEAK_PULLUP                           ;        ;              ;         ; Row I/O    ;                 ; no       ; On           ;
; L2       ; 48         ; 1        ; RESERVED_INPUT_WITH_WEAK_PULLUP                           ;        ;              ;         ; Row I/O    ;                 ; no       ; On           ;
; L3       ; 32         ; 1        ; RESERVED_INPUT_WITH_WEAK_PULLUP                           ;        ;              ;         ; Row I/O    ;                 ; no       ; On           ;
; L4       ; 31         ; 1        ; RESERVED_INPUT_WITH_WEAK_PULLUP                           ;        ;              ;         ; Row I/O    ;                 ; no       ; On           ;
; L5       ; 21         ; 1        ; RESERVED_INPUT_WITH_WEAK_PULLUP                           ;        ;              ;         ; Row I/O    ;                 ; --       ; --           ;
; L6       ; 43         ; 1        ; RESERVED_INPUT_WITH_WEAK_PULLUP                           ;        ;              ;         ; Row I/O    ;                 ; no       ; On           ;
; L7       ; 42         ; 1        ; RESERVED_INPUT_WITH_WEAK_PULLUP                           ;        ;              ;         ; Row I/O    ;                 ; no       ; On           ;
; L8       ; 40         ; 1        ; RESERVED_INPUT_WITH_WEAK_PULLUP                           ;        ;              ;         ; Row I/O    ;                 ; no       ; On           ;
; L9       ;            ;          ; GND                                                       ; gnd    ;              ;         ; --         ;                 ; --       ; --           ;
; L10      ;            ;          ; VCCINT                                                    ; power  ;              ; 1.2V    ; --         ;                 ; --       ; --           ;
; L11      ;            ;          ; GND                                                       ; gnd    ;              ;         ; --         ;                 ; --       ; --           ;
; L12      ;            ;          ; VCCINT                                                    ; power  ;              ; 1.2V    ; --         ;                 ; --       ; --           ;
; L13      ;            ;          ; GND                                                       ; gnd    ;              ;         ; --         ;                 ; --       ; --           ;
; L14      ;            ;          ; VCCINT                                                    ; power  ;              ; 1.2V    ; --         ;                 ; --       ; --           ;
; L15      ;            ;          ; GND                                                       ; gnd    ;              ;         ; --         ;                 ; --       ; --           ;
; L16      ;            ;          ; VCCINT                                                    ; power  ;              ; 1.2V    ; --         ;                 ; --       ; --           ;
; L17      ;            ;          ; GND                                                       ; gnd    ;              ;         ; --         ;                 ; --       ; --           ;
; L18      ;            ;          ; VCCINT                                                    ; power  ;              ; 1.2V    ; --         ;                 ; --       ; --           ;
; L19      ;            ;          ; GND                                                       ; gnd    ;              ;         ; --         ;                 ; --       ; --           ;
; L20      ;            ;          ; VCCINT                                                    ; power  ;              ; 1.2V    ; --         ;                 ; --       ; --           ;
; L21      ; 385        ; 6        ; RESERVED_INPUT_WITH_WEAK_PULLUP                           ;        ;              ;         ; Row I/O    ;                 ; no       ; On           ;
; L22      ; 384        ; 6        ; RESERVED_INPUT_WITH_WEAK_PULLUP                           ;        ;              ;         ; Row I/O    ;                 ; no       ; On           ;
; L23      ; 360        ; 6        ; RESERVED_INPUT_WITH_WEAK_PULLUP                           ;        ;              ;         ; Row I/O    ;                 ; no       ; On           ;
; L24      ; 359        ; 6        ; RESERVED_INPUT_WITH_WEAK_PULLUP                           ;        ;              ;         ; Row I/O    ;                 ; no       ; On           ;
; L25      ; 369        ; 6        ; SEVEN_SEGMENT_N_O[0][4]                                   ; output ; 2.5 V        ;         ; Row I/O    ; Y               ; no       ; Off          ;
; L26      ; 363        ; 6        ; SEVEN_SEGMENT_N_O[0][3]                                   ; output ; 2.5 V        ;         ; Row I/O    ; Y               ; no       ; Off          ;
; L27      ; 358        ; 6        ; RESERVED_INPUT_WITH_WEAK_PULLUP                           ;        ;              ;         ; Row I/O    ;                 ; no       ; On           ;
; L28      ; 357        ; 6        ; RESERVED_INPUT_WITH_WEAK_PULLUP                           ;        ;              ;         ; Row I/O    ;                 ; no       ; On           ;
; M1       ; 51         ; 1        ; RESERVED_INPUT_WITH_WEAK_PULLUP                           ;        ;              ;         ; Row I/O    ;                 ; no       ; On           ;
; M2       ; 50         ; 1        ; RESERVED_INPUT_WITH_WEAK_PULLUP                           ;        ;              ;         ; Row I/O    ;                 ; no       ; On           ;
; M3       ; 34         ; 1        ; RESERVED_INPUT_WITH_WEAK_PULLUP                           ;        ;              ;         ; Row I/O    ;                 ; no       ; On           ;
; M4       ; 33         ; 1        ; RESERVED_INPUT_WITH_WEAK_PULLUP                           ;        ;              ;         ; Row I/O    ;                 ; no       ; On           ;
; M5       ; 41         ; 1        ; RESERVED_INPUT_WITH_WEAK_PULLUP                           ;        ;              ;         ; Row I/O    ;                 ; --       ; --           ;
; M6       ; 24         ; 1        ; ^nSTATUS                                                  ;        ;              ;         ; --         ;                 ; --       ; --           ;
; M7       ; 47         ; 1        ; RESERVED_INPUT_WITH_WEAK_PULLUP                           ;        ;              ;         ; Row I/O    ;                 ; no       ; On           ;
; M8       ; 46         ; 1        ; RESERVED_INPUT_WITH_WEAK_PULLUP                           ;        ;              ;         ; Row I/O    ;                 ; no       ; On           ;
; M9       ;            ;          ; VCCINT                                                    ; power  ;              ; 1.2V    ; --         ;                 ; --       ; --           ;
; M10      ;            ;          ; GND                                                       ; gnd    ;              ;         ; --         ;                 ; --       ; --           ;
; M11      ;            ;          ; VCCINT                                                    ; power  ;              ; 1.2V    ; --         ;                 ; --       ; --           ;
; M12      ;            ;          ; GND                                                       ; gnd    ;              ;         ; --         ;                 ; --       ; --           ;
; M13      ;            ;          ; VCCINT                                                    ; power  ;              ; 1.2V    ; --         ;                 ; --       ; --           ;
; M14      ;            ;          ; GND                                                       ; gnd    ;              ;         ; --         ;                 ; --       ; --           ;
; M15      ;            ;          ; VCCINT                                                    ; power  ;              ; 1.2V    ; --         ;                 ; --       ; --           ;
; M16      ;            ;          ; GND                                                       ; gnd    ;              ;         ; --         ;                 ; --       ; --           ;
; M17      ;            ;          ; VCCINT                                                    ; power  ;              ; 1.2V    ; --         ;                 ; --       ; --           ;
; M18      ;            ;          ; GND                                                       ; gnd    ;              ;         ; --         ;                 ; --       ; --           ;
; M19      ;            ;          ; VCCINT                                                    ; power  ;              ; 1.2V    ; --         ;                 ; --       ; --           ;
; M20      ;            ;          ; GND                                                       ; gnd    ;              ;         ; --         ;                 ; --       ; --           ;
; M21      ; 368        ; 6        ; PUSH_BUTTON_N_I[1]                                        ; input  ; 2.5 V        ;         ; Row I/O    ; Y               ; no       ; Off          ;
; M22      ; 342        ; 6        ; ^MSEL2                                                    ;        ;              ;         ; --         ;                 ; --       ; --           ;
; M23      ; 344        ; 6        ; PUSH_BUTTON_N_I[0]                                        ; input  ; 2.5 V        ;         ; Row I/O    ; Y               ; no       ; Off          ;
; M24      ; 347        ; 6        ; SEVEN_SEGMENT_N_O[1][0]                                   ; output ; 2.5 V        ;         ; Row I/O    ; Y               ; no       ; Off          ;
; M25      ; 356        ; 6        ; RESERVED_INPUT_WITH_WEAK_PULLUP                           ;        ;              ;         ; Row I/O    ;                 ; no       ; On           ;
; M26      ; 355        ; 6        ; RESERVED_INPUT_WITH_WEAK_PULLUP                           ;        ;              ;         ; Row I/O    ;                 ; no       ; On           ;
; M27      ; 354        ; 6        ; RESERVED_INPUT_WITH_WEAK_PULLUP                           ;        ;              ;         ; Row I/O    ;                 ; no       ; On           ;
; M28      ; 353        ; 6        ; RESERVED_INPUT_WITH_WEAK_PULLUP                           ;        ;              ;         ; Row I/O    ;                 ; no       ; On           ;
; N1       ;            ; 1        ; VCCIO1                                                    ; power  ;              ; 2.5V    ; --         ;                 ; --       ; --           ;
; N2       ;            ;          ; GND                                                       ; gnd    ;              ;         ; --         ;                 ; --       ; --           ;
; N3       ; 45         ; 1        ; RESERVED_INPUT_WITH_WEAK_PULLUP                           ;        ;              ;         ; Row I/O    ;                 ; no       ; On           ;
; N4       ; 44         ; 1        ; RESERVED_INPUT_WITH_WEAK_PULLUP                           ;        ;              ;         ; Row I/O    ;                 ; no       ; On           ;
; N5       ;            ; 1        ; VCCIO1                                                    ; power  ;              ; 2.5V    ; --         ;                 ; --       ; --           ;
; N6       ;            ;          ; GND                                                       ; gnd    ;              ;         ; --         ;                 ; --       ; --           ;
; N7       ; 56         ; 1        ; ~ALTERA_DATA0~ / RESERVED_INPUT_WITH_WEAK_PULLUP          ; input  ; 2.5 V        ;         ; Row I/O    ; N               ; no       ; On           ;
; N8       ; 54         ; 1        ; RESERVED_INPUT_WITH_WEAK_PULLUP                           ;        ;              ;         ; Row I/O    ;                 ; no       ; On           ;
; N9       ;            ;          ; GND                                                       ; gnd    ;              ;         ; --         ;                 ; --       ; --           ;
; N10      ;            ;          ; VCCINT                                                    ; power  ;              ; 1.2V    ; --         ;                 ; --       ; --           ;
; N11      ;            ;          ; GND                                                       ; gnd    ;              ;         ; --         ;                 ; --       ; --           ;
; N12      ;            ;          ; VCCINT                                                    ; power  ;              ; 1.2V    ; --         ;                 ; --       ; --           ;
; N13      ;            ;          ; GND                                                       ; gnd    ;              ;         ; --         ;                 ; --       ; --           ;
; N14      ;            ;          ; VCCINT                                                    ; power  ;              ; 1.2V    ; --         ;                 ; --       ; --           ;
; N15      ;            ;          ; GND                                                       ; gnd    ;              ;         ; --         ;                 ; --       ; --           ;
; N16      ;            ;          ; VCCINT                                                    ; power  ;              ; 1.2V    ; --         ;                 ; --       ; --           ;
; N17      ;            ;          ; GND                                                       ; gnd    ;              ;         ; --         ;                 ; --       ; --           ;
; N18      ;            ;          ; VCCINT                                                    ; power  ;              ; 1.2V    ; --         ;                 ; --       ; --           ;
; N19      ;            ;          ; GND                                                       ; gnd    ;              ;         ; --         ;                 ; --       ; --           ;
; N20      ;            ;          ; VCCINT                                                    ; power  ;              ; 1.2V    ; --         ;                 ; --       ; --           ;
; N21      ; 348        ; 6        ; PUSH_BUTTON_N_I[2]                                        ; input  ; 2.5 V        ;         ; Row I/O    ; Y               ; no       ; Off          ;
; N22      ; 340        ; 6        ; ^MSEL0                                                    ;        ;              ;         ; --         ;                 ; --       ; --           ;
; N23      ;            ;          ; GND                                                       ; gnd    ;              ;         ; --         ;                 ; --       ; --           ;
; N24      ;            ; 6        ; VCCIO6                                                    ; power  ;              ; 2.5V    ; --         ;                 ; --       ; --           ;
; N25      ; 352        ; 6        ; RESERVED_INPUT_WITH_WEAK_PULLUP                           ;        ;              ;         ; Row I/O    ;                 ; no       ; On           ;
; N26      ; 351        ; 6        ; RESERVED_INPUT_WITH_WEAK_PULLUP                           ;        ;              ;         ; Row I/O    ;                 ; no       ; On           ;
; N27      ;            ;          ; GND                                                       ; gnd    ;              ;         ; --         ;                 ; --       ; --           ;
; N28      ;            ; 6        ; VCCIO6                                                    ; power  ;              ; 2.5V    ; --         ;                 ; --       ; --           ;
; P1       ; 53         ; 1        ; RESERVED_INPUT_WITH_WEAK_PULLUP                           ;        ;              ;         ; Row I/O    ;                 ; no       ; On           ;
; P2       ; 52         ; 1        ; RESERVED_INPUT_WITH_WEAK_PULLUP                           ;        ;              ;         ; Row I/O    ;                 ; no       ; On           ;
; P3       ; 55         ; 1        ; ~ALTERA_DCLK~                                             ; output ; 2.5 V        ;         ; Row I/O    ; N               ; no       ; On           ;
; P4       ; 57         ; 1        ; ^nCONFIG                                                  ;        ;              ;         ; --         ;                 ; --       ; --           ;
; P5       ; 59         ; 1        ; #TCK                                                      ; input  ;              ;         ; --         ;                 ; --       ; --           ;
; P6       ; 61         ; 1        ; #TDO                                                      ; output ;              ;         ; --         ;                 ; --       ; --           ;
; P7       ; 58         ; 1        ; #TDI                                                      ; input  ;              ;         ; --         ;                 ; --       ; --           ;
; P8       ; 60         ; 1        ; #TMS                                                      ; input  ;              ;         ; --         ;                 ; --       ; --           ;
; P9       ;            ;          ; VCCINT                                                    ; power  ;              ; 1.2V    ; --         ;                 ; --       ; --           ;
; P10      ;            ;          ; GND                                                       ; gnd    ;              ;         ; --         ;                 ; --       ; --           ;
; P11      ;            ;          ; VCCINT                                                    ; power  ;              ; 1.2V    ; --         ;                 ; --       ; --           ;
; P12      ;            ;          ; GND                                                       ; gnd    ;              ;         ; --         ;                 ; --       ; --           ;
; P13      ;            ;          ; VCCINT                                                    ; power  ;              ; 1.2V    ; --         ;                 ; --       ; --           ;
; P14      ;            ;          ; GND                                                       ; gnd    ;              ;         ; --         ;                 ; --       ; --           ;
; P15      ;            ;          ; VCCINT                                                    ; power  ;              ; 1.2V    ; --         ;                 ; --       ; --           ;
; P16      ;            ;          ; GND                                                       ; gnd    ;              ;         ; --         ;                 ; --       ; --           ;
; P17      ;            ;          ; VCCINT                                                    ; power  ;              ; 1.2V    ; --         ;                 ; --       ; --           ;
; P18      ;            ;          ; GND                                                       ; gnd    ;              ;         ; --         ;                 ; --       ; --           ;
; P19      ;            ;          ; VCCINT                                                    ; power  ;              ; 1.2V    ; --         ;                 ; --       ; --           ;
; P20      ;            ;          ; GND                                                       ; gnd    ;              ;         ; --         ;                 ; --       ; --           ;
; P21      ; 334        ; 5        ; RESERVED_INPUT_WITH_WEAK_PULLUP                           ;        ;              ;         ; Row I/O    ;                 ; no       ; On           ;
; P22      ; 343        ; 6        ; ^MSEL3                                                    ;        ;              ;         ; --         ;                 ; --       ; --           ;
; P23      ; 341        ; 6        ; ^MSEL1                                                    ;        ;              ;         ; --         ;                 ; --       ; --           ;
; P24      ; 339        ; 6        ; ^CONF_DONE                                                ;        ;              ;         ; --         ;                 ; --       ; --           ;
; P25      ; 346        ; 6        ; RESERVED_INPUT_WITH_WEAK_PULLUP                           ;        ;              ;         ; Row I/O    ;                 ; no       ; On           ;
; P26      ; 345        ; 6        ; RESERVED_INPUT_WITH_WEAK_PULLUP                           ;        ;              ;         ; Row I/O    ;                 ; no       ; On           ;
; P27      ; 350        ; 6        ; RESERVED_INPUT_WITH_WEAK_PULLUP                           ;        ;              ;         ; Row I/O    ;                 ; no       ; On           ;
; P28      ; 349        ; 6        ; ~ALTERA_nCEO~ / RESERVED_OUTPUT_OPEN_DRAIN                ; output ; 2.5 V        ;         ; Row I/O    ; N               ; no       ; Off          ;
; R1       ; 68         ; 2        ; RESERVED_INPUT_WITH_WEAK_PULLUP                           ;        ;              ;         ; Row I/O    ;                 ; no       ; On           ;
; R2       ; 67         ; 2        ; RESERVED_INPUT_WITH_WEAK_PULLUP                           ;        ;              ;         ; Row I/O    ;                 ; no       ; On           ;
; R3       ; 73         ; 2        ; RESERVED_INPUT_WITH_WEAK_PULLUP                           ;        ;              ;         ; Row I/O    ;                 ; no       ; On           ;
; R4       ; 74         ; 2        ; RESERVED_INPUT_WITH_WEAK_PULLUP                           ;        ;              ;         ; Row I/O    ;                 ; no       ; On           ;
; R5       ; 77         ; 2        ; RESERVED_INPUT_WITH_WEAK_PULLUP                           ;        ;              ;         ; Row I/O    ;                 ; no       ; On           ;
; R6       ; 70         ; 2        ; RESERVED_INPUT_WITH_WEAK_PULLUP                           ;        ;              ;         ; Row I/O    ;                 ; no       ; On           ;
; R7       ; 69         ; 2        ; RESERVED_INPUT_WITH_WEAK_PULLUP                           ;        ;              ;         ; Row I/O    ;                 ; no       ; On           ;
; R8       ; 62         ; 1        ; ^nCE                                                      ;        ;              ;         ; --         ;                 ; --       ; --           ;
; R9       ;            ;          ; GND                                                       ; gnd    ;              ;         ; --         ;                 ; --       ; --           ;
; R10      ;            ;          ; VCCINT                                                    ; power  ;              ; 1.2V    ; --         ;                 ; --       ; --           ;
; R11      ;            ;          ; GND                                                       ; gnd    ;              ;         ; --         ;                 ; --       ; --           ;
; R12      ;            ;          ; VCCINT                                                    ; power  ;              ; 1.2V    ; --         ;                 ; --       ; --           ;
; R13      ;            ;          ; GND                                                       ; gnd    ;              ;         ; --         ;                 ; --       ; --           ;
; R14      ;            ;          ; VCCINT                                                    ; power  ;              ; 1.2V    ; --         ;                 ; --       ; --           ;
; R15      ;            ;          ; GND                                                       ; gnd    ;              ;         ; --         ;                 ; --       ; --           ;
; R16      ;            ;          ; VCCINT                                                    ; power  ;              ; 1.2V    ; --         ;                 ; --       ; --           ;
; R17      ;            ;          ; GND                                                       ; gnd    ;              ;         ; --         ;                 ; --       ; --           ;
; R18      ;            ;          ; VCCINT                                                    ; power  ;              ; 1.2V    ; --         ;                 ; --       ; --           ;
; R19      ;            ;          ; GND                                                       ; gnd    ;              ;         ; --         ;                 ; --       ; --           ;
; R20      ;            ;          ; VCCINT                                                    ; power  ;              ; 1.2V    ; --         ;                 ; --       ; --           ;
; R21      ; 333        ; 5        ; RESERVED_INPUT_WITH_WEAK_PULLUP                           ;        ;              ;         ; Row I/O    ;                 ; no       ; On           ;
; R22      ; 332        ; 5        ; RESERVED_INPUT_WITH_WEAK_PULLUP                           ;        ;              ;         ; Row I/O    ;                 ; no       ; On           ;
; R23      ; 331        ; 5        ; RESERVED_INPUT_WITH_WEAK_PULLUP                           ;        ;              ;         ; Row I/O    ;                 ; no       ; On           ;
; R24      ; 330        ; 5        ; PUSH_BUTTON_N_I[3]                                        ; input  ; 2.5 V        ;         ; Row I/O    ; Y               ; no       ; Off          ;
; R25      ; 327        ; 5        ; RESERVED_INPUT_WITH_WEAK_PULLUP                           ;        ;              ;         ; Row I/O    ;                 ; no       ; On           ;
; R26      ; 326        ; 5        ; RESERVED_INPUT_WITH_WEAK_PULLUP                           ;        ;              ;         ; Row I/O    ;                 ; no       ; On           ;
; R27      ; 329        ; 5        ; RESERVED_INPUT_WITH_WEAK_PULLUP                           ;        ;              ;         ; Row I/O    ;                 ; no       ; On           ;
; R28      ; 328        ; 5        ; RESERVED_INPUT_WITH_WEAK_PULLUP                           ;        ;              ;         ; Row I/O    ;                 ; no       ; On           ;
; T1       ;            ; 2        ; VCCIO2                                                    ; power  ;              ; 3.3V    ; --         ;                 ; --       ; --           ;
; T2       ;            ;          ; GND                                                       ; gnd    ;              ;         ; --         ;                 ; --       ; --           ;
; T3       ; 76         ; 2        ; RESERVED_INPUT_WITH_WEAK_PULLUP                           ;        ;              ;         ; Row I/O    ;                 ; no       ; On           ;
; T4       ; 75         ; 2        ; RESERVED_INPUT_WITH_WEAK_PULLUP                           ;        ;              ;         ; Row I/O    ;                 ; no       ; On           ;
; T5       ;            ; 2        ; VCCIO2                                                    ; power  ;              ; 3.3V    ; --         ;                 ; --       ; --           ;
; T6       ;            ;          ; GND                                                       ; gnd    ;              ;         ; --         ;                 ; --       ; --           ;
; T7       ; 78         ; 2        ; SRAM_ADDRESS_O[9]                                         ; output ; 3.3-V LVTTL  ;         ; Row I/O    ; Y               ; no       ; Off          ;
; T8       ; 100        ; 2        ; SRAM_ADDRESS_O[19]                                        ; output ; 3.3-V LVTTL  ;         ; Row I/O    ; Y               ; no       ; Off          ;
; T9       ;            ;          ; VCCINT                                                    ; power  ;              ; 1.2V    ; --         ;                 ; --       ; --           ;
; T10      ;            ;          ; GND                                                       ; gnd    ;              ;         ; --         ;                 ; --       ; --           ;
; T11      ;            ;          ; VCCINT                                                    ; power  ;              ; 1.2V    ; --         ;                 ; --       ; --           ;
; T12      ;            ;          ; GND                                                       ; gnd    ;              ;         ; --         ;                 ; --       ; --           ;
; T13      ;            ;          ; VCCINT                                                    ; power  ;              ; 1.2V    ; --         ;                 ; --       ; --           ;
; T14      ;            ;          ; GND                                                       ; gnd    ;              ;         ; --         ;                 ; --       ; --           ;
; T15      ;            ;          ; VCCINT                                                    ; power  ;              ; 1.2V    ; --         ;                 ; --       ; --           ;
; T16      ;            ;          ; GND                                                       ; gnd    ;              ;         ; --         ;                 ; --       ; --           ;
; T17      ;            ;          ; VCCINT                                                    ; power  ;              ; 1.2V    ; --         ;                 ; --       ; --           ;
; T18      ;            ;          ; GND                                                       ; gnd    ;              ;         ; --         ;                 ; --       ; --           ;
; T19      ;            ;          ; VCCINT                                                    ; power  ;              ; 1.2V    ; --         ;                 ; --       ; --           ;
; T20      ;            ;          ; GND                                                       ; gnd    ;              ;         ; --         ;                 ; --       ; --           ;
; T21      ; 325        ; 5        ; RESERVED_INPUT_WITH_WEAK_PULLUP                           ;        ;              ;         ; Row I/O    ;                 ; no       ; On           ;
; T22      ; 324        ; 5        ; RESERVED_INPUT_WITH_WEAK_PULLUP                           ;        ;              ;         ; Row I/O    ;                 ; no       ; On           ;
; T23      ;            ;          ; GND                                                       ; gnd    ;              ;         ; --         ;                 ; --       ; --           ;
; T24      ;            ; 5        ; VCCIO5                                                    ; power  ;              ; 2.5V    ; --         ;                 ; --       ; --           ;
; T25      ; 323        ; 5        ; RESERVED_INPUT_WITH_WEAK_PULLUP                           ;        ;              ;         ; Row I/O    ;                 ; no       ; On           ;
; T26      ; 322        ; 5        ; RESERVED_INPUT_WITH_WEAK_PULLUP                           ;        ;              ;         ; Row I/O    ;                 ; no       ; On           ;
; T27      ;            ;          ; GND                                                       ; gnd    ;              ;         ; --         ;                 ; --       ; --           ;
; T28      ;            ; 5        ; VCCIO5                                                    ; power  ;              ; 2.5V    ; --         ;                 ; --       ; --           ;
; U1       ; 80         ; 2        ; RESERVED_INPUT_WITH_WEAK_PULLUP                           ;        ;              ;         ; Row I/O    ;                 ; no       ; On           ;
; U2       ; 79         ; 2        ; RESERVED_INPUT_WITH_WEAK_PULLUP                           ;        ;              ;         ; Row I/O    ;                 ; no       ; On           ;
; U3       ; 71         ; 2        ; RESERVED_INPUT_WITH_WEAK_PULLUP                           ;        ;              ;         ; Row I/O    ;                 ; no       ; On           ;
; U4       ; 72         ; 2        ; RESERVED_INPUT_WITH_WEAK_PULLUP                           ;        ;              ;         ; Row I/O    ;                 ; no       ; On           ;
; U5       ; 90         ; 2        ; RESERVED_INPUT_WITH_WEAK_PULLUP                           ;        ;              ;         ; Row I/O    ;                 ; no       ; On           ;
; U6       ; 89         ; 2        ; RESERVED_INPUT_WITH_WEAK_PULLUP                           ;        ;              ;         ; Row I/O    ;                 ; no       ; On           ;
; U7       ; 103        ; 2        ; RESERVED_INPUT_WITH_WEAK_PULLUP                           ;        ;              ;         ; Row I/O    ;                 ; no       ; On           ;
; U8       ; 104        ; 2        ; RESERVED_INPUT_WITH_WEAK_PULLUP                           ;        ;              ;         ; Row I/O    ;                 ; no       ; On           ;
; U9       ;            ;          ; GND                                                       ; gnd    ;              ;         ; --         ;                 ; --       ; --           ;
; U10      ;            ;          ; VCCINT                                                    ; power  ;              ; 1.2V    ; --         ;                 ; --       ; --           ;
; U11      ;            ;          ; GND                                                       ; gnd    ;              ;         ; --         ;                 ; --       ; --           ;
; U12      ;            ;          ; VCCINT                                                    ; power  ;              ; 1.2V    ; --         ;                 ; --       ; --           ;
; U13      ;            ;          ; GND                                                       ; gnd    ;              ;         ; --         ;                 ; --       ; --           ;
; U14      ;            ;          ; VCCINT                                                    ; power  ;              ; 1.2V    ; --         ;                 ; --       ; --           ;
; U15      ;            ;          ; GND                                                       ; gnd    ;              ;         ; --         ;                 ; --       ; --           ;
; U16      ;            ;          ; VCCINT                                                    ; power  ;              ; 1.2V    ; --         ;                 ; --       ; --           ;
; U17      ;            ;          ; GND                                                       ; gnd    ;              ;         ; --         ;                 ; --       ; --           ;
; U18      ;            ;          ; VCCINT                                                    ; power  ;              ; 1.2V    ; --         ;                 ; --       ; --           ;
; U19      ;            ;          ; GND                                                       ; gnd    ;              ;         ; --         ;                 ; --       ; --           ;
; U20      ;            ;          ; VCCINT                                                    ; power  ;              ; 1.2V    ; --         ;                 ; --       ; --           ;
; U21      ; 319        ; 5        ; SEVEN_SEGMENT_N_O[3][1]                                   ; output ; 2.5 V        ;         ; Row I/O    ; Y               ; no       ; Off          ;
; U22      ; 313        ; 5        ; RESERVED_INPUT_WITH_WEAK_PULLUP                           ;        ;              ;         ; Row I/O    ;                 ; no       ; On           ;
; U23      ; 305        ; 5        ; SEVEN_SEGMENT_N_O[1][5]                                   ; output ; 2.5 V        ;         ; Row I/O    ; Y               ; no       ; Off          ;
; U24      ; 316        ; 5        ; SEVEN_SEGMENT_N_O[1][6]                                   ; output ; 2.5 V        ;         ; Row I/O    ; Y               ; no       ; Off          ;
; U25      ; 315        ; 5        ; RESERVED_INPUT_WITH_WEAK_PULLUP                           ;        ;              ;         ; Row I/O    ;                 ; no       ; On           ;
; U26      ; 314        ; 5        ; RESERVED_INPUT_WITH_WEAK_PULLUP                           ;        ;              ;         ; Row I/O    ;                 ; no       ; On           ;
; U27      ; 318        ; 5        ; RESERVED_INPUT_WITH_WEAK_PULLUP                           ;        ;              ;         ; Row I/O    ;                 ; no       ; On           ;
; U28      ; 317        ; 5        ; RESERVED_INPUT_WITH_WEAK_PULLUP                           ;        ;              ;         ; Row I/O    ;                 ; no       ; On           ;
; V1       ; 84         ; 2        ; RESERVED_INPUT_WITH_WEAK_PULLUP                           ;        ;              ;         ; Row I/O    ;                 ; no       ; On           ;
; V2       ; 83         ; 2        ; RESERVED_INPUT_WITH_WEAK_PULLUP                           ;        ;              ;         ; Row I/O    ;                 ; no       ; On           ;
; V3       ; 82         ; 2        ; RESERVED_INPUT_WITH_WEAK_PULLUP                           ;        ;              ;         ; Row I/O    ;                 ; no       ; On           ;
; V4       ; 81         ; 2        ; RESERVED_INPUT_WITH_WEAK_PULLUP                           ;        ;              ;         ; Row I/O    ;                 ; no       ; On           ;
; V5       ; 108        ; 2        ; RESERVED_INPUT_WITH_WEAK_PULLUP                           ;        ;              ;         ; Row I/O    ;                 ; no       ; On           ;
; V6       ; 107        ; 2        ; RESERVED_INPUT_WITH_WEAK_PULLUP                           ;        ;              ;         ; Row I/O    ;                 ; no       ; On           ;
; V7       ; 110        ; 2        ; RESERVED_INPUT_WITH_WEAK_PULLUP                           ;        ;              ;         ; Row I/O    ;                 ; no       ; On           ;
; V8       ; 109        ; 2        ; RESERVED_INPUT_WITH_WEAK_PULLUP                           ;        ;              ;         ; Row I/O    ;                 ; no       ; On           ;
; V9       ;            ;          ; VCCINT                                                    ; power  ;              ; 1.2V    ; --         ;                 ; --       ; --           ;
; V10      ;            ;          ; GND                                                       ; gnd    ;              ;         ; --         ;                 ; --       ; --           ;
; V11      ;            ;          ; VCCINT                                                    ; power  ;              ; 1.2V    ; --         ;                 ; --       ; --           ;
; V12      ;            ;          ; GND                                                       ; gnd    ;              ;         ; --         ;                 ; --       ; --           ;
; V13      ;            ;          ; VCCINT                                                    ; power  ;              ; 1.2V    ; --         ;                 ; --       ; --           ;
; V14      ;            ;          ; GND                                                       ; gnd    ;              ;         ; --         ;                 ; --       ; --           ;
; V15      ;            ;          ; VCCINT                                                    ; power  ;              ; 1.2V    ; --         ;                 ; --       ; --           ;
; V16      ;            ;          ; GND                                                       ; gnd    ;              ;         ; --         ;                 ; --       ; --           ;
; V17      ;            ;          ; VCCINT                                                    ; power  ;              ; 1.2V    ; --         ;                 ; --       ; --           ;
; V18      ;            ;          ; GND                                                       ; gnd    ;              ;         ; --         ;                 ; --       ; --           ;
; V19      ;            ;          ; VCCINT                                                    ; power  ;              ; 1.2V    ; --         ;                 ; --       ; --           ;
; V20      ;            ;          ; GND                                                       ; gnd    ;              ;         ; --         ;                 ; --       ; --           ;
; V21      ; 311        ; 5        ; SEVEN_SEGMENT_N_O[3][0]                                   ; output ; 2.5 V        ;         ; Row I/O    ; Y               ; no       ; Off          ;
; V22      ; 312        ; 5        ; RESERVED_INPUT_WITH_WEAK_PULLUP                           ;        ;              ;         ; Row I/O    ;                 ; no       ; On           ;
; V23      ; 309        ; 5        ; RESERVED_INPUT_WITH_WEAK_PULLUP                           ;        ;              ;         ; Row I/O    ;                 ; no       ; On           ;
; V24      ; 308        ; 5        ; RESERVED_INPUT_WITH_WEAK_PULLUP                           ;        ;              ;         ; Row I/O    ;                 ; no       ; On           ;
; V25      ; 307        ; 5        ; RESERVED_INPUT_WITH_WEAK_PULLUP                           ;        ;              ;         ; Row I/O    ;                 ; no       ; On           ;
; V26      ; 306        ; 5        ; RESERVED_INPUT_WITH_WEAK_PULLUP                           ;        ;              ;         ; Row I/O    ;                 ; no       ; On           ;
; V27      ; 304        ; 5        ; RESERVED_INPUT_WITH_WEAK_PULLUP                           ;        ;              ;         ; Row I/O    ;                 ; no       ; On           ;
; V28      ; 303        ; 5        ; RESERVED_INPUT_WITH_WEAK_PULLUP                           ;        ;              ;         ; Row I/O    ;                 ; no       ; On           ;
; W1       ; 88         ; 2        ; RESERVED_INPUT_WITH_WEAK_PULLUP                           ;        ;              ;         ; Row I/O    ;                 ; no       ; On           ;
; W2       ; 87         ; 2        ; RESERVED_INPUT_WITH_WEAK_PULLUP                           ;        ;              ;         ; Row I/O    ;                 ; no       ; On           ;
; W3       ; 112        ; 2        ; RESERVED_INPUT_WITH_WEAK_PULLUP                           ;        ;              ;         ; Row I/O    ;                 ; no       ; On           ;
; W4       ; 111        ; 2        ; RESERVED_INPUT_WITH_WEAK_PULLUP                           ;        ;              ;         ; Row I/O    ;                 ; no       ; On           ;
; W5       ;            ; 2        ; VCCIO2                                                    ; power  ;              ; 3.3V    ; --         ;                 ; --       ; --           ;
; W6       ;            ;          ; GND                                                       ; gnd    ;              ;         ; --         ;                 ; --       ; --           ;
; W7       ; 115        ; 2        ; RESERVED_INPUT_WITH_WEAK_PULLUP                           ;        ;              ;         ; Row I/O    ;                 ; no       ; On           ;
; W8       ; 116        ; 2        ; RESERVED_INPUT_WITH_WEAK_PULLUP                           ;        ;              ;         ; Row I/O    ;                 ; no       ; On           ;
; W9       ;            ;          ; GND                                                       ; gnd    ;              ;         ; --         ;                 ; --       ; --           ;
; W10      ;            ;          ; VCCINT                                                    ; power  ;              ; 1.2V    ; --         ;                 ; --       ; --           ;
; W11      ;            ;          ; GND                                                       ; gnd    ;              ;         ; --         ;                 ; --       ; --           ;
; W12      ;            ;          ; VCCINT                                                    ; power  ;              ; 1.2V    ; --         ;                 ; --       ; --           ;
; W13      ;            ;          ; GND                                                       ; gnd    ;              ;         ; --         ;                 ; --       ; --           ;
; W14      ;            ;          ; VCCINT                                                    ; power  ;              ; 1.2V    ; --         ;                 ; --       ; --           ;
; W15      ;            ;          ; GND                                                       ; gnd    ;              ;         ; --         ;                 ; --       ; --           ;
; W16      ;            ;          ; VCCINT                                                    ; power  ;              ; 1.2V    ; --         ;                 ; --       ; --           ;
; W17      ;            ;          ; GND                                                       ; gnd    ;              ;         ; --         ;                 ; --       ; --           ;
; W18      ;            ;          ; VCCINT                                                    ; power  ;              ; 1.2V    ; --         ;                 ; --       ; --           ;
; W19      ;            ;          ; GND                                                       ; gnd    ;              ;         ; --         ;                 ; --       ; --           ;
; W20      ;            ;          ; VCCINT                                                    ; power  ;              ; 1.2V    ; --         ;                 ; --       ; --           ;
; W21      ; 310        ; 5        ; SEVEN_SEGMENT_N_O[1][2]                                   ; output ; 2.5 V        ;         ; Row I/O    ; Y               ; no       ; Off          ;
; W22      ; 321        ; 5        ; SEVEN_SEGMENT_N_O[1][3]                                   ; output ; 2.5 V        ;         ; Row I/O    ; Y               ; no       ; Off          ;
; W23      ;            ;          ; GND                                                       ; gnd    ;              ;         ; --         ;                 ; --       ; --           ;
; W24      ;            ; 5        ; VCCIO5                                                    ; power  ;              ; 2.5V    ; --         ;                 ; --       ; --           ;
; W25      ; 300        ; 5        ; SEVEN_SEGMENT_N_O[1][4]                                   ; output ; 2.5 V        ;         ; Row I/O    ; Y               ; no       ; Off          ;
; W26      ; 299        ; 5        ; SEVEN_SEGMENT_N_O[2][3]                                   ; output ; 2.5 V        ;         ; Row I/O    ; Y               ; no       ; Off          ;
; W27      ; 301        ; 5        ; SEVEN_SEGMENT_N_O[2][5]                                   ; output ; 2.5 V        ;         ; Row I/O    ; Y               ; no       ; Off          ;
; W28      ; 302        ; 5        ; SEVEN_SEGMENT_N_O[2][6]                                   ; output ; 2.5 V        ;         ; Row I/O    ; Y               ; no       ; Off          ;
; Y1       ; 66         ; 2        ; GND+                                                      ;        ;              ;         ; Row I/O    ;                 ; --       ; --           ;
; Y2       ; 65         ; 2        ; CLOCK_50_I                                                ; input  ; 2.5 V        ;         ; Row I/O    ; Y               ; no       ; Off          ;
; Y3       ; 92         ; 2        ; RESERVED_INPUT_WITH_WEAK_PULLUP                           ;        ;              ;         ; Row I/O    ;                 ; no       ; On           ;
; Y4       ; 91         ; 2        ; RESERVED_INPUT_WITH_WEAK_PULLUP                           ;        ;              ;         ; Row I/O    ;                 ; no       ; On           ;
; Y5       ; 114        ; 2        ; RESERVED_INPUT_WITH_WEAK_PULLUP                           ;        ;              ;         ; Row I/O    ;                 ; no       ; On           ;
; Y6       ; 113        ; 2        ; RESERVED_INPUT_WITH_WEAK_PULLUP                           ;        ;              ;         ; Row I/O    ;                 ; no       ; On           ;
; Y7       ; 117        ; 2        ; RESERVED_INPUT_WITH_WEAK_PULLUP                           ;        ;              ;         ; Row I/O    ;                 ; no       ; On           ;
; Y8       ;            ; --       ; VCCA1                                                     ; power  ;              ; 2.5V    ; --         ;                 ; --       ; --           ;
; Y9       ;            ;          ; VCCD_PLL1                                                 ; power  ;              ; 1.2V    ; --         ;                 ; --       ; --           ;
; Y10      ; 140        ; 3        ; RESERVED_INPUT_WITH_WEAK_PULLUP                           ;        ;              ;         ; Column I/O ;                 ; --       ; --           ;
; Y11      ;            ;          ; GND                                                       ; gnd    ;              ;         ; --         ;                 ; --       ; --           ;
; Y12      ; 187        ; 3        ; RESERVED_INPUT_WITH_WEAK_PULLUP                           ;        ;              ;         ; Column I/O ;                 ; no       ; On           ;
; Y13      ; 189        ; 3        ; RESERVED_INPUT_WITH_WEAK_PULLUP                           ;        ;              ;         ; Column I/O ;                 ; no       ; On           ;
; Y14      ; 197        ; 3        ; RESERVED_INPUT_WITH_WEAK_PULLUP                           ;        ;              ;         ; Column I/O ;                 ; no       ; On           ;
; Y15      ; 198        ; 3        ; RESERVED_INPUT_WITH_WEAK_PULLUP                           ;        ;              ;         ; Column I/O ;                 ; no       ; On           ;
; Y16      ; 250        ; 4        ; RESERVED_INPUT_WITH_WEAK_PULLUP                           ;        ;              ;         ; Column I/O ;                 ; no       ; On           ;
; Y17      ; 249        ; 4        ; RESERVED_INPUT_WITH_WEAK_PULLUP                           ;        ;              ;         ; Column I/O ;                 ; no       ; On           ;
; Y18      ;            ;          ; GND                                                       ; gnd    ;              ;         ; --         ;                 ; --       ; --           ;
; Y19      ; 263        ; 4        ; SEVEN_SEGMENT_N_O[3][6]                                   ; output ; 3.3-V LVTTL  ;         ; Column I/O ; Y               ; no       ; Off          ;
; Y20      ;            ;          ; VCCD_PLL4                                                 ; power  ;              ; 1.2V    ; --         ;                 ; --       ; --           ;
; Y21      ;            ; --       ; VCCA4                                                     ; power  ;              ; 2.5V    ; --         ;                 ; --       ; --           ;
; Y22      ; 320        ; 5        ; SEVEN_SEGMENT_N_O[1][1]                                   ; output ; 2.5 V        ;         ; Row I/O    ; Y               ; no       ; Off          ;
; Y23      ; 288        ; 5        ; SWITCH_I[17]                                              ; input  ; 2.5 V        ;         ; Row I/O    ; Y               ; no       ; Off          ;
; Y24      ; 287        ; 5        ; SWITCH_I[16]                                              ; input  ; 2.5 V        ;         ; Row I/O    ; Y               ; no       ; Off          ;
; Y25      ; 298        ; 5        ; SEVEN_SEGMENT_N_O[2][2]                                   ; output ; 2.5 V        ;         ; Row I/O    ; Y               ; no       ; Off          ;
; Y26      ; 297        ; 5        ; SEVEN_SEGMENT_N_O[2][4]                                   ; output ; 2.5 V        ;         ; Row I/O    ; Y               ; no       ; Off          ;
; Y27      ; 336        ; 5        ; GND+                                                      ;        ;              ;         ; Row I/O    ;                 ; --       ; --           ;
; Y28      ; 335        ; 5        ; GND+                                                      ;        ;              ;         ; Row I/O    ;                 ; --       ; --           ;
+----------+------------+----------+-----------------------------------------------------------+--------+--------------+---------+------------+-----------------+----------+--------------+
Note: Pin directions (input, output or bidir) are based on device operating in user mode.


+-------------------------------------------------------------------------------------------------------------------------------------------------------------+
; PLL Summary                                                                                                                                                 ;
+-------------------------------+-----------------------------------------------------------------------------------------------------------------------------+
; Name                          ; SRAM_controller:SRAM_unit|Clock_100_PLL:Clock_100_PLL_inst|altpll:altpll_component|Clock_100_PLL_altpll:auto_generated|pll1 ;
+-------------------------------+-----------------------------------------------------------------------------------------------------------------------------+
; SDC pin name                  ; SRAM_unit|Clock_100_PLL_inst|altpll_component|auto_generated|pll1                                                           ;
; PLL mode                      ; Normal                                                                                                                      ;
; Compensate clock              ; clock0                                                                                                                      ;
; Compensated input/output pins ; --                                                                                                                          ;
; Switchover type               ; --                                                                                                                          ;
; Input frequency 0             ; 50.0 MHz                                                                                                                    ;
; Input frequency 1             ; --                                                                                                                          ;
; Nominal PFD frequency         ; 50.0 MHz                                                                                                                    ;
; Nominal VCO frequency         ; 600.0 MHz                                                                                                                   ;
; VCO post scale K counter      ; 2                                                                                                                           ;
; VCO frequency control         ; Auto                                                                                                                        ;
; VCO phase shift step          ; 208 ps                                                                                                                      ;
; VCO multiply                  ; --                                                                                                                          ;
; VCO divide                    ; --                                                                                                                          ;
; Freq min lock                 ; 25.0 MHz                                                                                                                    ;
; Freq max lock                 ; 54.18 MHz                                                                                                                   ;
; M VCO Tap                     ; 0                                                                                                                           ;
; M Initial                     ; 1                                                                                                                           ;
; M value                       ; 12                                                                                                                          ;
; N value                       ; 1                                                                                                                           ;
; Charge pump current           ; setting 1                                                                                                                   ;
; Loop filter resistance        ; setting 27                                                                                                                  ;
; Loop filter capacitance       ; setting 0                                                                                                                   ;
; Bandwidth                     ; 680 kHz to 980 kHz                                                                                                          ;
; Bandwidth type                ; Medium                                                                                                                      ;
; Real time reconfigurable      ; Off                                                                                                                         ;
; Scan chain MIF file           ; --                                                                                                                          ;
; Preserve PLL counter order    ; Off                                                                                                                         ;
; PLL location                  ; PLL_1                                                                                                                       ;
; Inclk0 signal                 ; CLOCK_50_I                                                                                                                  ;
; Inclk1 signal                 ; --                                                                                                                          ;
; Inclk0 signal type            ; Dedicated Pin                                                                                                               ;
; Inclk1 signal type            ; --                                                                                                                          ;
+-------------------------------+-----------------------------------------------------------------------------------------------------------------------------+


+--------------------------------------------------------------------------------------------------------------------------------------------------------------------------------------------------------------------------------------------------------------------------------------------------------------------------------------------------------------------------------------------+
; PLL Usage                                                                                                                                                                                                                                                                                                                                                                                  ;
+-----------------------------------------------------------------------------------------------------------------------------------------+--------------+------+-----+------------------+-------------+------------------+------------+---------+---------------+------------+---------------+---------+---------+--------------------------------------------------------------------------+
; Name                                                                                                                                    ; Output Clock ; Mult ; Div ; Output Frequency ; Phase Shift ; Phase Shift Step ; Duty Cycle ; Counter ; Counter Value ; High / Low ; Cascade Input ; Initial ; VCO Tap ; SDC Pin Name                                                             ;
+-----------------------------------------------------------------------------------------------------------------------------------------+--------------+------+-----+------------------+-------------+------------------+------------+---------+---------------+------------+---------------+---------+---------+--------------------------------------------------------------------------+
; SRAM_controller:SRAM_unit|Clock_100_PLL:Clock_100_PLL_inst|altpll:altpll_component|Clock_100_PLL_altpll:auto_generated|wire_pll1_clk[0] ; clock0       ; 2    ; 1   ; 100.0 MHz        ; 0 (0 ps)    ; 7.50 (208 ps)    ; 50/50      ; C0      ; 6             ; 3/3 Even   ; --            ; 1       ; 0       ; SRAM_unit|Clock_100_PLL_inst|altpll_component|auto_generated|pll1|clk[0] ;
+-----------------------------------------------------------------------------------------------------------------------------------------+--------------+------+-----+------------------+-------------+------------------+------------+---------+---------------+------------+---------------+---------+---------+--------------------------------------------------------------------------+


+-----------------------------------------------------------------------------------------------------------------------------------------------------------------------------------------------------------------------------------------------------------------------------------------------------------------------------------------------------------------------------------------------------------------------------------+
; Fitter Resource Utilization by Entity                                                                                                                                                                                                                                                                                                                                                                                             ;
+---------------------------------------------------+-------------+---------------------------+---------------+-------------+------+--------------+---------+-----------+------+--------------+--------------+-------------------+------------------+---------------------------------------------------------------------------------------------------------------------------------+------------------------------+--------------+
; Compilation Hierarchy Node                        ; Logic Cells ; Dedicated Logic Registers ; I/O Registers ; Memory Bits ; M9Ks ; DSP Elements ; DSP 9x9 ; DSP 18x18 ; Pins ; Virtual Pins ; LUT-Only LCs ; Register-Only LCs ; LUT/Register LCs ; Full Hierarchy Name                                                                                                             ; Entity Name                  ; Library Name ;
+---------------------------------------------------+-------------+---------------------------+---------------+-------------+------+--------------+---------+-----------+------+--------------+--------------+-------------------+------------------+---------------------------------------------------------------------------------------------------------------------------------+------------------------------+--------------+
; |project                                          ; 6109 (195)  ; 2286 (35)                 ; 0 (0)         ; 32256       ; 8    ; 34           ; 0       ; 17        ; 160  ; 0            ; 3823 (148)   ; 344 (0)           ; 1942 (65)        ; |project                                                                                                                        ; project                      ; work         ;
;    |Milestone1:M1_unit|                           ; 2132 (2076) ; 629 (629)                 ; 0 (0)         ; 0           ; 0    ; 16           ; 0       ; 8         ; 0    ; 0            ; 1502 (1448)  ; 101 (101)         ; 529 (527)        ; |project|Milestone1:M1_unit                                                                                                     ; Milestone1                   ; work         ;
;       |lpm_mult:Mult0|                            ; 14 (0)      ; 0 (0)                     ; 0 (0)         ; 0           ; 0    ; 4            ; 0       ; 2         ; 0    ; 0            ; 13 (0)       ; 0 (0)             ; 1 (0)            ; |project|Milestone1:M1_unit|lpm_mult:Mult0                                                                                      ; lpm_mult                     ; work         ;
;          |mult_ddt:auto_generated|                ; 14 (14)     ; 0 (0)                     ; 0 (0)         ; 0           ; 0    ; 4            ; 0       ; 2         ; 0    ; 0            ; 13 (13)      ; 0 (0)             ; 1 (1)            ; |project|Milestone1:M1_unit|lpm_mult:Mult0|mult_ddt:auto_generated                                                              ; mult_ddt                     ; work         ;
;       |lpm_mult:Mult1|                            ; 14 (0)      ; 0 (0)                     ; 0 (0)         ; 0           ; 0    ; 4            ; 0       ; 2         ; 0    ; 0            ; 14 (0)       ; 0 (0)             ; 0 (0)            ; |project|Milestone1:M1_unit|lpm_mult:Mult1                                                                                      ; lpm_mult                     ; work         ;
;          |mult_bdt:auto_generated|                ; 14 (14)     ; 0 (0)                     ; 0 (0)         ; 0           ; 0    ; 4            ; 0       ; 2         ; 0    ; 0            ; 14 (14)      ; 0 (0)             ; 0 (0)            ; |project|Milestone1:M1_unit|lpm_mult:Mult1|mult_bdt:auto_generated                                                              ; mult_bdt                     ; work         ;
;       |lpm_mult:Mult2|                            ; 14 (0)      ; 0 (0)                     ; 0 (0)         ; 0           ; 0    ; 4            ; 0       ; 2         ; 0    ; 0            ; 13 (0)       ; 0 (0)             ; 1 (0)            ; |project|Milestone1:M1_unit|lpm_mult:Mult2                                                                                      ; lpm_mult                     ; work         ;
;          |mult_ddt:auto_generated|                ; 14 (14)     ; 0 (0)                     ; 0 (0)         ; 0           ; 0    ; 4            ; 0       ; 2         ; 0    ; 0            ; 13 (13)      ; 0 (0)             ; 1 (1)            ; |project|Milestone1:M1_unit|lpm_mult:Mult2|mult_ddt:auto_generated                                                              ; mult_ddt                     ; work         ;
;       |lpm_mult:Mult3|                            ; 14 (0)      ; 0 (0)                     ; 0 (0)         ; 0           ; 0    ; 4            ; 0       ; 2         ; 0    ; 0            ; 14 (0)       ; 0 (0)             ; 0 (0)            ; |project|Milestone1:M1_unit|lpm_mult:Mult3                                                                                      ; lpm_mult                     ; work         ;
;          |mult_9dt:auto_generated|                ; 14 (14)     ; 0 (0)                     ; 0 (0)         ; 0           ; 0    ; 4            ; 0       ; 2         ; 0    ; 0            ; 14 (14)      ; 0 (0)             ; 0 (0)            ; |project|Milestone1:M1_unit|lpm_mult:Mult3|mult_9dt:auto_generated                                                              ; mult_9dt                     ; work         ;
;    |Milestone2:M2_unit|                           ; 2355 (2271) ; 1093 (1093)               ; 0 (0)         ; 32256       ; 8    ; 18           ; 0       ; 9         ; 0    ; 0            ; 1262 (1181)  ; 168 (168)         ; 925 (922)        ; |project|Milestone2:M2_unit                                                                                                     ; Milestone2                   ; work         ;
;       |dual_port_C:RAM_inst1|                     ; 0 (0)       ; 0 (0)                     ; 0 (0)         ; 7680        ; 2    ; 0            ; 0       ; 0         ; 0    ; 0            ; 0 (0)        ; 0 (0)             ; 0 (0)            ; |project|Milestone2:M2_unit|dual_port_C:RAM_inst1                                                                               ; dual_port_C                  ; work         ;
;          |altsyncram:altsyncram_component|        ; 0 (0)       ; 0 (0)                     ; 0 (0)         ; 7680        ; 2    ; 0            ; 0       ; 0         ; 0    ; 0            ; 0 (0)        ; 0 (0)             ; 0 (0)            ; |project|Milestone2:M2_unit|dual_port_C:RAM_inst1|altsyncram:altsyncram_component                                               ; altsyncram                   ; work         ;
;             |altsyncram_abk2:auto_generated|      ; 0 (0)       ; 0 (0)                     ; 0 (0)         ; 7680        ; 2    ; 0            ; 0       ; 0         ; 0    ; 0            ; 0 (0)        ; 0 (0)             ; 0 (0)            ; |project|Milestone2:M2_unit|dual_port_C:RAM_inst1|altsyncram:altsyncram_component|altsyncram_abk2:auto_generated                ; altsyncram_abk2              ; work         ;
;       |dual_port_Cs:RAM_inst3|                    ; 0 (0)       ; 0 (0)                     ; 0 (0)         ; 8192        ; 2    ; 0            ; 0       ; 0         ; 0    ; 0            ; 0 (0)        ; 0 (0)             ; 0 (0)            ; |project|Milestone2:M2_unit|dual_port_Cs:RAM_inst3                                                                              ; dual_port_Cs                 ; work         ;
;          |altsyncram:altsyncram_component|        ; 0 (0)       ; 0 (0)                     ; 0 (0)         ; 8192        ; 2    ; 0            ; 0       ; 0         ; 0    ; 0            ; 0 (0)        ; 0 (0)             ; 0 (0)            ; |project|Milestone2:M2_unit|dual_port_Cs:RAM_inst3|altsyncram:altsyncram_component                                              ; altsyncram                   ; work         ;
;             |altsyncram_tek2:auto_generated|      ; 0 (0)       ; 0 (0)                     ; 0 (0)         ; 8192        ; 2    ; 0            ; 0       ; 0         ; 0    ; 0            ; 0 (0)        ; 0 (0)             ; 0 (0)            ; |project|Milestone2:M2_unit|dual_port_Cs:RAM_inst3|altsyncram:altsyncram_component|altsyncram_tek2:auto_generated               ; altsyncram_tek2              ; work         ;
;       |dual_port_T:RAM_inst2|                     ; 0 (0)       ; 0 (0)                     ; 0 (0)         ; 8192        ; 2    ; 0            ; 0       ; 0         ; 0    ; 0            ; 0 (0)        ; 0 (0)             ; 0 (0)            ; |project|Milestone2:M2_unit|dual_port_T:RAM_inst2                                                                               ; dual_port_T                  ; work         ;
;          |altsyncram:altsyncram_component|        ; 0 (0)       ; 0 (0)                     ; 0 (0)         ; 8192        ; 2    ; 0            ; 0       ; 0         ; 0    ; 0            ; 0 (0)        ; 0 (0)             ; 0 (0)            ; |project|Milestone2:M2_unit|dual_port_T:RAM_inst2|altsyncram:altsyncram_component                                               ; altsyncram                   ; work         ;
;             |altsyncram_rbk2:auto_generated|      ; 0 (0)       ; 0 (0)                     ; 0 (0)         ; 8192        ; 2    ; 0            ; 0       ; 0         ; 0    ; 0            ; 0 (0)        ; 0 (0)             ; 0 (0)            ; |project|Milestone2:M2_unit|dual_port_T:RAM_inst2|altsyncram:altsyncram_component|altsyncram_rbk2:auto_generated                ; altsyncram_rbk2              ; work         ;
;       |dual_port_s:RAM_inst0|                     ; 0 (0)       ; 0 (0)                     ; 0 (0)         ; 8192        ; 2    ; 0            ; 0       ; 0         ; 0    ; 0            ; 0 (0)        ; 0 (0)             ; 0 (0)            ; |project|Milestone2:M2_unit|dual_port_s:RAM_inst0                                                                               ; dual_port_s                  ; work         ;
;          |altsyncram:altsyncram_component|        ; 0 (0)       ; 0 (0)                     ; 0 (0)         ; 8192        ; 2    ; 0            ; 0       ; 0         ; 0    ; 0            ; 0 (0)        ; 0 (0)             ; 0 (0)            ; |project|Milestone2:M2_unit|dual_port_s:RAM_inst0|altsyncram:altsyncram_component                                               ; altsyncram                   ; work         ;
;             |altsyncram_3vk2:auto_generated|      ; 0 (0)       ; 0 (0)                     ; 0 (0)         ; 8192        ; 2    ; 0            ; 0       ; 0         ; 0    ; 0            ; 0 (0)        ; 0 (0)             ; 0 (0)            ; |project|Milestone2:M2_unit|dual_port_s:RAM_inst0|altsyncram:altsyncram_component|altsyncram_3vk2:auto_generated                ; altsyncram_3vk2              ; work         ;
;       |lpm_mult:Mult0|                            ; 28 (0)      ; 0 (0)                     ; 0 (0)         ; 0           ; 0    ; 6            ; 0       ; 3         ; 0    ; 0            ; 27 (0)       ; 0 (0)             ; 1 (0)            ; |project|Milestone2:M2_unit|lpm_mult:Mult0                                                                                      ; lpm_mult                     ; work         ;
;          |mult_7dt:auto_generated|                ; 28 (28)     ; 0 (0)                     ; 0 (0)         ; 0           ; 0    ; 6            ; 0       ; 3         ; 0    ; 0            ; 27 (27)      ; 0 (0)             ; 1 (1)            ; |project|Milestone2:M2_unit|lpm_mult:Mult0|mult_7dt:auto_generated                                                              ; mult_7dt                     ; work         ;
;       |lpm_mult:Mult1|                            ; 28 (0)      ; 0 (0)                     ; 0 (0)         ; 0           ; 0    ; 6            ; 0       ; 3         ; 0    ; 0            ; 26 (0)       ; 0 (0)             ; 2 (0)            ; |project|Milestone2:M2_unit|lpm_mult:Mult1                                                                                      ; lpm_mult                     ; work         ;
;          |mult_7dt:auto_generated|                ; 28 (28)     ; 0 (0)                     ; 0 (0)         ; 0           ; 0    ; 6            ; 0       ; 3         ; 0    ; 0            ; 26 (26)      ; 0 (0)             ; 2 (2)            ; |project|Milestone2:M2_unit|lpm_mult:Mult1|mult_7dt:auto_generated                                                              ; mult_7dt                     ; work         ;
;       |lpm_mult:Mult2|                            ; 28 (0)      ; 0 (0)                     ; 0 (0)         ; 0           ; 0    ; 6            ; 0       ; 3         ; 0    ; 0            ; 28 (0)       ; 0 (0)             ; 0 (0)            ; |project|Milestone2:M2_unit|lpm_mult:Mult2                                                                                      ; lpm_mult                     ; work         ;
;          |mult_7dt:auto_generated|                ; 28 (28)     ; 0 (0)                     ; 0 (0)         ; 0           ; 0    ; 6            ; 0       ; 3         ; 0    ; 0            ; 28 (28)      ; 0 (0)             ; 0 (0)            ; |project|Milestone2:M2_unit|lpm_mult:Mult2|mult_7dt:auto_generated                                                              ; mult_7dt                     ; work         ;
;    |Milestone3:M3_unit|                           ; 885 (885)   ; 192 (192)                 ; 0 (0)         ; 0           ; 0    ; 0            ; 0       ; 0         ; 0    ; 0            ; 679 (679)    ; 2 (2)             ; 204 (204)        ; |project|Milestone3:M3_unit                                                                                                     ; Milestone3                   ; work         ;
;    |PB_controller:PB_unit|                        ; 75 (75)     ; 66 (66)                   ; 0 (0)         ; 0           ; 0    ; 0            ; 0       ; 0         ; 0    ; 0            ; 9 (9)        ; 28 (28)           ; 38 (38)          ; |project|PB_controller:PB_unit                                                                                                  ; PB_controller                ; work         ;
;    |SRAM_controller:SRAM_unit|                    ; 60 (59)     ; 56 (55)                   ; 0 (0)         ; 0           ; 0    ; 0            ; 0       ; 0         ; 0    ; 0            ; 4 (4)        ; 5 (5)             ; 51 (50)          ; |project|SRAM_controller:SRAM_unit                                                                                              ; SRAM_controller              ; work         ;
;       |Clock_100_PLL:Clock_100_PLL_inst|          ; 1 (0)       ; 1 (0)                     ; 0 (0)         ; 0           ; 0    ; 0            ; 0       ; 0         ; 0    ; 0            ; 0 (0)        ; 0 (0)             ; 1 (0)            ; |project|SRAM_controller:SRAM_unit|Clock_100_PLL:Clock_100_PLL_inst                                                             ; Clock_100_PLL                ; work         ;
;          |altpll:altpll_component|                ; 1 (0)       ; 1 (0)                     ; 0 (0)         ; 0           ; 0    ; 0            ; 0       ; 0         ; 0    ; 0            ; 0 (0)        ; 0 (0)             ; 1 (0)            ; |project|SRAM_controller:SRAM_unit|Clock_100_PLL:Clock_100_PLL_inst|altpll:altpll_component                                     ; altpll                       ; work         ;
;             |Clock_100_PLL_altpll:auto_generated| ; 1 (1)       ; 1 (1)                     ; 0 (0)         ; 0           ; 0    ; 0            ; 0       ; 0         ; 0    ; 0            ; 0 (0)        ; 0 (0)             ; 1 (1)            ; |project|SRAM_controller:SRAM_unit|Clock_100_PLL:Clock_100_PLL_inst|altpll:altpll_component|Clock_100_PLL_altpll:auto_generated ; Clock_100_PLL_altpll         ; work         ;
;    |UART_SRAM_interface:UART_unit|                ; 131 (78)    ; 74 (40)                   ; 0 (0)         ; 0           ; 0    ; 0            ; 0       ; 0         ; 0    ; 0            ; 57 (38)      ; 16 (8)            ; 58 (32)          ; |project|UART_SRAM_interface:UART_unit                                                                                          ; UART_SRAM_interface          ; work         ;
;       |UART_receive_controller:UART_RX|           ; 53 (53)     ; 34 (34)                   ; 0 (0)         ; 0           ; 0    ; 0            ; 0       ; 0         ; 0    ; 0            ; 19 (19)      ; 8 (8)             ; 26 (26)          ; |project|UART_SRAM_interface:UART_unit|UART_receive_controller:UART_RX                                                          ; UART_receive_controller      ; work         ;
;    |VGA_SRAM_interface:VGA_unit|                  ; 251 (172)   ; 141 (95)                  ; 0 (0)         ; 0           ; 0    ; 0            ; 0       ; 0         ; 0    ; 0            ; 110 (77)     ; 24 (24)           ; 117 (71)         ; |project|VGA_SRAM_interface:VGA_unit                                                                                            ; VGA_SRAM_interface           ; work         ;
;       |VGA_controller:VGA_unit|                   ; 79 (79)     ; 46 (46)                   ; 0 (0)         ; 0           ; 0    ; 0            ; 0       ; 0         ; 0    ; 0            ; 33 (33)      ; 0 (0)             ; 46 (46)          ; |project|VGA_SRAM_interface:VGA_unit|VGA_controller:VGA_unit                                                                    ; VGA_controller               ; work         ;
;    |convert_hex_to_seven_segment:unit0|           ; 7 (7)       ; 0 (0)                     ; 0 (0)         ; 0           ; 0    ; 0            ; 0       ; 0         ; 0    ; 0            ; 7 (7)        ; 0 (0)             ; 0 (0)            ; |project|convert_hex_to_seven_segment:unit0                                                                                     ; convert_hex_to_seven_segment ; work         ;
;    |convert_hex_to_seven_segment:unit1|           ; 7 (7)       ; 0 (0)                     ; 0 (0)         ; 0           ; 0    ; 0            ; 0       ; 0         ; 0    ; 0            ; 7 (7)        ; 0 (0)             ; 0 (0)            ; |project|convert_hex_to_seven_segment:unit1                                                                                     ; convert_hex_to_seven_segment ; work         ;
;    |convert_hex_to_seven_segment:unit2|           ; 7 (7)       ; 0 (0)                     ; 0 (0)         ; 0           ; 0    ; 0            ; 0       ; 0         ; 0    ; 0            ; 7 (7)        ; 0 (0)             ; 0 (0)            ; |project|convert_hex_to_seven_segment:unit2                                                                                     ; convert_hex_to_seven_segment ; work         ;
;    |convert_hex_to_seven_segment:unit3|           ; 3 (3)       ; 0 (0)                     ; 0 (0)         ; 0           ; 0    ; 0            ; 0       ; 0         ; 0    ; 0            ; 3 (3)        ; 0 (0)             ; 0 (0)            ; |project|convert_hex_to_seven_segment:unit3                                                                                     ; convert_hex_to_seven_segment ; work         ;
;    |convert_hex_to_seven_segment:unit4|           ; 7 (7)       ; 0 (0)                     ; 0 (0)         ; 0           ; 0    ; 0            ; 0       ; 0         ; 0    ; 0            ; 7 (7)        ; 0 (0)             ; 0 (0)            ; |project|convert_hex_to_seven_segment:unit4                                                                                     ; convert_hex_to_seven_segment ; work         ;
;    |convert_hex_to_seven_segment:unit5|           ; 7 (7)       ; 0 (0)                     ; 0 (0)         ; 0           ; 0    ; 0            ; 0       ; 0         ; 0    ; 0            ; 7 (7)        ; 0 (0)             ; 0 (0)            ; |project|convert_hex_to_seven_segment:unit5                                                                                     ; convert_hex_to_seven_segment ; work         ;
;    |convert_hex_to_seven_segment:unit6|           ; 7 (7)       ; 0 (0)                     ; 0 (0)         ; 0           ; 0    ; 0            ; 0       ; 0         ; 0    ; 0            ; 7 (7)        ; 0 (0)             ; 0 (0)            ; |project|convert_hex_to_seven_segment:unit6                                                                                     ; convert_hex_to_seven_segment ; work         ;
;    |convert_hex_to_seven_segment:unit7|           ; 7 (7)       ; 0 (0)                     ; 0 (0)         ; 0           ; 0    ; 0            ; 0       ; 0         ; 0    ; 0            ; 7 (7)        ; 0 (0)             ; 0 (0)            ; |project|convert_hex_to_seven_segment:unit7                                                                                     ; convert_hex_to_seven_segment ; work         ;
+---------------------------------------------------+-------------+---------------------------+---------------+-------------+------+--------------+---------+-----------+------+--------------+--------------+-------------------+------------------+---------------------------------------------------------------------------------------------------------------------------------+------------------------------+--------------+
Note: For table entries with two numbers listed, the numbers in parentheses indicate the number of resources of the given type used by the specific entity alone. The numbers listed outside of parentheses indicate the total resources of the given type used by the specific entity and all of its sub-entities in the hierarchy.


+---------------------------------------------------------------------------------------------------------+
; Delay Chain Summary                                                                                     ;
+-------------------------+----------+---------------+---------------+-----------------------+-----+------+
; Name                    ; Pin Type ; Pad to Core 0 ; Pad to Core 1 ; Pad to Input Register ; TCO ; TCOE ;
+-------------------------+----------+---------------+---------------+-----------------------+-----+------+
; SWITCH_I[0]             ; Input    ; --            ; --            ; --                    ; --  ; --   ;
; SWITCH_I[1]             ; Input    ; --            ; --            ; --                    ; --  ; --   ;
; SWITCH_I[2]             ; Input    ; --            ; --            ; --                    ; --  ; --   ;
; SWITCH_I[3]             ; Input    ; --            ; --            ; --                    ; --  ; --   ;
; SWITCH_I[4]             ; Input    ; --            ; --            ; --                    ; --  ; --   ;
; SWITCH_I[5]             ; Input    ; --            ; --            ; --                    ; --  ; --   ;
; SWITCH_I[6]             ; Input    ; --            ; --            ; --                    ; --  ; --   ;
; SWITCH_I[7]             ; Input    ; --            ; --            ; --                    ; --  ; --   ;
; SWITCH_I[8]             ; Input    ; --            ; --            ; --                    ; --  ; --   ;
; SWITCH_I[9]             ; Input    ; --            ; --            ; --                    ; --  ; --   ;
; SWITCH_I[10]            ; Input    ; --            ; --            ; --                    ; --  ; --   ;
; SWITCH_I[11]            ; Input    ; --            ; --            ; --                    ; --  ; --   ;
; SWITCH_I[12]            ; Input    ; --            ; --            ; --                    ; --  ; --   ;
; SWITCH_I[13]            ; Input    ; --            ; --            ; --                    ; --  ; --   ;
; SWITCH_I[14]            ; Input    ; --            ; --            ; --                    ; --  ; --   ;
; SWITCH_I[15]            ; Input    ; --            ; --            ; --                    ; --  ; --   ;
; SWITCH_I[16]            ; Input    ; --            ; --            ; --                    ; --  ; --   ;
; SEVEN_SEGMENT_N_O[0][0] ; Output   ; --            ; --            ; --                    ; --  ; --   ;
; SEVEN_SEGMENT_N_O[0][1] ; Output   ; --            ; --            ; --                    ; --  ; --   ;
; SEVEN_SEGMENT_N_O[0][2] ; Output   ; --            ; --            ; --                    ; --  ; --   ;
; SEVEN_SEGMENT_N_O[0][3] ; Output   ; --            ; --            ; --                    ; --  ; --   ;
; SEVEN_SEGMENT_N_O[0][4] ; Output   ; --            ; --            ; --                    ; --  ; --   ;
; SEVEN_SEGMENT_N_O[0][5] ; Output   ; --            ; --            ; --                    ; --  ; --   ;
; SEVEN_SEGMENT_N_O[0][6] ; Output   ; --            ; --            ; --                    ; --  ; --   ;
; SEVEN_SEGMENT_N_O[1][0] ; Output   ; --            ; --            ; --                    ; --  ; --   ;
; SEVEN_SEGMENT_N_O[1][1] ; Output   ; --            ; --            ; --                    ; --  ; --   ;
; SEVEN_SEGMENT_N_O[1][2] ; Output   ; --            ; --            ; --                    ; --  ; --   ;
; SEVEN_SEGMENT_N_O[1][3] ; Output   ; --            ; --            ; --                    ; --  ; --   ;
; SEVEN_SEGMENT_N_O[1][4] ; Output   ; --            ; --            ; --                    ; --  ; --   ;
; SEVEN_SEGMENT_N_O[1][5] ; Output   ; --            ; --            ; --                    ; --  ; --   ;
; SEVEN_SEGMENT_N_O[1][6] ; Output   ; --            ; --            ; --                    ; --  ; --   ;
; SEVEN_SEGMENT_N_O[2][0] ; Output   ; --            ; --            ; --                    ; --  ; --   ;
; SEVEN_SEGMENT_N_O[2][1] ; Output   ; --            ; --            ; --                    ; --  ; --   ;
; SEVEN_SEGMENT_N_O[2][2] ; Output   ; --            ; --            ; --                    ; --  ; --   ;
; SEVEN_SEGMENT_N_O[2][3] ; Output   ; --            ; --            ; --                    ; --  ; --   ;
; SEVEN_SEGMENT_N_O[2][4] ; Output   ; --            ; --            ; --                    ; --  ; --   ;
; SEVEN_SEGMENT_N_O[2][5] ; Output   ; --            ; --            ; --                    ; --  ; --   ;
; SEVEN_SEGMENT_N_O[2][6] ; Output   ; --            ; --            ; --                    ; --  ; --   ;
; SEVEN_SEGMENT_N_O[3][0] ; Output   ; --            ; --            ; --                    ; --  ; --   ;
; SEVEN_SEGMENT_N_O[3][1] ; Output   ; --            ; --            ; --                    ; --  ; --   ;
; SEVEN_SEGMENT_N_O[3][2] ; Output   ; --            ; --            ; --                    ; --  ; --   ;
; SEVEN_SEGMENT_N_O[3][3] ; Output   ; --            ; --            ; --                    ; --  ; --   ;
; SEVEN_SEGMENT_N_O[3][4] ; Output   ; --            ; --            ; --                    ; --  ; --   ;
; SEVEN_SEGMENT_N_O[3][5] ; Output   ; --            ; --            ; --                    ; --  ; --   ;
; SEVEN_SEGMENT_N_O[3][6] ; Output   ; --            ; --            ; --                    ; --  ; --   ;
; SEVEN_SEGMENT_N_O[4][0] ; Output   ; --            ; --            ; --                    ; --  ; --   ;
; SEVEN_SEGMENT_N_O[4][1] ; Output   ; --            ; --            ; --                    ; --  ; --   ;
; SEVEN_SEGMENT_N_O[4][2] ; Output   ; --            ; --            ; --                    ; --  ; --   ;
; SEVEN_SEGMENT_N_O[4][3] ; Output   ; --            ; --            ; --                    ; --  ; --   ;
; SEVEN_SEGMENT_N_O[4][4] ; Output   ; --            ; --            ; --                    ; --  ; --   ;
; SEVEN_SEGMENT_N_O[4][5] ; Output   ; --            ; --            ; --                    ; --  ; --   ;
; SEVEN_SEGMENT_N_O[4][6] ; Output   ; --            ; --            ; --                    ; --  ; --   ;
; SEVEN_SEGMENT_N_O[5][0] ; Output   ; --            ; --            ; --                    ; --  ; --   ;
; SEVEN_SEGMENT_N_O[5][1] ; Output   ; --            ; --            ; --                    ; --  ; --   ;
; SEVEN_SEGMENT_N_O[5][2] ; Output   ; --            ; --            ; --                    ; --  ; --   ;
; SEVEN_SEGMENT_N_O[5][3] ; Output   ; --            ; --            ; --                    ; --  ; --   ;
; SEVEN_SEGMENT_N_O[5][4] ; Output   ; --            ; --            ; --                    ; --  ; --   ;
; SEVEN_SEGMENT_N_O[5][5] ; Output   ; --            ; --            ; --                    ; --  ; --   ;
; SEVEN_SEGMENT_N_O[5][6] ; Output   ; --            ; --            ; --                    ; --  ; --   ;
; SEVEN_SEGMENT_N_O[6][0] ; Output   ; --            ; --            ; --                    ; --  ; --   ;
; SEVEN_SEGMENT_N_O[6][1] ; Output   ; --            ; --            ; --                    ; --  ; --   ;
; SEVEN_SEGMENT_N_O[6][2] ; Output   ; --            ; --            ; --                    ; --  ; --   ;
; SEVEN_SEGMENT_N_O[6][3] ; Output   ; --            ; --            ; --                    ; --  ; --   ;
; SEVEN_SEGMENT_N_O[6][4] ; Output   ; --            ; --            ; --                    ; --  ; --   ;
; SEVEN_SEGMENT_N_O[6][5] ; Output   ; --            ; --            ; --                    ; --  ; --   ;
; SEVEN_SEGMENT_N_O[6][6] ; Output   ; --            ; --            ; --                    ; --  ; --   ;
; SEVEN_SEGMENT_N_O[7][0] ; Output   ; --            ; --            ; --                    ; --  ; --   ;
; SEVEN_SEGMENT_N_O[7][1] ; Output   ; --            ; --            ; --                    ; --  ; --   ;
; SEVEN_SEGMENT_N_O[7][2] ; Output   ; --            ; --            ; --                    ; --  ; --   ;
; SEVEN_SEGMENT_N_O[7][3] ; Output   ; --            ; --            ; --                    ; --  ; --   ;
; SEVEN_SEGMENT_N_O[7][4] ; Output   ; --            ; --            ; --                    ; --  ; --   ;
; SEVEN_SEGMENT_N_O[7][5] ; Output   ; --            ; --            ; --                    ; --  ; --   ;
; SEVEN_SEGMENT_N_O[7][6] ; Output   ; --            ; --            ; --                    ; --  ; --   ;
; LED_GREEN_O[0]          ; Output   ; --            ; --            ; --                    ; --  ; --   ;
; LED_GREEN_O[1]          ; Output   ; --            ; --            ; --                    ; --  ; --   ;
; LED_GREEN_O[2]          ; Output   ; --            ; --            ; --                    ; --  ; --   ;
; LED_GREEN_O[3]          ; Output   ; --            ; --            ; --                    ; --  ; --   ;
; LED_GREEN_O[4]          ; Output   ; --            ; --            ; --                    ; --  ; --   ;
; LED_GREEN_O[5]          ; Output   ; --            ; --            ; --                    ; --  ; --   ;
; LED_GREEN_O[6]          ; Output   ; --            ; --            ; --                    ; --  ; --   ;
; LED_GREEN_O[7]          ; Output   ; --            ; --            ; --                    ; --  ; --   ;
; LED_GREEN_O[8]          ; Output   ; --            ; --            ; --                    ; --  ; --   ;
; VGA_CLOCK_O             ; Output   ; --            ; --            ; --                    ; --  ; --   ;
; VGA_HSYNC_O             ; Output   ; --            ; --            ; --                    ; --  ; --   ;
; VGA_VSYNC_O             ; Output   ; --            ; --            ; --                    ; --  ; --   ;
; VGA_BLANK_O             ; Output   ; --            ; --            ; --                    ; --  ; --   ;
; VGA_SYNC_O              ; Output   ; --            ; --            ; --                    ; --  ; --   ;
; VGA_RED_O[0]            ; Output   ; --            ; --            ; --                    ; --  ; --   ;
; VGA_RED_O[1]            ; Output   ; --            ; --            ; --                    ; --  ; --   ;
; VGA_RED_O[2]            ; Output   ; --            ; --            ; --                    ; --  ; --   ;
; VGA_RED_O[3]            ; Output   ; --            ; --            ; --                    ; --  ; --   ;
; VGA_RED_O[4]            ; Output   ; --            ; --            ; --                    ; --  ; --   ;
; VGA_RED_O[5]            ; Output   ; --            ; --            ; --                    ; --  ; --   ;
; VGA_RED_O[6]            ; Output   ; --            ; --            ; --                    ; --  ; --   ;
; VGA_RED_O[7]            ; Output   ; --            ; --            ; --                    ; --  ; --   ;
; VGA_GREEN_O[0]          ; Output   ; --            ; --            ; --                    ; --  ; --   ;
; VGA_GREEN_O[1]          ; Output   ; --            ; --            ; --                    ; --  ; --   ;
; VGA_GREEN_O[2]          ; Output   ; --            ; --            ; --                    ; --  ; --   ;
; VGA_GREEN_O[3]          ; Output   ; --            ; --            ; --                    ; --  ; --   ;
; VGA_GREEN_O[4]          ; Output   ; --            ; --            ; --                    ; --  ; --   ;
; VGA_GREEN_O[5]          ; Output   ; --            ; --            ; --                    ; --  ; --   ;
; VGA_GREEN_O[6]          ; Output   ; --            ; --            ; --                    ; --  ; --   ;
; VGA_GREEN_O[7]          ; Output   ; --            ; --            ; --                    ; --  ; --   ;
; VGA_BLUE_O[0]           ; Output   ; --            ; --            ; --                    ; --  ; --   ;
; VGA_BLUE_O[1]           ; Output   ; --            ; --            ; --                    ; --  ; --   ;
; VGA_BLUE_O[2]           ; Output   ; --            ; --            ; --                    ; --  ; --   ;
; VGA_BLUE_O[3]           ; Output   ; --            ; --            ; --                    ; --  ; --   ;
; VGA_BLUE_O[4]           ; Output   ; --            ; --            ; --                    ; --  ; --   ;
; VGA_BLUE_O[5]           ; Output   ; --            ; --            ; --                    ; --  ; --   ;
; VGA_BLUE_O[6]           ; Output   ; --            ; --            ; --                    ; --  ; --   ;
; VGA_BLUE_O[7]           ; Output   ; --            ; --            ; --                    ; --  ; --   ;
; SRAM_ADDRESS_O[0]       ; Output   ; --            ; --            ; --                    ; --  ; --   ;
; SRAM_ADDRESS_O[1]       ; Output   ; --            ; --            ; --                    ; --  ; --   ;
; SRAM_ADDRESS_O[2]       ; Output   ; --            ; --            ; --                    ; --  ; --   ;
; SRAM_ADDRESS_O[3]       ; Output   ; --            ; --            ; --                    ; --  ; --   ;
; SRAM_ADDRESS_O[4]       ; Output   ; --            ; --            ; --                    ; --  ; --   ;
; SRAM_ADDRESS_O[5]       ; Output   ; --            ; --            ; --                    ; --  ; --   ;
; SRAM_ADDRESS_O[6]       ; Output   ; --            ; --            ; --                    ; --  ; --   ;
; SRAM_ADDRESS_O[7]       ; Output   ; --            ; --            ; --                    ; --  ; --   ;
; SRAM_ADDRESS_O[8]       ; Output   ; --            ; --            ; --                    ; --  ; --   ;
; SRAM_ADDRESS_O[9]       ; Output   ; --            ; --            ; --                    ; --  ; --   ;
; SRAM_ADDRESS_O[10]      ; Output   ; --            ; --            ; --                    ; --  ; --   ;
; SRAM_ADDRESS_O[11]      ; Output   ; --            ; --            ; --                    ; --  ; --   ;
; SRAM_ADDRESS_O[12]      ; Output   ; --            ; --            ; --                    ; --  ; --   ;
; SRAM_ADDRESS_O[13]      ; Output   ; --            ; --            ; --                    ; --  ; --   ;
; SRAM_ADDRESS_O[14]      ; Output   ; --            ; --            ; --                    ; --  ; --   ;
; SRAM_ADDRESS_O[15]      ; Output   ; --            ; --            ; --                    ; --  ; --   ;
; SRAM_ADDRESS_O[16]      ; Output   ; --            ; --            ; --                    ; --  ; --   ;
; SRAM_ADDRESS_O[17]      ; Output   ; --            ; --            ; --                    ; --  ; --   ;
; SRAM_ADDRESS_O[18]      ; Output   ; --            ; --            ; --                    ; --  ; --   ;
; SRAM_ADDRESS_O[19]      ; Output   ; --            ; --            ; --                    ; --  ; --   ;
; SRAM_UB_N_O             ; Output   ; --            ; --            ; --                    ; --  ; --   ;
; SRAM_LB_N_O             ; Output   ; --            ; --            ; --                    ; --  ; --   ;
; SRAM_WE_N_O             ; Output   ; --            ; --            ; --                    ; --  ; --   ;
; SRAM_CE_N_O             ; Output   ; --            ; --            ; --                    ; --  ; --   ;
; SRAM_OE_N_O             ; Output   ; --            ; --            ; --                    ; --  ; --   ;
; UART_TX_O               ; Output   ; --            ; --            ; --                    ; --  ; --   ;
; SRAM_DATA_IO[0]         ; Bidir    ; --            ; (6) 1314 ps   ; --                    ; --  ; --   ;
; SRAM_DATA_IO[1]         ; Bidir    ; (6) 1314 ps   ; --            ; --                    ; --  ; --   ;
; SRAM_DATA_IO[2]         ; Bidir    ; --            ; (6) 1314 ps   ; --                    ; --  ; --   ;
; SRAM_DATA_IO[3]         ; Bidir    ; (6) 1314 ps   ; --            ; --                    ; --  ; --   ;
; SRAM_DATA_IO[4]         ; Bidir    ; (6) 1314 ps   ; --            ; --                    ; --  ; --   ;
; SRAM_DATA_IO[5]         ; Bidir    ; (6) 1314 ps   ; --            ; --                    ; --  ; --   ;
; SRAM_DATA_IO[6]         ; Bidir    ; --            ; (6) 1314 ps   ; --                    ; --  ; --   ;
; SRAM_DATA_IO[7]         ; Bidir    ; --            ; (6) 1314 ps   ; --                    ; --  ; --   ;
; SRAM_DATA_IO[8]         ; Bidir    ; (6) 1314 ps   ; --            ; --                    ; --  ; --   ;
; SRAM_DATA_IO[9]         ; Bidir    ; --            ; (6) 1314 ps   ; --                    ; --  ; --   ;
; SRAM_DATA_IO[10]        ; Bidir    ; --            ; (6) 1314 ps   ; --                    ; --  ; --   ;
; SRAM_DATA_IO[11]        ; Bidir    ; (6) 1314 ps   ; --            ; --                    ; --  ; --   ;
; SRAM_DATA_IO[12]        ; Bidir    ; (6) 1314 ps   ; --            ; --                    ; --  ; --   ;
; SRAM_DATA_IO[13]        ; Bidir    ; (6) 1314 ps   ; --            ; --                    ; --  ; --   ;
; SRAM_DATA_IO[14]        ; Bidir    ; (6) 1314 ps   ; --            ; --                    ; --  ; --   ;
; SRAM_DATA_IO[15]        ; Bidir    ; (6) 1314 ps   ; --            ; --                    ; --  ; --   ;
; SWITCH_I[17]            ; Input    ; (6) 1314 ps   ; --            ; --                    ; --  ; --   ;
; CLOCK_50_I              ; Input    ; (0) 0 ps      ; --            ; --                    ; --  ; --   ;
; UART_RX_I               ; Input    ; (6) 1314 ps   ; --            ; --                    ; --  ; --   ;
; PUSH_BUTTON_N_I[0]      ; Input    ; (6) 1314 ps   ; --            ; --                    ; --  ; --   ;
; PUSH_BUTTON_N_I[1]      ; Input    ; (6) 1314 ps   ; --            ; --                    ; --  ; --   ;
; PUSH_BUTTON_N_I[2]      ; Input    ; (6) 1314 ps   ; --            ; --                    ; --  ; --   ;
; PUSH_BUTTON_N_I[3]      ; Input    ; (6) 1314 ps   ; --            ; --                    ; --  ; --   ;
+-------------------------+----------+---------------+---------------+-----------------------+-----+------+


+---------------------------------------------------------------------------------------------------------------------------------------------------------------------------+
; Pad To Core Delay Chain Fanout                                                                                                                                            ;
+---------------------------------------------------------------------------------------------------------------------------------------------+-------------------+---------+
; Source Pin / Fanout                                                                                                                         ; Pad To Core Index ; Setting ;
+---------------------------------------------------------------------------------------------------------------------------------------------+-------------------+---------+
; SWITCH_I[0]                                                                                                                                 ;                   ;         ;
; SWITCH_I[1]                                                                                                                                 ;                   ;         ;
; SWITCH_I[2]                                                                                                                                 ;                   ;         ;
; SWITCH_I[3]                                                                                                                                 ;                   ;         ;
; SWITCH_I[4]                                                                                                                                 ;                   ;         ;
; SWITCH_I[5]                                                                                                                                 ;                   ;         ;
; SWITCH_I[6]                                                                                                                                 ;                   ;         ;
; SWITCH_I[7]                                                                                                                                 ;                   ;         ;
; SWITCH_I[8]                                                                                                                                 ;                   ;         ;
; SWITCH_I[9]                                                                                                                                 ;                   ;         ;
; SWITCH_I[10]                                                                                                                                ;                   ;         ;
; SWITCH_I[11]                                                                                                                                ;                   ;         ;
; SWITCH_I[12]                                                                                                                                ;                   ;         ;
; SWITCH_I[13]                                                                                                                                ;                   ;         ;
; SWITCH_I[14]                                                                                                                                ;                   ;         ;
; SWITCH_I[15]                                                                                                                                ;                   ;         ;
; SWITCH_I[16]                                                                                                                                ;                   ;         ;
; SRAM_DATA_IO[0]                                                                                                                             ;                   ;         ;
;      - SRAM_controller:SRAM_unit|SRAM_read_data[0]                                                                                          ; 1                 ; 6       ;
; SRAM_DATA_IO[1]                                                                                                                             ;                   ;         ;
;      - SRAM_controller:SRAM_unit|SRAM_read_data[1]                                                                                          ; 0                 ; 6       ;
; SRAM_DATA_IO[2]                                                                                                                             ;                   ;         ;
;      - SRAM_controller:SRAM_unit|SRAM_read_data[2]                                                                                          ; 1                 ; 6       ;
; SRAM_DATA_IO[3]                                                                                                                             ;                   ;         ;
;      - SRAM_controller:SRAM_unit|SRAM_read_data[3]                                                                                          ; 0                 ; 6       ;
; SRAM_DATA_IO[4]                                                                                                                             ;                   ;         ;
;      - SRAM_controller:SRAM_unit|SRAM_read_data[4]                                                                                          ; 0                 ; 6       ;
; SRAM_DATA_IO[5]                                                                                                                             ;                   ;         ;
;      - SRAM_controller:SRAM_unit|SRAM_read_data[5]                                                                                          ; 0                 ; 6       ;
; SRAM_DATA_IO[6]                                                                                                                             ;                   ;         ;
;      - SRAM_controller:SRAM_unit|SRAM_read_data[6]                                                                                          ; 1                 ; 6       ;
; SRAM_DATA_IO[7]                                                                                                                             ;                   ;         ;
;      - SRAM_controller:SRAM_unit|SRAM_read_data[7]                                                                                          ; 1                 ; 6       ;
; SRAM_DATA_IO[8]                                                                                                                             ;                   ;         ;
;      - SRAM_controller:SRAM_unit|SRAM_read_data[8]                                                                                          ; 0                 ; 6       ;
; SRAM_DATA_IO[9]                                                                                                                             ;                   ;         ;
;      - SRAM_controller:SRAM_unit|SRAM_read_data[9]                                                                                          ; 1                 ; 6       ;
; SRAM_DATA_IO[10]                                                                                                                            ;                   ;         ;
;      - SRAM_controller:SRAM_unit|SRAM_read_data[10]                                                                                         ; 1                 ; 6       ;
; SRAM_DATA_IO[11]                                                                                                                            ;                   ;         ;
;      - SRAM_controller:SRAM_unit|SRAM_read_data[11]                                                                                         ; 0                 ; 6       ;
; SRAM_DATA_IO[12]                                                                                                                            ;                   ;         ;
;      - SRAM_controller:SRAM_unit|SRAM_read_data[12]                                                                                         ; 0                 ; 6       ;
; SRAM_DATA_IO[13]                                                                                                                            ;                   ;         ;
;      - SRAM_controller:SRAM_unit|SRAM_read_data[13]                                                                                         ; 0                 ; 6       ;
; SRAM_DATA_IO[14]                                                                                                                            ;                   ;         ;
;      - SRAM_controller:SRAM_unit|SRAM_read_data[14]                                                                                         ; 0                 ; 6       ;
; SRAM_DATA_IO[15]                                                                                                                            ;                   ;         ;
;      - SRAM_controller:SRAM_unit|SRAM_read_data[15]                                                                                         ; 0                 ; 6       ;
; SWITCH_I[17]                                                                                                                                ;                   ;         ;
;      - SRAM_controller:SRAM_unit|SRAM_read_data[0]                                                                                          ; 0                 ; 6       ;
;      - SRAM_controller:SRAM_unit|SRAM_read_data[1]                                                                                          ; 0                 ; 6       ;
;      - SRAM_controller:SRAM_unit|SRAM_read_data[2]                                                                                          ; 0                 ; 6       ;
;      - SRAM_controller:SRAM_unit|SRAM_read_data[3]                                                                                          ; 0                 ; 6       ;
;      - SRAM_controller:SRAM_unit|SRAM_read_data[4]                                                                                          ; 0                 ; 6       ;
;      - SRAM_controller:SRAM_unit|SRAM_read_data[5]                                                                                          ; 0                 ; 6       ;
;      - SRAM_controller:SRAM_unit|SRAM_read_data[6]                                                                                          ; 0                 ; 6       ;
;      - SRAM_controller:SRAM_unit|SRAM_read_data[7]                                                                                          ; 0                 ; 6       ;
;      - SRAM_controller:SRAM_unit|SRAM_read_data[8]                                                                                          ; 0                 ; 6       ;
;      - SRAM_controller:SRAM_unit|SRAM_read_data[9]                                                                                          ; 0                 ; 6       ;
;      - SRAM_controller:SRAM_unit|SRAM_read_data[10]                                                                                         ; 0                 ; 6       ;
;      - SRAM_controller:SRAM_unit|SRAM_read_data[11]                                                                                         ; 0                 ; 6       ;
;      - SRAM_controller:SRAM_unit|SRAM_read_data[12]                                                                                         ; 0                 ; 6       ;
;      - SRAM_controller:SRAM_unit|SRAM_read_data[13]                                                                                         ; 0                 ; 6       ;
;      - SRAM_controller:SRAM_unit|SRAM_read_data[14]                                                                                         ; 0                 ; 6       ;
;      - SRAM_controller:SRAM_unit|SRAM_read_data[15]                                                                                         ; 0                 ; 6       ;
;      - SRAM_controller:SRAM_unit|SRAM_ADDRESS_O[0]                                                                                          ; 0                 ; 6       ;
;      - SRAM_controller:SRAM_unit|SRAM_ADDRESS_O[1]                                                                                          ; 0                 ; 6       ;
;      - SRAM_controller:SRAM_unit|SRAM_ADDRESS_O[2]                                                                                          ; 0                 ; 6       ;
;      - SRAM_controller:SRAM_unit|SRAM_ADDRESS_O[3]                                                                                          ; 0                 ; 6       ;
;      - SRAM_controller:SRAM_unit|Clock_100_PLL:Clock_100_PLL_inst|altpll:altpll_component|Clock_100_PLL_altpll:auto_generated|pll_lock_sync ; 0                 ; 6       ;
;      - resetn~0                                                                                                                             ; 0                 ; 6       ;
;      - SRAM_controller:SRAM_unit|SRAM_ADDRESS_O[4]                                                                                          ; 0                 ; 6       ;
;      - SRAM_controller:SRAM_unit|SRAM_ADDRESS_O[5]                                                                                          ; 0                 ; 6       ;
;      - SRAM_controller:SRAM_unit|SRAM_ADDRESS_O[6]                                                                                          ; 0                 ; 6       ;
;      - SRAM_controller:SRAM_unit|SRAM_ADDRESS_O[7]                                                                                          ; 0                 ; 6       ;
;      - SRAM_controller:SRAM_unit|SRAM_ADDRESS_O[8]                                                                                          ; 0                 ; 6       ;
;      - SRAM_controller:SRAM_unit|SRAM_ADDRESS_O[9]                                                                                          ; 0                 ; 6       ;
;      - SRAM_controller:SRAM_unit|SRAM_ADDRESS_O[10]                                                                                         ; 0                 ; 6       ;
;      - SRAM_controller:SRAM_unit|SRAM_ADDRESS_O[11]                                                                                         ; 0                 ; 6       ;
;      - SRAM_controller:SRAM_unit|SRAM_ADDRESS_O[12]                                                                                         ; 0                 ; 6       ;
;      - SRAM_controller:SRAM_unit|SRAM_ADDRESS_O[13]                                                                                         ; 0                 ; 6       ;
;      - SRAM_controller:SRAM_unit|SRAM_ADDRESS_O[14]                                                                                         ; 0                 ; 6       ;
;      - SRAM_controller:SRAM_unit|SRAM_ADDRESS_O[15]                                                                                         ; 0                 ; 6       ;
;      - SRAM_controller:SRAM_unit|SRAM_ADDRESS_O[16]                                                                                         ; 0                 ; 6       ;
;      - SRAM_controller:SRAM_unit|SRAM_ADDRESS_O[17]                                                                                         ; 0                 ; 6       ;
;      - SRAM_controller:SRAM_unit|SRAM_UB_N_O                                                                                                ; 0                 ; 6       ;
;      - SRAM_controller:SRAM_unit|SRAM_LB_N_O                                                                                                ; 0                 ; 6       ;
;      - SRAM_controller:SRAM_unit|SRAM_WE_N_O                                                                                                ; 0                 ; 6       ;
;      - SRAM_controller:SRAM_unit|SRAM_CE_N_O                                                                                                ; 0                 ; 6       ;
;      - SRAM_controller:SRAM_unit|SRAM_OE_N_O                                                                                                ; 0                 ; 6       ;
;      - SRAM_controller:SRAM_unit|SRAM_write_data_buf[0]                                                                                     ; 0                 ; 6       ;
;      - SRAM_controller:SRAM_unit|SRAM_write_data_buf[1]                                                                                     ; 0                 ; 6       ;
;      - SRAM_controller:SRAM_unit|SRAM_write_data_buf[2]                                                                                     ; 0                 ; 6       ;
;      - SRAM_controller:SRAM_unit|SRAM_write_data_buf[3]                                                                                     ; 0                 ; 6       ;
;      - SRAM_controller:SRAM_unit|SRAM_write_data_buf[4]                                                                                     ; 0                 ; 6       ;
;      - SRAM_controller:SRAM_unit|SRAM_write_data_buf[5]                                                                                     ; 0                 ; 6       ;
;      - SRAM_controller:SRAM_unit|SRAM_write_data_buf[6]                                                                                     ; 0                 ; 6       ;
;      - SRAM_controller:SRAM_unit|SRAM_write_data_buf[7]                                                                                     ; 0                 ; 6       ;
;      - SRAM_controller:SRAM_unit|SRAM_write_data_buf[8]                                                                                     ; 0                 ; 6       ;
;      - SRAM_controller:SRAM_unit|SRAM_write_data_buf[9]                                                                                     ; 0                 ; 6       ;
;      - SRAM_controller:SRAM_unit|SRAM_write_data_buf[10]                                                                                    ; 0                 ; 6       ;
;      - SRAM_controller:SRAM_unit|SRAM_write_data_buf[11]                                                                                    ; 0                 ; 6       ;
;      - SRAM_controller:SRAM_unit|SRAM_write_data_buf[12]                                                                                    ; 0                 ; 6       ;
;      - SRAM_controller:SRAM_unit|SRAM_write_data_buf[13]                                                                                    ; 0                 ; 6       ;
;      - SRAM_controller:SRAM_unit|SRAM_write_data_buf[14]                                                                                    ; 0                 ; 6       ;
;      - SRAM_controller:SRAM_unit|SRAM_write_data_buf[15]                                                                                    ; 0                 ; 6       ;
;      - SRAM_controller:SRAM_unit|Clock_100_PLL:Clock_100_PLL_inst|altpll:altpll_component|Clock_100_PLL_altpll:auto_generated|pll1          ; 0                 ; 6       ;
; CLOCK_50_I                                                                                                                                  ;                   ;         ;
; UART_RX_I                                                                                                                                   ;                   ;         ;
;      - top_state.state_bit_0~2                                                                                                              ; 0                 ; 6       ;
;      - Selector0~0                                                                                                                          ; 0                 ; 6       ;
;      - UART_SRAM_interface:UART_unit|UART_receive_controller:UART_RX|RX_data_in                                                             ; 0                 ; 6       ;
;      - VGA_enable~0                                                                                                                         ; 0                 ; 6       ;
;      - UART_timer[1]~29                                                                                                                     ; 0                 ; 6       ;
; PUSH_BUTTON_N_I[0]                                                                                                                          ;                   ;         ;
;      - PB_controller:PB_unit|debounce_shift_reg[0][0]~0                                                                                     ; 0                 ; 6       ;
; PUSH_BUTTON_N_I[1]                                                                                                                          ;                   ;         ;
;      - PB_controller:PB_unit|debounce_shift_reg[1][0]~1                                                                                     ; 0                 ; 6       ;
; PUSH_BUTTON_N_I[2]                                                                                                                          ;                   ;         ;
;      - PB_controller:PB_unit|debounce_shift_reg[2][0]~2                                                                                     ; 0                 ; 6       ;
; PUSH_BUTTON_N_I[3]                                                                                                                          ;                   ;         ;
;      - PB_controller:PB_unit|debounce_shift_reg[3][0]~3                                                                                     ; 0                 ; 6       ;
+---------------------------------------------------------------------------------------------------------------------------------------------+-------------------+---------+


+-----------------------------------------------------------------------------------------------------------------------------------------------------------------------------------------------------------------------------------------------------------------------------------+
; Control Signals                                                                                                                                                                                                                                                                   ;
+-----------------------------------------------------------------------------------------------------------------------------------------+---------------------+---------+--------------------------+--------+----------------------+------------------+---------------------------+
; Name                                                                                                                                    ; Location            ; Fan-Out ; Usage                    ; Global ; Global Resource Used ; Global Line Name ; Enable Signal Source Name ;
+-----------------------------------------------------------------------------------------------------------------------------------------+---------------------+---------+--------------------------+--------+----------------------+------------------+---------------------------+
; CLOCK_50_I                                                                                                                              ; PIN_Y2              ; 4       ; Clock                    ; no     ; --                   ; --               ; --                        ;
; CLOCK_50_I                                                                                                                              ; PIN_Y2              ; 2299    ; Clock                    ; yes    ; Global Clock         ; GCLK4            ; --                        ;
; Milestone1:M1_unit|G_odd[7]~98                                                                                                          ; LCCOMB_X68_Y18_N30  ; 49      ; Clock enable             ; no     ; --                   ; --               ; --                        ;
; Milestone1:M1_unit|M1_state.S_CC0~0                                                                                                     ; LCCOMB_X60_Y16_N8   ; 139     ; Sync. load               ; no     ; --                   ; --               ; --                        ;
; Milestone1:M1_unit|M1_state.S_CC2~0                                                                                                     ; LCCOMB_X66_Y19_N16  ; 86      ; Sync. load               ; no     ; --                   ; --               ; --                        ;
; Milestone1:M1_unit|M1_state.S_CC3~0                                                                                                     ; LCCOMB_X63_Y4_N22   ; 81      ; Sync. load               ; no     ; --                   ; --               ; --                        ;
; Milestone1:M1_unit|M1_state.S_CC5~0                                                                                                     ; LCCOMB_X67_Y20_N0   ; 110     ; Sync. load               ; no     ; --                   ; --               ; --                        ;
; Milestone1:M1_unit|M1_state.S_CC6~0                                                                                                     ; LCCOMB_X65_Y13_N0   ; 122     ; Clock enable             ; no     ; --                   ; --               ; --                        ;
; Milestone1:M1_unit|M1_state.S_CC7~0                                                                                                     ; LCCOMB_X68_Y18_N8   ; 208     ; Clock enable, Sync. load ; no     ; --                   ; --               ; --                        ;
; Milestone1:M1_unit|M1_state.S_IDLE_M1~1                                                                                                 ; LCCOMB_X60_Y16_N30  ; 101     ; Sync. clear, Sync. load  ; no     ; --                   ; --               ; --                        ;
; Milestone1:M1_unit|M1_state.S_LI0~0                                                                                                     ; LCCOMB_X70_Y10_N10  ; 13      ; Sync. load               ; no     ; --                   ; --               ; --                        ;
; Milestone1:M1_unit|SRAM_address[0]~8                                                                                                    ; LCCOMB_X68_Y18_N0   ; 18      ; Clock enable             ; no     ; --                   ; --               ; --                        ;
; Milestone1:M1_unit|SRAM_write_data[0]~22                                                                                                ; LCCOMB_X62_Y22_N4   ; 16      ; Clock enable             ; no     ; --                   ; --               ; --                        ;
; Milestone1:M1_unit|Selector1120~0                                                                                                       ; LCCOMB_X68_Y14_N0   ; 46      ; Clock enable             ; no     ; --                   ; --               ; --                        ;
; Milestone1:M1_unit|Selector1184~0                                                                                                       ; LCCOMB_X63_Y4_N12   ; 16      ; Clock enable             ; no     ; --                   ; --               ; --                        ;
; Milestone1:M1_unit|Selector163~3                                                                                                        ; LCCOMB_X61_Y19_N22  ; 8       ; Clock enable             ; no     ; --                   ; --               ; --                        ;
; Milestone1:M1_unit|Selector195~0                                                                                                        ; LCCOMB_X61_Y13_N22  ; 8       ; Clock enable             ; no     ; --                   ; --               ; --                        ;
; Milestone1:M1_unit|U_offset[8]~28                                                                                                       ; LCCOMB_X61_Y13_N10  ; 18      ; Clock enable             ; no     ; --                   ; --               ; --                        ;
; Milestone1:M1_unit|V_offset[5]~28                                                                                                       ; LCCOMB_X61_Y19_N24  ; 18      ; Clock enable             ; no     ; --                   ; --               ; --                        ;
; Milestone1:M1_unit|V_reg[0][1]~2                                                                                                        ; LCCOMB_X61_Y13_N18  ; 16      ; Clock enable             ; no     ; --                   ; --               ; --                        ;
; Milestone1:M1_unit|V_reg[3][6]~3                                                                                                        ; LCCOMB_X68_Y18_N26  ; 16      ; Clock enable             ; no     ; --                   ; --               ; --                        ;
; Milestone1:M1_unit|V_reg[4][3]~1                                                                                                        ; LCCOMB_X60_Y16_N0   ; 48      ; Clock enable             ; no     ; --                   ; --               ; --                        ;
; Milestone1:M1_unit|WideOr36~10                                                                                                          ; LCCOMB_X60_Y16_N2   ; 48      ; Clock enable             ; no     ; --                   ; --               ; --                        ;
; Milestone1:M1_unit|WideOr37~10                                                                                                          ; LCCOMB_X61_Y8_N4    ; 16      ; Clock enable             ; no     ; --                   ; --               ; --                        ;
; Milestone1:M1_unit|WideOr38~2                                                                                                           ; LCCOMB_X61_Y8_N26   ; 16      ; Clock enable             ; no     ; --                   ; --               ; --                        ;
; Milestone1:M1_unit|WideOr97~0                                                                                                           ; LCCOMB_X67_Y20_N22  ; 32      ; Clock enable             ; no     ; --                   ; --               ; --                        ;
; Milestone1:M1_unit|WideOr9~0                                                                                                            ; LCCOMB_X62_Y22_N8   ; 18      ; Clock enable             ; no     ; --                   ; --               ; --                        ;
; Milestone1:M1_unit|Y_even[30]~0                                                                                                         ; LCCOMB_X61_Y13_N20  ; 64      ; Clock enable             ; no     ; --                   ; --               ; --                        ;
; Milestone1:M1_unit|Y_offset[11]~28                                                                                                      ; LCCOMB_X61_Y23_N26  ; 18      ; Clock enable             ; no     ; --                   ; --               ; --                        ;
; Milestone1:M1_unit|accum_1[9]~82                                                                                                        ; LCCOMB_X68_Y14_N8   ; 32      ; Clock enable             ; no     ; --                   ; --               ; --                        ;
; Milestone1:M1_unit|accum_2[4]~82                                                                                                        ; LCCOMB_X57_Y19_N18  ; 32      ; Clock enable             ; no     ; --                   ; --               ; --                        ;
; Milestone2:M2_unit|Add25~3                                                                                                              ; LCCOMB_X42_Y24_N12  ; 7       ; Clock enable             ; no     ; --                   ; --               ; --                        ;
; Milestone2:M2_unit|Add41~3                                                                                                              ; LCCOMB_X49_Y23_N10  ; 7       ; Clock enable             ; no     ; --                   ; --               ; --                        ;
; Milestone2:M2_unit|Cs_address_a[0][7]~9                                                                                                 ; LCCOMB_X43_Y24_N18  ; 7       ; Clock enable             ; no     ; --                   ; --               ; --                        ;
; Milestone2:M2_unit|Cs_address_a[2][6]~4                                                                                                 ; LCCOMB_X49_Y23_N8   ; 7       ; Clock enable             ; no     ; --                   ; --               ; --                        ;
; Milestone2:M2_unit|Cs_address_b[0][1]~1                                                                                                 ; LCCOMB_X43_Y24_N4   ; 7       ; Clock enable             ; no     ; --                   ; --               ; --                        ;
; Milestone2:M2_unit|Cs_write_data_a[8]~1                                                                                                 ; LCCOMB_X48_Y23_N10  ; 32      ; Clock enable             ; no     ; --                   ; --               ; --                        ;
; Milestone2:M2_unit|Cs_write_data_b[31]~2                                                                                                ; LCCOMB_X49_Y23_N12  ; 35      ; Clock enable             ; no     ; --                   ; --               ; --                        ;
; Milestone2:M2_unit|Ct_address_a[1][5]~9                                                                                                 ; LCCOMB_X46_Y23_N14  ; 7       ; Clock enable             ; no     ; --                   ; --               ; --                        ;
; Milestone2:M2_unit|Ct_address_a[2][2]~4                                                                                                 ; LCCOMB_X42_Y24_N26  ; 7       ; Clock enable             ; no     ; --                   ; --               ; --                        ;
; Milestone2:M2_unit|Ct_address_b[1][2]~2                                                                                                 ; LCCOMB_X46_Y24_N14  ; 7       ; Clock enable             ; no     ; --                   ; --               ; --                        ;
; Milestone2:M2_unit|Ct_write_data_a[31]~1                                                                                                ; LCCOMB_X43_Y24_N14  ; 32      ; Clock enable             ; no     ; --                   ; --               ; --                        ;
; Milestone2:M2_unit|Ct_write_data_b[31]~2                                                                                                ; LCCOMB_X42_Y24_N28  ; 35      ; Clock enable             ; no     ; --                   ; --               ; --                        ;
; Milestone2:M2_unit|Equal23~1                                                                                                            ; LCCOMB_X50_Y25_N6   ; 7       ; Sync. clear              ; no     ; --                   ; --               ; --                        ;
; Milestone2:M2_unit|M2_state.S_fetch_4~1                                                                                                 ; LCCOMB_X50_Y30_N30  ; 34      ; Clock enable             ; no     ; --                   ; --               ; --                        ;
; Milestone2:M2_unit|M2_state.S_fetch_7~0                                                                                                 ; LCCOMB_X50_Y26_N16  ; 8       ; Clock enable             ; no     ; --                   ; --               ; --                        ;
; Milestone2:M2_unit|M2_state_1.S_CT_7~0                                                                                                  ; LCCOMB_X46_Y24_N2   ; 11      ; Sync. load               ; no     ; --                   ; --               ; --                        ;
; Milestone2:M2_unit|M2_state_2.S_CS_7~0                                                                                                  ; LCCOMB_X43_Y22_N30  ; 15      ; Sync. load               ; no     ; --                   ; --               ; --                        ;
; Milestone2:M2_unit|M2_state_2.S_CS_DELAY~0                                                                                              ; LCCOMB_X45_Y23_N6   ; 12      ; Clock enable             ; no     ; --                   ; --               ; --                        ;
; Milestone2:M2_unit|M2_state_3.S_write_Delay2~0                                                                                          ; LCCOMB_X55_Y23_N0   ; 14      ; Sync. load               ; no     ; --                   ; --               ; --                        ;
; Milestone2:M2_unit|Selector118~1                                                                                                        ; LCCOMB_X48_Y22_N4   ; 8       ; Clock enable             ; no     ; --                   ; --               ; --                        ;
; Milestone2:M2_unit|Selector538~4                                                                                                        ; LCCOMB_X38_Y23_N6   ; 8       ; Clock enable             ; no     ; --                   ; --               ; --                        ;
; Milestone2:M2_unit|Selector650~0                                                                                                        ; LCCOMB_X45_Y23_N2   ; 32      ; Clock enable             ; no     ; --                   ; --               ; --                        ;
; Milestone2:M2_unit|Selector878~1                                                                                                        ; LCCOMB_X56_Y23_N10  ; 4       ; Clock enable             ; no     ; --                   ; --               ; --                        ;
; Milestone2:M2_unit|WideOr10~0                                                                                                           ; LCCOMB_X50_Y30_N26  ; 8       ; Clock enable             ; no     ; --                   ; --               ; --                        ;
; Milestone2:M2_unit|WideOr22~0                                                                                                           ; LCCOMB_X50_Y30_N18  ; 4       ; Clock enable             ; no     ; --                   ; --               ; --                        ;
; Milestone2:M2_unit|WideOr26~0                                                                                                           ; LCCOMB_X48_Y22_N18  ; 8       ; Clock enable             ; no     ; --                   ; --               ; --                        ;
; Milestone2:M2_unit|WideOr41                                                                                                             ; LCCOMB_X48_Y22_N30  ; 192     ; Clock enable             ; no     ; --                   ; --               ; --                        ;
; Milestone2:M2_unit|WideOr62                                                                                                             ; LCCOMB_X45_Y23_N16  ; 192     ; Clock enable             ; no     ; --                   ; --               ; --                        ;
; Milestone2:M2_unit|accum_1[31]~2                                                                                                        ; LCCOMB_X48_Y22_N14  ; 96      ; Clock enable             ; no     ; --                   ; --               ; --                        ;
; Milestone2:M2_unit|accum_1_Cs[22]~3                                                                                                     ; LCCOMB_X45_Y23_N14  ; 96      ; Clock enable             ; no     ; --                   ; --               ; --                        ;
; Milestone2:M2_unit|address_a_M2_write[4]~0                                                                                              ; LCCOMB_X55_Y23_N24  ; 5       ; Clock enable             ; no     ; --                   ; --               ; --                        ;
; Milestone2:M2_unit|block_counter[6]~33                                                                                                  ; LCCOMB_X48_Y26_N28  ; 10      ; Clock enable             ; no     ; --                   ; --               ; --                        ;
; Milestone2:M2_unit|col_block[3]~1                                                                                                       ; LCCOMB_X53_Y24_N0   ; 5       ; Clock enable             ; no     ; --                   ; --               ; --                        ;
; Milestone2:M2_unit|col_block_F[0]~0                                                                                                     ; LCCOMB_X59_Y25_N28  ; 6       ; Clock enable             ; no     ; --                   ; --               ; --                        ;
; Milestone2:M2_unit|col_index[3]~0                                                                                                       ; LCCOMB_X55_Y23_N26  ; 12      ; Clock enable             ; no     ; --                   ; --               ; --                        ;
; Milestone2:M2_unit|fetch_address_a[6]~10                                                                                                ; LCCOMB_X53_Y26_N14  ; 8       ; Sync. clear              ; no     ; --                   ; --               ; --                        ;
; Milestone2:M2_unit|row_block[0]~5                                                                                                       ; LCCOMB_X50_Y25_N16  ; 7       ; Clock enable             ; no     ; --                   ; --               ; --                        ;
; Milestone2:M2_unit|row_block_F[1]~20                                                                                                    ; LCCOMB_X57_Y24_N4   ; 5       ; Sync. clear              ; no     ; --                   ; --               ; --                        ;
; Milestone2:M2_unit|row_block_F[4]~11                                                                                                    ; LCCOMB_X55_Y21_N0   ; 5       ; Clock enable             ; no     ; --                   ; --               ; --                        ;
; Milestone2:M2_unit|state.S_M2_IDLE~0                                                                                                    ; LCCOMB_X54_Y26_N0   ; 14      ; Sync. clear              ; no     ; --                   ; --               ; --                        ;
; Milestone2:M2_unit|write_enable_a[0]~2                                                                                                  ; LCCOMB_X49_Y26_N18  ; 2       ; Write enable             ; no     ; --                   ; --               ; --                        ;
; Milestone2:M2_unit|write_enable_a[2]~1                                                                                                  ; LCCOMB_X49_Y26_N0   ; 2       ; Write enable             ; no     ; --                   ; --               ; --                        ;
; Milestone2:M2_unit|write_enable_a[3]~0                                                                                                  ; LCCOMB_X54_Y26_N22  ; 2       ; Write enable             ; no     ; --                   ; --               ; --                        ;
; Milestone2:M2_unit|write_enable_b[2]~1                                                                                                  ; LCCOMB_X39_Y26_N0   ; 2       ; Write enable             ; no     ; --                   ; --               ; --                        ;
; Milestone2:M2_unit|write_enable_b[3]~0                                                                                                  ; LCCOMB_X49_Y26_N14  ; 2       ; Write enable             ; no     ; --                   ; --               ; --                        ;
; Milestone3:M3_unit|Add15~17                                                                                                             ; LCCOMB_X60_Y30_N26  ; 8       ; Clock enable             ; no     ; --                   ; --               ; --                        ;
; Milestone3:M3_unit|Add16~20                                                                                                             ; LCCOMB_X65_Y27_N6   ; 5       ; Clock enable             ; no     ; --                   ; --               ; --                        ;
; Milestone3:M3_unit|Add19~4                                                                                                              ; LCCOMB_X62_Y32_N14  ; 6       ; Clock enable             ; no     ; --                   ; --               ; --                        ;
; Milestone3:M3_unit|M3_state.M3_IDLE_1~0                                                                                                 ; LCCOMB_X62_Y27_N28  ; 21      ; Sync. load               ; no     ; --                   ; --               ; --                        ;
; Milestone3:M3_unit|M3_state.M3_IDLE~0                                                                                                   ; LCCOMB_X62_Y27_N26  ; 61      ; Sync. load               ; no     ; --                   ; --               ; --                        ;
; Milestone3:M3_unit|M3_state.S_10~0                                                                                                      ; LCCOMB_X63_Y27_N12  ; 18      ; Sync. load               ; no     ; --                   ; --               ; --                        ;
; Milestone3:M3_unit|M3_state.S_11~0                                                                                                      ; LCCOMB_X63_Y27_N4   ; 32      ; Sync. load               ; no     ; --                   ; --               ; --                        ;
; Milestone3:M3_unit|M3_state.S_WAIT~0                                                                                                    ; LCCOMB_X65_Y24_N0   ; 10      ; Sync. load               ; no     ; --                   ; --               ; --                        ;
; Milestone3:M3_unit|SRAM_address[11]~9                                                                                                   ; LCCOMB_X65_Y27_N14  ; 16      ; Clock enable             ; no     ; --                   ; --               ; --                        ;
; Milestone3:M3_unit|SRAM_write_data[1]~6                                                                                                 ; LCCOMB_X60_Y29_N8   ; 11      ; Clock enable             ; no     ; --                   ; --               ; --                        ;
; Milestone3:M3_unit|Selector141~0                                                                                                        ; LCCOMB_X60_Y32_N8   ; 12      ; Sync. clear              ; no     ; --                   ; --               ; --                        ;
; Milestone3:M3_unit|Selector60~2                                                                                                         ; LCCOMB_X60_Y30_N22  ; 6       ; Clock enable             ; no     ; --                   ; --               ; --                        ;
; Milestone3:M3_unit|bit_shift_unit[2]~3                                                                                                  ; LCCOMB_X60_Y30_N2   ; 4       ; Clock enable             ; no     ; --                   ; --               ; --                        ;
; Milestone3:M3_unit|bits_left[2]~17                                                                                                      ; LCCOMB_X65_Y29_N14  ; 5       ; Clock enable             ; no     ; --                   ; --               ; --                        ;
; Milestone3:M3_unit|bits_left[2]~18                                                                                                      ; LCCOMB_X62_Y24_N22  ; 5       ; Sync. load               ; no     ; --                   ; --               ; --                        ;
; Milestone3:M3_unit|counter[5]~17                                                                                                        ; LCCOMB_X60_Y30_N6   ; 8       ; Clock enable             ; no     ; --                   ; --               ; --                        ;
; Milestone3:M3_unit|flag_8.state_bit_0~0                                                                                                 ; LCCOMB_X62_Y27_N18  ; 17      ; Sync. clear              ; no     ; --                   ; --               ; --                        ;
; Milestone3:M3_unit|mem_offset[2]~27                                                                                                     ; LCCOMB_X65_Y27_N26  ; 16      ; Clock enable             ; no     ; --                   ; --               ; --                        ;
; Milestone3:M3_unit|memory_data[2]~8                                                                                                     ; LCCOMB_X65_Y29_N28  ; 8       ; Sync. clear              ; no     ; --                   ; --               ; --                        ;
; Milestone3:M3_unit|memory_data[9]~4                                                                                                     ; LCCOMB_X65_Y27_N10  ; 10      ; Sync. load               ; no     ; --                   ; --               ; --                        ;
; Milestone3:M3_unit|memory_data[9]~7                                                                                                     ; LCCOMB_X65_Y27_N28  ; 16      ; Clock enable             ; no     ; --                   ; --               ; --                        ;
; Milestone3:M3_unit|shift_reg[31]~17                                                                                                     ; LCCOMB_X65_Y29_N30  ; 16      ; Clock enable             ; no     ; --                   ; --               ; --                        ;
; Milestone3:M3_unit|shift_reg[3]~21                                                                                                      ; LCCOMB_X65_Y29_N0   ; 16      ; Clock enable             ; no     ; --                   ; --               ; --                        ;
; Milestone3:M3_unit|shift_reg[45]~9                                                                                                      ; LCCOMB_X65_Y29_N2   ; 14      ; Clock enable             ; no     ; --                   ; --               ; --                        ;
; Milestone3:M3_unit|shift_reg[46]~22                                                                                                     ; LCCOMB_X65_Y26_N14  ; 2       ; Clock enable             ; no     ; --                   ; --               ; --                        ;
; Milestone3:M3_unit|z_counter[2]~11                                                                                                      ; LCCOMB_X63_Y28_N0   ; 8       ; Sync. clear              ; no     ; --                   ; --               ; --                        ;
; Milestone3:M3_unit|z_counter[2]~14                                                                                                      ; LCCOMB_X63_Y25_N2   ; 8       ; Clock enable             ; no     ; --                   ; --               ; --                        ;
; PB_controller:PB_unit|LessThan0~3                                                                                                       ; LCCOMB_X111_Y62_N20 ; 16      ; Sync. clear              ; no     ; --                   ; --               ; --                        ;
; PB_controller:PB_unit|always3~0                                                                                                         ; LCCOMB_X111_Y62_N4  ; 40      ; Clock enable             ; no     ; --                   ; --               ; --                        ;
; SRAM_controller:SRAM_unit|Clock_100_PLL:Clock_100_PLL_inst|altpll:altpll_component|Clock_100_PLL_altpll:auto_generated|wire_pll1_clk[0] ; PLL_1               ; 2       ; Clock                    ; yes    ; Global Clock         ; GCLK3            ; --                        ;
; SRAM_controller:SRAM_unit|Clock_100_PLL:Clock_100_PLL_inst|altpll:altpll_component|Clock_100_PLL_altpll:auto_generated|wire_pll1_locked ; PLL_1               ; 2       ; Clock                    ; no     ; --                   ; --               ; --                        ;
; SRAM_controller:SRAM_unit|SRAM_WE_N_O                                                                                                   ; FF_X1_Y21_N17       ; 17      ; Output enable            ; no     ; --                   ; --               ; --                        ;
; SWITCH_I[17]                                                                                                                            ; PIN_Y23             ; 58      ; Async. clear             ; no     ; --                   ; --               ; --                        ;
; UART_SRAM_interface:UART_unit|SRAM_address[3]~1                                                                                         ; LCCOMB_X66_Y29_N2   ; 18      ; Clock enable             ; no     ; --                   ; --               ; --                        ;
; UART_SRAM_interface:UART_unit|SRAM_write_data[15]~10                                                                                    ; LCCOMB_X59_Y27_N24  ; 8       ; Clock enable             ; no     ; --                   ; --               ; --                        ;
; UART_SRAM_interface:UART_unit|SRAM_write_data[5]~2                                                                                      ; LCCOMB_X60_Y28_N20  ; 8       ; Clock enable             ; no     ; --                   ; --               ; --                        ;
; UART_SRAM_interface:UART_unit|UART_receive_controller:UART_RX|Empty~0                                                                   ; LCCOMB_X55_Y33_N2   ; 9       ; Clock enable             ; no     ; --                   ; --               ; --                        ;
; UART_SRAM_interface:UART_unit|UART_receive_controller:UART_RX|clock_count[1]~12                                                         ; LCCOMB_X55_Y33_N20  ; 10      ; Sync. clear              ; no     ; --                   ; --               ; --                        ;
; UART_SRAM_interface:UART_unit|UART_receive_controller:UART_RX|clock_count[1]~14                                                         ; LCCOMB_X55_Y34_N8   ; 10      ; Clock enable             ; no     ; --                   ; --               ; --                        ;
; UART_SRAM_interface:UART_unit|UART_receive_controller:UART_RX|data_buffer[4]~0                                                          ; LCCOMB_X55_Y33_N6   ; 8       ; Clock enable             ; no     ; --                   ; --               ; --                        ;
; UART_rx_initialize                                                                                                                      ; FF_X59_Y27_N19      ; 38      ; Sync. clear              ; no     ; --                   ; --               ; --                        ;
; UART_timer[1]~29                                                                                                                        ; LCCOMB_X60_Y27_N28  ; 26      ; Sync. clear              ; no     ; --                   ; --               ; --                        ;
; VGA_SRAM_interface:VGA_unit|Enable                                                                                                      ; FF_X49_Y41_N9       ; 38      ; Clock enable             ; no     ; --                   ; --               ; --                        ;
; VGA_SRAM_interface:VGA_unit|SRAM_address[1]~2                                                                                           ; LCCOMB_X53_Y34_N24  ; 2       ; Clock enable             ; no     ; --                   ; --               ; --                        ;
; VGA_SRAM_interface:VGA_unit|SRAM_address[4]~1                                                                                           ; LCCOMB_X53_Y34_N14  ; 16      ; Clock enable             ; no     ; --                   ; --               ; --                        ;
; VGA_SRAM_interface:VGA_unit|VGA_controller:VGA_unit|LessThan0~2                                                                         ; LCCOMB_X54_Y42_N30  ; 10      ; Sync. clear              ; no     ; --                   ; --               ; --                        ;
; VGA_SRAM_interface:VGA_unit|VGA_controller:VGA_unit|LessThan3~2                                                                         ; LCCOMB_X56_Y35_N30  ; 10      ; Sync. clear              ; no     ; --                   ; --               ; --                        ;
; VGA_SRAM_interface:VGA_unit|VGA_controller:VGA_unit|oVGA_V_SYNC~3                                                                       ; LCCOMB_X52_Y40_N18  ; 11      ; Clock enable             ; no     ; --                   ; --               ; --                        ;
; VGA_SRAM_interface:VGA_unit|VGA_green[7]~1                                                                                              ; LCCOMB_X58_Y36_N12  ; 24      ; Clock enable             ; no     ; --                   ; --               ; --                        ;
; VGA_SRAM_interface:VGA_unit|VGA_sram_data[0][8]~3                                                                                       ; LCCOMB_X57_Y32_N28  ; 16      ; Clock enable             ; no     ; --                   ; --               ; --                        ;
; VGA_SRAM_interface:VGA_unit|VGA_sram_data[1][0]~4                                                                                       ; LCCOMB_X57_Y32_N22  ; 16      ; Clock enable             ; no     ; --                   ; --               ; --                        ;
; VGA_SRAM_interface:VGA_unit|VGA_sram_data[2][8]~2                                                                                       ; LCCOMB_X55_Y37_N4   ; 16      ; Clock enable             ; no     ; --                   ; --               ; --                        ;
; resetn~0                                                                                                                                ; LCCOMB_X25_Y28_N10  ; 65      ; Clock enable             ; no     ; --                   ; --               ; --                        ;
; resetn~0                                                                                                                                ; LCCOMB_X25_Y28_N10  ; 2082    ; Async. clear             ; yes    ; Global Clock         ; GCLK13           ; --                        ;
; top_state.S_M3~0                                                                                                                        ; LCCOMB_X59_Y27_N26  ; 10      ; Sync. load               ; no     ; --                   ; --               ; --                        ;
; top_state.state_bit_2                                                                                                                   ; FF_X60_Y27_N21      ; 22      ; Clock enable             ; no     ; --                   ; --               ; --                        ;
+-----------------------------------------------------------------------------------------------------------------------------------------+---------------------+---------+--------------------------+--------+----------------------+------------------+---------------------------+


+-------------------------------------------------------------------------------------------------------------------------------------------------------------------------------------------------------------------------------------------------------------------------------------+
; Global & Other Fast Signals                                                                                                                                                                                                                                                         ;
+-----------------------------------------------------------------------------------------------------------------------------------------+--------------------+---------+--------------------------------------+----------------------+------------------+---------------------------+
; Name                                                                                                                                    ; Location           ; Fan-Out ; Fan-Out Using Intentional Clock Skew ; Global Resource Used ; Global Line Name ; Enable Signal Source Name ;
+-----------------------------------------------------------------------------------------------------------------------------------------+--------------------+---------+--------------------------------------+----------------------+------------------+---------------------------+
; CLOCK_50_I                                                                                                                              ; PIN_Y2             ; 2299    ; 0                                    ; Global Clock         ; GCLK4            ; --                        ;
; SRAM_controller:SRAM_unit|Clock_100_PLL:Clock_100_PLL_inst|altpll:altpll_component|Clock_100_PLL_altpll:auto_generated|wire_pll1_clk[0] ; PLL_1              ; 2       ; 0                                    ; Global Clock         ; GCLK3            ; --                        ;
; resetn~0                                                                                                                                ; LCCOMB_X25_Y28_N10 ; 2082    ; 0                                    ; Global Clock         ; GCLK13           ; --                        ;
+-----------------------------------------------------------------------------------------------------------------------------------------+--------------------+---------+--------------------------------------+----------------------+------------------+---------------------------+


+---------------------------------------------------------------------------------------------------------------------------------------------------------------------------------------------------------------------------------------------------------------------------------------------------------------------------------------------------------------------------------------------------------------------------------------------------------------------------------------------------------------------------------------------------------------------------------------------------------------------------------------------------------------------------------+
; Fitter RAM Summary                                                                                                                                                                                                                                                                                                                                                                                                                                                                                                                                                                                                                                                              ;
+---------------------------------------------------------------------------------------------------------------------+------+----------------+--------------+--------------+--------------+--------------+--------------+------------------------+-------------------------+------------------------+-------------------------+------+-----------------------------+-----------------------------+-----------------------------+-----------------------------+---------------------+------+------------------------+--------------------------------+----------------------+------------------------+------------------------+----------+------------------------+---------------+
; Name                                                                                                                ; Type ; Mode           ; Clock Mode   ; Port A Depth ; Port A Width ; Port B Depth ; Port B Width ; Port A Input Registers ; Port A Output Registers ; Port B Input Registers ; Port B Output Registers ; Size ; Implementation Port A Depth ; Implementation Port A Width ; Implementation Port B Depth ; Implementation Port B Width ; Implementation Bits ; M9Ks ; MIF                    ; Location                       ; Mixed Width RDW Mode ; Port A RDW Mode        ; Port B RDW Mode        ; ECC Mode ; ECC Pipeline Registers ; Fits in MLABs ;
+---------------------------------------------------------------------------------------------------------------------+------+----------------+--------------+--------------+--------------+--------------+--------------+------------------------+-------------------------+------------------------+-------------------------+------+-----------------------------+-----------------------------+-----------------------------+-----------------------------+---------------------+------+------------------------+--------------------------------+----------------------+------------------------+------------------------+----------+------------------------+---------------+
; Milestone2:M2_unit|dual_port_C:RAM_inst1|altsyncram:altsyncram_component|altsyncram_abk2:auto_generated|ALTSYNCRAM  ; AUTO ; True Dual Port ; Single Clock ; 256          ; 32           ; 256          ; 32           ; yes                    ; no                      ; yes                    ; no                      ; 8192 ; 256                         ; 30                          ; 256                         ; 30                          ; 7680                ; 2    ; ../rtl/RAM_C.mif       ; M9K_X51_Y30_N0, M9K_X51_Y29_N0 ; Don't care           ; New data with NBE Read ; New data with NBE Read ; Off      ; No                     ; No - Unknown  ;
; Milestone2:M2_unit|dual_port_Cs:RAM_inst3|altsyncram:altsyncram_component|altsyncram_tek2:auto_generated|ALTSYNCRAM ; AUTO ; True Dual Port ; Single Clock ; 256          ; 32           ; 256          ; 32           ; yes                    ; no                      ; yes                    ; no                      ; 8192 ; 256                         ; 32                          ; 256                         ; 32                          ; 8192                ; 2    ; ../rtl/RAM_Cs.mif      ; M9K_X51_Y24_N0, M9K_X51_Y25_N0 ; Don't care           ; New data with NBE Read ; New data with NBE Read ; Off      ; No                     ; No - Unknown  ;
; Milestone2:M2_unit|dual_port_T:RAM_inst2|altsyncram:altsyncram_component|altsyncram_rbk2:auto_generated|ALTSYNCRAM  ; AUTO ; True Dual Port ; Single Clock ; 256          ; 32           ; 256          ; 32           ; yes                    ; no                      ; yes                    ; no                      ; 8192 ; 256                         ; 32                          ; 256                         ; 32                          ; 8192                ; 2    ; ../rtl/RAM_T.mif       ; M9K_X37_Y27_N0, M9K_X37_Y26_N0 ; Don't care           ; New data with NBE Read ; New data with NBE Read ; Off      ; No                     ; No - Unknown  ;
; Milestone2:M2_unit|dual_port_s:RAM_inst0|altsyncram:altsyncram_component|altsyncram_3vk2:auto_generated|ALTSYNCRAM  ; AUTO ; True Dual Port ; Single Clock ; 256          ; 32           ; 256          ; 32           ; yes                    ; no                      ; yes                    ; no                      ; 8192 ; 256                         ; 32                          ; 256                         ; 32                          ; 8192                ; 2    ; ../rtl/RAM_fetch_S.mif ; M9K_X51_Y28_N0, M9K_X51_Y26_N0 ; Don't care           ; New data with NBE Read ; New data with NBE Read ; Off      ; No                     ; No - Unknown  ;
+---------------------------------------------------------------------------------------------------------------------+------+----------------+--------------+--------------+--------------+--------------+--------------+------------------------+-------------------------+------------------------+-------------------------+------+-----------------------------+-----------------------------+-----------------------------+-----------------------------+---------------------+------+------------------------+--------------------------------+----------------------+------------------------+------------------------+----------+------------------------+---------------+
Note: Fitter may spread logical memories into multiple blocks to improve timing. The actual required RAM blocks can be found in the Fitter Resource Usage section.


RAM content values are presented in the following format: (Binary) (Octal) (Decimal) (Hexadecimal) 
+------------------------------------------------------------------------------------------------------------------------------------------------------------------------------------------------------------------------------------------------------------------+
; |project|Milestone2:M2_unit|dual_port_Cs:RAM_inst3|altsyncram:altsyncram_component|altsyncram_tek2:auto_generated|ALTSYNCRAM                                                                                                                                     ;
+------------------------------------------------------------------------------------------------------------------------------------------------------------------------------------------------------------------------------------------------------------------+
;   Addr   ;              +0              ;              +1              ;              +2              ;              +3              ;              +4              ;              +5              ;              +6              ;              +7              ;
+----------+------------------------------+------------------------------+------------------------------+------------------------------+------------------------------+------------------------------+------------------------------+------------------------------+
;0;(00000000000000000000000000000000) (0) (0) (00)    ;(00000000000000000000000000000000) (0) (0) (00)   ;(00000000000000000000000000000000) (0) (0) (00)   ;(00000000000000000000000000000000) (0) (0) (00)   ;(00000000000000000000000000000000) (0) (0) (00)   ;(00000000000000000000000000000000) (0) (0) (00)   ;(00000000000000000000000000000000) (0) (0) (00)   ;(00000000000000000000000000000000) (0) (0) (00)   ;
;8;(00000000000000000000000000000000) (0) (0) (00)    ;(00000000000000000000000000000000) (0) (0) (00)   ;(00000000000000000000000000000000) (0) (0) (00)   ;(00000000000000000000000000000000) (0) (0) (00)   ;(00000000000000000000000000000000) (0) (0) (00)   ;(00000000000000000000000000000000) (0) (0) (00)   ;(00000000000000000000000000000000) (0) (0) (00)   ;(00000000000000000000000000000000) (0) (0) (00)   ;
;16;(00000000000000000000000000000000) (0) (0) (00)    ;(00000000000000000000000000000000) (0) (0) (00)   ;(00000000000000000000000000000000) (0) (0) (00)   ;(00000000000000000000000000000000) (0) (0) (00)   ;(00000000000000000000000000000000) (0) (0) (00)   ;(00000000000000000000000000000000) (0) (0) (00)   ;(00000000000000000000000000000000) (0) (0) (00)   ;(00000000000000000000000000000000) (0) (0) (00)   ;
;24;(00000000000000000000000000000000) (0) (0) (00)    ;(00000000000000000000000000000000) (0) (0) (00)   ;(00000000000000000000000000000000) (0) (0) (00)   ;(00000000000000000000000000000000) (0) (0) (00)   ;(00000000000000000000000000000000) (0) (0) (00)   ;(00000000000000000000000000000000) (0) (0) (00)   ;(00000000000000000000000000000000) (0) (0) (00)   ;(00000000000000000000000000000000) (0) (0) (00)   ;
;32;(00000000000000000000000000000000) (0) (0) (00)    ;(00000000000000000000000000000000) (0) (0) (00)   ;(00000000000000000000000000000000) (0) (0) (00)   ;(00000000000000000000000000000000) (0) (0) (00)   ;(00000000000000000000000000000000) (0) (0) (00)   ;(00000000000000000000000000000000) (0) (0) (00)   ;(00000000000000000000000000000000) (0) (0) (00)   ;(00000000000000000000000000000000) (0) (0) (00)   ;
;40;(00000000000000000000000000000000) (0) (0) (00)    ;(00000000000000000000000000000000) (0) (0) (00)   ;(00000000000000000000000000000000) (0) (0) (00)   ;(00000000000000000000000000000000) (0) (0) (00)   ;(00000000000000000000000000000000) (0) (0) (00)   ;(00000000000000000000000000000000) (0) (0) (00)   ;(00000000000000000000000000000000) (0) (0) (00)   ;(00000000000000000000000000000000) (0) (0) (00)   ;
;48;(00000000000000000000000000000000) (0) (0) (00)    ;(00000000000000000000000000000000) (0) (0) (00)   ;(00000000000000000000000000000000) (0) (0) (00)   ;(00000000000000000000000000000000) (0) (0) (00)   ;(00000000000000000000000000000000) (0) (0) (00)   ;(00000000000000000000000000000000) (0) (0) (00)   ;(00000000000000000000000000000000) (0) (0) (00)   ;(00000000000000000000000000000000) (0) (0) (00)   ;
;56;(00000000000000000000000000000000) (0) (0) (00)    ;(00000000000000000000000000000000) (0) (0) (00)   ;(00000000000000000000000000000000) (0) (0) (00)   ;(00000000000000000000000000000000) (0) (0) (00)   ;(00000000000000000000000000000000) (0) (0) (00)   ;(00000000000000000000000000000000) (0) (0) (00)   ;(00000000000000000000000000000000) (0) (0) (00)   ;(00000000000000000000000000000000) (0) (0) (00)   ;
;64;(00000000000000000000000000000000) (0) (0) (00)    ;(00000000000000000000000000000000) (0) (0) (00)   ;(00000000000000000000000000000000) (0) (0) (00)   ;(00000000000000000000000000000000) (0) (0) (00)   ;(00000000000000000000000000000000) (0) (0) (00)   ;(00000000000000000000000000000000) (0) (0) (00)   ;(00000000000000000000000000000000) (0) (0) (00)   ;(00000000000000000000000000000000) (0) (0) (00)   ;
;72;(00000000000000000000000000000000) (0) (0) (00)    ;(00000000000000000000000000000000) (0) (0) (00)   ;(00000000000000000000000000000000) (0) (0) (00)   ;(00000000000000000000000000000000) (0) (0) (00)   ;(00000000000000000000000000000000) (0) (0) (00)   ;(00000000000000000000000000000000) (0) (0) (00)   ;(00000000000000000000000000000000) (0) (0) (00)   ;(00000000000000000000000000000000) (0) (0) (00)   ;
;80;(00000000000000000000000000000000) (0) (0) (00)    ;(00000000000000000000000000000000) (0) (0) (00)   ;(00000000000000000000000000000000) (0) (0) (00)   ;(00000000000000000000000000000000) (0) (0) (00)   ;(00000000000000000000000000000000) (0) (0) (00)   ;(00000000000000000000000000000000) (0) (0) (00)   ;(00000000000000000000000000000000) (0) (0) (00)   ;(00000000000000000000000000000000) (0) (0) (00)   ;
;88;(00000000000000000000000000000000) (0) (0) (00)    ;(00000000000000000000000000000000) (0) (0) (00)   ;(00000000000000000000000000000000) (0) (0) (00)   ;(00000000000000000000000000000000) (0) (0) (00)   ;(00000000000000000000000000000000) (0) (0) (00)   ;(00000000000000000000000000000000) (0) (0) (00)   ;(00000000000000000000000000000000) (0) (0) (00)   ;(00000000000000000000000000000000) (0) (0) (00)   ;
;96;(00000000000000000000000000000000) (0) (0) (00)    ;(00000000000000000000000000000000) (0) (0) (00)   ;(00000000000000000000000000000000) (0) (0) (00)   ;(00000000000000000000000000000000) (0) (0) (00)   ;(00000000000000000000000000000000) (0) (0) (00)   ;(00000000000000000000000000000000) (0) (0) (00)   ;(00000000000000000000000000000000) (0) (0) (00)   ;(00000000000000000000000000000000) (0) (0) (00)   ;
;104;(00000000000000000000000000000000) (0) (0) (00)    ;(00000000000000000000000000000000) (0) (0) (00)   ;(00000000000000000000000000000000) (0) (0) (00)   ;(00000000000000000000000000000000) (0) (0) (00)   ;(00000000000000000000000000000000) (0) (0) (00)   ;(00000000000000000000000000000000) (0) (0) (00)   ;(00000000000000000000000000000000) (0) (0) (00)   ;(00000000000000000000000000000000) (0) (0) (00)   ;
;112;(00000000000000000000000000000000) (0) (0) (00)    ;(00000000000000000000000000000000) (0) (0) (00)   ;(00000000000000000000000000000000) (0) (0) (00)   ;(00000000000000000000000000000000) (0) (0) (00)   ;(00000000000000000000000000000000) (0) (0) (00)   ;(00000000000000000000000000000000) (0) (0) (00)   ;(00000000000000000000000000000000) (0) (0) (00)   ;(00000000000000000000000000000000) (0) (0) (00)   ;
;120;(00000000000000000000000000000000) (0) (0) (00)    ;(00000000000000000000000000000000) (0) (0) (00)   ;(00000000000000000000000000000000) (0) (0) (00)   ;(00000000000000000000000000000000) (0) (0) (00)   ;(00000000000000000000000000000000) (0) (0) (00)   ;(00000000000000000000000000000000) (0) (0) (00)   ;(00000000000000000000000000000000) (0) (0) (00)   ;(00000000000000000000000000000000) (0) (0) (00)   ;
;128;(00000000000000000000000000000000) (0) (0) (00)    ;(00000000000000000000000000000000) (0) (0) (00)   ;(00000000000000000000000000000000) (0) (0) (00)   ;(00000000000000000000000000000000) (0) (0) (00)   ;(00000000000000000000000000000000) (0) (0) (00)   ;(00000000000000000000000000000000) (0) (0) (00)   ;(00000000000000000000000000000000) (0) (0) (00)   ;(00000000000000000000000000000000) (0) (0) (00)   ;
;136;(00000000000000000000000000000000) (0) (0) (00)    ;(00000000000000000000000000000000) (0) (0) (00)   ;(00000000000000000000000000000000) (0) (0) (00)   ;(00000000000000000000000000000000) (0) (0) (00)   ;(00000000000000000000000000000000) (0) (0) (00)   ;(00000000000000000000000000000000) (0) (0) (00)   ;(00000000000000000000000000000000) (0) (0) (00)   ;(00000000000000000000000000000000) (0) (0) (00)   ;
;144;(00000000000000000000000000000000) (0) (0) (00)    ;(00000000000000000000000000000000) (0) (0) (00)   ;(00000000000000000000000000000000) (0) (0) (00)   ;(00000000000000000000000000000000) (0) (0) (00)   ;(00000000000000000000000000000000) (0) (0) (00)   ;(00000000000000000000000000000000) (0) (0) (00)   ;(00000000000000000000000000000000) (0) (0) (00)   ;(00000000000000000000000000000000) (0) (0) (00)   ;
;152;(00000000000000000000000000000000) (0) (0) (00)    ;(00000000000000000000000000000000) (0) (0) (00)   ;(00000000000000000000000000000000) (0) (0) (00)   ;(00000000000000000000000000000000) (0) (0) (00)   ;(00000000000000000000000000000000) (0) (0) (00)   ;(00000000000000000000000000000000) (0) (0) (00)   ;(00000000000000000000000000000000) (0) (0) (00)   ;(00000000000000000000000000000000) (0) (0) (00)   ;
;160;(00000000000000000000000000000000) (0) (0) (00)    ;(00000000000000000000000000000000) (0) (0) (00)   ;(00000000000000000000000000000000) (0) (0) (00)   ;(00000000000000000000000000000000) (0) (0) (00)   ;(00000000000000000000000000000000) (0) (0) (00)   ;(00000000000000000000000000000000) (0) (0) (00)   ;(00000000000000000000000000000000) (0) (0) (00)   ;(00000000000000000000000000000000) (0) (0) (00)   ;
;168;(00000000000000000000000000000000) (0) (0) (00)    ;(00000000000000000000000000000000) (0) (0) (00)   ;(00000000000000000000000000000000) (0) (0) (00)   ;(00000000000000000000000000000000) (0) (0) (00)   ;(00000000000000000000000000000000) (0) (0) (00)   ;(00000000000000000000000000000000) (0) (0) (00)   ;(00000000000000000000000000000000) (0) (0) (00)   ;(00000000000000000000000000000000) (0) (0) (00)   ;
;176;(00000000000000000000000000000000) (0) (0) (00)    ;(00000000000000000000000000000000) (0) (0) (00)   ;(00000000000000000000000000000000) (0) (0) (00)   ;(00000000000000000000000000000000) (0) (0) (00)   ;(00000000000000000000000000000000) (0) (0) (00)   ;(00000000000000000000000000000000) (0) (0) (00)   ;(00000000000000000000000000000000) (0) (0) (00)   ;(00000000000000000000000000000000) (0) (0) (00)   ;
;184;(00000000000000000000000000000000) (0) (0) (00)    ;(00000000000000000000000000000000) (0) (0) (00)   ;(00000000000000000000000000000000) (0) (0) (00)   ;(00000000000000000000000000000000) (0) (0) (00)   ;(00000000000000000000000000000000) (0) (0) (00)   ;(00000000000000000000000000000000) (0) (0) (00)   ;(00000000000000000000000000000000) (0) (0) (00)   ;(00000000000000000000000000000000) (0) (0) (00)   ;
;192;(00000000000000000000000000000000) (0) (0) (00)    ;(00000000000000000000000000000000) (0) (0) (00)   ;(00000000000000000000000000000000) (0) (0) (00)   ;(00000000000000000000000000000000) (0) (0) (00)   ;(00000000000000000000000000000000) (0) (0) (00)   ;(00000000000000000000000000000000) (0) (0) (00)   ;(00000000000000000000000000000000) (0) (0) (00)   ;(00000000000000000000000000000000) (0) (0) (00)   ;
;200;(00000000000000000000000000000000) (0) (0) (00)    ;(00000000000000000000000000000000) (0) (0) (00)   ;(00000000000000000000000000000000) (0) (0) (00)   ;(00000000000000000000000000000000) (0) (0) (00)   ;(00000000000000000000000000000000) (0) (0) (00)   ;(00000000000000000000000000000000) (0) (0) (00)   ;(00000000000000000000000000000000) (0) (0) (00)   ;(00000000000000000000000000000000) (0) (0) (00)   ;
;208;(00000000000000000000000000000000) (0) (0) (00)    ;(00000000000000000000000000000000) (0) (0) (00)   ;(00000000000000000000000000000000) (0) (0) (00)   ;(00000000000000000000000000000000) (0) (0) (00)   ;(00000000000000000000000000000000) (0) (0) (00)   ;(00000000000000000000000000000000) (0) (0) (00)   ;(00000000000000000000000000000000) (0) (0) (00)   ;(00000000000000000000000000000000) (0) (0) (00)   ;
;216;(00000000000000000000000000000000) (0) (0) (00)    ;(00000000000000000000000000000000) (0) (0) (00)   ;(00000000000000000000000000000000) (0) (0) (00)   ;(00000000000000000000000000000000) (0) (0) (00)   ;(00000000000000000000000000000000) (0) (0) (00)   ;(00000000000000000000000000000000) (0) (0) (00)   ;(00000000000000000000000000000000) (0) (0) (00)   ;(00000000000000000000000000000000) (0) (0) (00)   ;
;224;(00000000000000000000000000000000) (0) (0) (00)    ;(00000000000000000000000000000000) (0) (0) (00)   ;(00000000000000000000000000000000) (0) (0) (00)   ;(00000000000000000000000000000000) (0) (0) (00)   ;(00000000000000000000000000000000) (0) (0) (00)   ;(00000000000000000000000000000000) (0) (0) (00)   ;(00000000000000000000000000000000) (0) (0) (00)   ;(00000000000000000000000000000000) (0) (0) (00)   ;
;232;(00000000000000000000000000000000) (0) (0) (00)    ;(00000000000000000000000000000000) (0) (0) (00)   ;(00000000000000000000000000000000) (0) (0) (00)   ;(00000000000000000000000000000000) (0) (0) (00)   ;(00000000000000000000000000000000) (0) (0) (00)   ;(00000000000000000000000000000000) (0) (0) (00)   ;(00000000000000000000000000000000) (0) (0) (00)   ;(00000000000000000000000000000000) (0) (0) (00)   ;
;240;(00000000000000000000000000000000) (0) (0) (00)    ;(00000000000000000000000000000000) (0) (0) (00)   ;(00000000000000000000000000000000) (0) (0) (00)   ;(00000000000000000000000000000000) (0) (0) (00)   ;(00000000000000000000000000000000) (0) (0) (00)   ;(00000000000000000000000000000000) (0) (0) (00)   ;(00000000000000000000000000000000) (0) (0) (00)   ;(00000000000000000000000000000000) (0) (0) (00)   ;
;248;(00000000000000000000000000000000) (0) (0) (00)    ;(00000000000000000000000000000000) (0) (0) (00)   ;(00000000000000000000000000000000) (0) (0) (00)   ;(00000000000000000000000000000000) (0) (0) (00)   ;(00000000000000000000000000000000) (0) (0) (00)   ;(00000000000000000000000000000000) (0) (0) (00)   ;(00000000000000000000000000000000) (0) (0) (00)   ;(00000000000000000000000000000000) (0) (0) (00)   ;


RAM content values are presented in the following format: (Binary) (Octal) (Decimal) (Hexadecimal) 
+------------------------------------------------------------------------------------------------------------------------------------------------------------------------------------------------------------------------------------------------------------------+
; |project|Milestone2:M2_unit|dual_port_T:RAM_inst2|altsyncram:altsyncram_component|altsyncram_rbk2:auto_generated|ALTSYNCRAM                                                                                                                                      ;
+------------------------------------------------------------------------------------------------------------------------------------------------------------------------------------------------------------------------------------------------------------------+
;   Addr   ;              +0              ;              +1              ;              +2              ;              +3              ;              +4              ;              +5              ;              +6              ;              +7              ;
+----------+------------------------------+------------------------------+------------------------------+------------------------------+------------------------------+------------------------------+------------------------------+------------------------------+
;0;(00000000000000000000000000000000) (0) (0) (00)    ;(00000000000000000000000000000000) (0) (0) (00)   ;(00000000000000000000000000000000) (0) (0) (00)   ;(00000000000000000000000000000000) (0) (0) (00)   ;(00000000000000000000000000000000) (0) (0) (00)   ;(00000000000000000000000000000000) (0) (0) (00)   ;(00000000000000000000000000000000) (0) (0) (00)   ;(00000000000000000000000000000000) (0) (0) (00)   ;
;8;(00000000000000000000000000000000) (0) (0) (00)    ;(00000000000000000000000000000000) (0) (0) (00)   ;(00000000000000000000000000000000) (0) (0) (00)   ;(00000000000000000000000000000000) (0) (0) (00)   ;(00000000000000000000000000000000) (0) (0) (00)   ;(00000000000000000000000000000000) (0) (0) (00)   ;(00000000000000000000000000000000) (0) (0) (00)   ;(00000000000000000000000000000000) (0) (0) (00)   ;
;16;(00000000000000000000000000000000) (0) (0) (00)    ;(00000000000000000000000000000000) (0) (0) (00)   ;(00000000000000000000000000000000) (0) (0) (00)   ;(00000000000000000000000000000000) (0) (0) (00)   ;(00000000000000000000000000000000) (0) (0) (00)   ;(00000000000000000000000000000000) (0) (0) (00)   ;(00000000000000000000000000000000) (0) (0) (00)   ;(00000000000000000000000000000000) (0) (0) (00)   ;
;24;(00000000000000000000000000000000) (0) (0) (00)    ;(00000000000000000000000000000000) (0) (0) (00)   ;(00000000000000000000000000000000) (0) (0) (00)   ;(00000000000000000000000000000000) (0) (0) (00)   ;(00000000000000000000000000000000) (0) (0) (00)   ;(00000000000000000000000000000000) (0) (0) (00)   ;(00000000000000000000000000000000) (0) (0) (00)   ;(00000000000000000000000000000000) (0) (0) (00)   ;
;32;(00000000000000000000000000000000) (0) (0) (00)    ;(00000000000000000000000000000000) (0) (0) (00)   ;(00000000000000000000000000000000) (0) (0) (00)   ;(00000000000000000000000000000000) (0) (0) (00)   ;(00000000000000000000000000000000) (0) (0) (00)   ;(00000000000000000000000000000000) (0) (0) (00)   ;(00000000000000000000000000000000) (0) (0) (00)   ;(00000000000000000000000000000000) (0) (0) (00)   ;
;40;(00000000000000000000000000000000) (0) (0) (00)    ;(00000000000000000000000000000000) (0) (0) (00)   ;(00000000000000000000000000000000) (0) (0) (00)   ;(00000000000000000000000000000000) (0) (0) (00)   ;(00000000000000000000000000000000) (0) (0) (00)   ;(00000000000000000000000000000000) (0) (0) (00)   ;(00000000000000000000000000000000) (0) (0) (00)   ;(00000000000000000000000000000000) (0) (0) (00)   ;
;48;(00000000000000000000000000000000) (0) (0) (00)    ;(00000000000000000000000000000000) (0) (0) (00)   ;(00000000000000000000000000000000) (0) (0) (00)   ;(00000000000000000000000000000000) (0) (0) (00)   ;(00000000000000000000000000000000) (0) (0) (00)   ;(00000000000000000000000000000000) (0) (0) (00)   ;(00000000000000000000000000000000) (0) (0) (00)   ;(00000000000000000000000000000000) (0) (0) (00)   ;
;56;(00000000000000000000000000000000) (0) (0) (00)    ;(00000000000000000000000000000000) (0) (0) (00)   ;(00000000000000000000000000000000) (0) (0) (00)   ;(00000000000000000000000000000000) (0) (0) (00)   ;(00000000000000000000000000000000) (0) (0) (00)   ;(00000000000000000000000000000000) (0) (0) (00)   ;(00000000000000000000000000000000) (0) (0) (00)   ;(00000000000000000000000000000000) (0) (0) (00)   ;
;64;(00000000000000000000000000000000) (0) (0) (00)    ;(00000000000000000000000000000000) (0) (0) (00)   ;(00000000000000000000000000000000) (0) (0) (00)   ;(00000000000000000000000000000000) (0) (0) (00)   ;(00000000000000000000000000000000) (0) (0) (00)   ;(00000000000000000000000000000000) (0) (0) (00)   ;(00000000000000000000000000000000) (0) (0) (00)   ;(00000000000000000000000000000000) (0) (0) (00)   ;
;72;(00000000000000000000000000000000) (0) (0) (00)    ;(00000000000000000000000000000000) (0) (0) (00)   ;(00000000000000000000000000000000) (0) (0) (00)   ;(00000000000000000000000000000000) (0) (0) (00)   ;(00000000000000000000000000000000) (0) (0) (00)   ;(00000000000000000000000000000000) (0) (0) (00)   ;(00000000000000000000000000000000) (0) (0) (00)   ;(00000000000000000000000000000000) (0) (0) (00)   ;
;80;(00000000000000000000000000000000) (0) (0) (00)    ;(00000000000000000000000000000000) (0) (0) (00)   ;(00000000000000000000000000000000) (0) (0) (00)   ;(00000000000000000000000000000000) (0) (0) (00)   ;(00000000000000000000000000000000) (0) (0) (00)   ;(00000000000000000000000000000000) (0) (0) (00)   ;(00000000000000000000000000000000) (0) (0) (00)   ;(00000000000000000000000000000000) (0) (0) (00)   ;
;88;(00000000000000000000000000000000) (0) (0) (00)    ;(00000000000000000000000000000000) (0) (0) (00)   ;(00000000000000000000000000000000) (0) (0) (00)   ;(00000000000000000000000000000000) (0) (0) (00)   ;(00000000000000000000000000000000) (0) (0) (00)   ;(00000000000000000000000000000000) (0) (0) (00)   ;(00000000000000000000000000000000) (0) (0) (00)   ;(00000000000000000000000000000000) (0) (0) (00)   ;
;96;(00000000000000000000000000000000) (0) (0) (00)    ;(00000000000000000000000000000000) (0) (0) (00)   ;(00000000000000000000000000000000) (0) (0) (00)   ;(00000000000000000000000000000000) (0) (0) (00)   ;(00000000000000000000000000000000) (0) (0) (00)   ;(00000000000000000000000000000000) (0) (0) (00)   ;(00000000000000000000000000000000) (0) (0) (00)   ;(00000000000000000000000000000000) (0) (0) (00)   ;
;104;(00000000000000000000000000000000) (0) (0) (00)    ;(00000000000000000000000000000000) (0) (0) (00)   ;(00000000000000000000000000000000) (0) (0) (00)   ;(00000000000000000000000000000000) (0) (0) (00)   ;(00000000000000000000000000000000) (0) (0) (00)   ;(00000000000000000000000000000000) (0) (0) (00)   ;(00000000000000000000000000000000) (0) (0) (00)   ;(00000000000000000000000000000000) (0) (0) (00)   ;
;112;(00000000000000000000000000000000) (0) (0) (00)    ;(00000000000000000000000000000000) (0) (0) (00)   ;(00000000000000000000000000000000) (0) (0) (00)   ;(00000000000000000000000000000000) (0) (0) (00)   ;(00000000000000000000000000000000) (0) (0) (00)   ;(00000000000000000000000000000000) (0) (0) (00)   ;(00000000000000000000000000000000) (0) (0) (00)   ;(00000000000000000000000000000000) (0) (0) (00)   ;
;120;(00000000000000000000000000000000) (0) (0) (00)    ;(00000000000000000000000000000000) (0) (0) (00)   ;(00000000000000000000000000000000) (0) (0) (00)   ;(00000000000000000000000000000000) (0) (0) (00)   ;(00000000000000000000000000000000) (0) (0) (00)   ;(00000000000000000000000000000000) (0) (0) (00)   ;(00000000000000000000000000000000) (0) (0) (00)   ;(00000000000000000000000000000000) (0) (0) (00)   ;
;128;(00000000000000000000000000000000) (0) (0) (00)    ;(00000000000000000000000000000000) (0) (0) (00)   ;(00000000000000000000000000000000) (0) (0) (00)   ;(00000000000000000000000000000000) (0) (0) (00)   ;(00000000000000000000000000000000) (0) (0) (00)   ;(00000000000000000000000000000000) (0) (0) (00)   ;(00000000000000000000000000000000) (0) (0) (00)   ;(00000000000000000000000000000000) (0) (0) (00)   ;
;136;(00000000000000000000000000000000) (0) (0) (00)    ;(00000000000000000000000000000000) (0) (0) (00)   ;(00000000000000000000000000000000) (0) (0) (00)   ;(00000000000000000000000000000000) (0) (0) (00)   ;(00000000000000000000000000000000) (0) (0) (00)   ;(00000000000000000000000000000000) (0) (0) (00)   ;(00000000000000000000000000000000) (0) (0) (00)   ;(00000000000000000000000000000000) (0) (0) (00)   ;
;144;(00000000000000000000000000000000) (0) (0) (00)    ;(00000000000000000000000000000000) (0) (0) (00)   ;(00000000000000000000000000000000) (0) (0) (00)   ;(00000000000000000000000000000000) (0) (0) (00)   ;(00000000000000000000000000000000) (0) (0) (00)   ;(00000000000000000000000000000000) (0) (0) (00)   ;(00000000000000000000000000000000) (0) (0) (00)   ;(00000000000000000000000000000000) (0) (0) (00)   ;
;152;(00000000000000000000000000000000) (0) (0) (00)    ;(00000000000000000000000000000000) (0) (0) (00)   ;(00000000000000000000000000000000) (0) (0) (00)   ;(00000000000000000000000000000000) (0) (0) (00)   ;(00000000000000000000000000000000) (0) (0) (00)   ;(00000000000000000000000000000000) (0) (0) (00)   ;(00000000000000000000000000000000) (0) (0) (00)   ;(00000000000000000000000000000000) (0) (0) (00)   ;
;160;(00000000000000000000000000000000) (0) (0) (00)    ;(00000000000000000000000000000000) (0) (0) (00)   ;(00000000000000000000000000000000) (0) (0) (00)   ;(00000000000000000000000000000000) (0) (0) (00)   ;(00000000000000000000000000000000) (0) (0) (00)   ;(00000000000000000000000000000000) (0) (0) (00)   ;(00000000000000000000000000000000) (0) (0) (00)   ;(00000000000000000000000000000000) (0) (0) (00)   ;
;168;(00000000000000000000000000000000) (0) (0) (00)    ;(00000000000000000000000000000000) (0) (0) (00)   ;(00000000000000000000000000000000) (0) (0) (00)   ;(00000000000000000000000000000000) (0) (0) (00)   ;(00000000000000000000000000000000) (0) (0) (00)   ;(00000000000000000000000000000000) (0) (0) (00)   ;(00000000000000000000000000000000) (0) (0) (00)   ;(00000000000000000000000000000000) (0) (0) (00)   ;
;176;(00000000000000000000000000000000) (0) (0) (00)    ;(00000000000000000000000000000000) (0) (0) (00)   ;(00000000000000000000000000000000) (0) (0) (00)   ;(00000000000000000000000000000000) (0) (0) (00)   ;(00000000000000000000000000000000) (0) (0) (00)   ;(00000000000000000000000000000000) (0) (0) (00)   ;(00000000000000000000000000000000) (0) (0) (00)   ;(00000000000000000000000000000000) (0) (0) (00)   ;
;184;(00000000000000000000000000000000) (0) (0) (00)    ;(00000000000000000000000000000000) (0) (0) (00)   ;(00000000000000000000000000000000) (0) (0) (00)   ;(00000000000000000000000000000000) (0) (0) (00)   ;(00000000000000000000000000000000) (0) (0) (00)   ;(00000000000000000000000000000000) (0) (0) (00)   ;(00000000000000000000000000000000) (0) (0) (00)   ;(00000000000000000000000000000000) (0) (0) (00)   ;
;192;(00000000000000000000000000000000) (0) (0) (00)    ;(00000000000000000000000000000000) (0) (0) (00)   ;(00000000000000000000000000000000) (0) (0) (00)   ;(00000000000000000000000000000000) (0) (0) (00)   ;(00000000000000000000000000000000) (0) (0) (00)   ;(00000000000000000000000000000000) (0) (0) (00)   ;(00000000000000000000000000000000) (0) (0) (00)   ;(00000000000000000000000000000000) (0) (0) (00)   ;
;200;(00000000000000000000000000000000) (0) (0) (00)    ;(00000000000000000000000000000000) (0) (0) (00)   ;(00000000000000000000000000000000) (0) (0) (00)   ;(00000000000000000000000000000000) (0) (0) (00)   ;(00000000000000000000000000000000) (0) (0) (00)   ;(00000000000000000000000000000000) (0) (0) (00)   ;(00000000000000000000000000000000) (0) (0) (00)   ;(00000000000000000000000000000000) (0) (0) (00)   ;
;208;(00000000000000000000000000000000) (0) (0) (00)    ;(00000000000000000000000000000000) (0) (0) (00)   ;(00000000000000000000000000000000) (0) (0) (00)   ;(00000000000000000000000000000000) (0) (0) (00)   ;(00000000000000000000000000000000) (0) (0) (00)   ;(00000000000000000000000000000000) (0) (0) (00)   ;(00000000000000000000000000000000) (0) (0) (00)   ;(00000000000000000000000000000000) (0) (0) (00)   ;
;216;(00000000000000000000000000000000) (0) (0) (00)    ;(00000000000000000000000000000000) (0) (0) (00)   ;(00000000000000000000000000000000) (0) (0) (00)   ;(00000000000000000000000000000000) (0) (0) (00)   ;(00000000000000000000000000000000) (0) (0) (00)   ;(00000000000000000000000000000000) (0) (0) (00)   ;(00000000000000000000000000000000) (0) (0) (00)   ;(00000000000000000000000000000000) (0) (0) (00)   ;
;224;(00000000000000000000000000000000) (0) (0) (00)    ;(00000000000000000000000000000000) (0) (0) (00)   ;(00000000000000000000000000000000) (0) (0) (00)   ;(00000000000000000000000000000000) (0) (0) (00)   ;(00000000000000000000000000000000) (0) (0) (00)   ;(00000000000000000000000000000000) (0) (0) (00)   ;(00000000000000000000000000000000) (0) (0) (00)   ;(00000000000000000000000000000000) (0) (0) (00)   ;
;232;(00000000000000000000000000000000) (0) (0) (00)    ;(00000000000000000000000000000000) (0) (0) (00)   ;(00000000000000000000000000000000) (0) (0) (00)   ;(00000000000000000000000000000000) (0) (0) (00)   ;(00000000000000000000000000000000) (0) (0) (00)   ;(00000000000000000000000000000000) (0) (0) (00)   ;(00000000000000000000000000000000) (0) (0) (00)   ;(00000000000000000000000000000000) (0) (0) (00)   ;
;240;(00000000000000000000000000000000) (0) (0) (00)    ;(00000000000000000000000000000000) (0) (0) (00)   ;(00000000000000000000000000000000) (0) (0) (00)   ;(00000000000000000000000000000000) (0) (0) (00)   ;(00000000000000000000000000000000) (0) (0) (00)   ;(00000000000000000000000000000000) (0) (0) (00)   ;(00000000000000000000000000000000) (0) (0) (00)   ;(00000000000000000000000000000000) (0) (0) (00)   ;
;248;(00000000000000000000000000000000) (0) (0) (00)    ;(00000000000000000000000000000000) (0) (0) (00)   ;(00000000000000000000000000000000) (0) (0) (00)   ;(00000000000000000000000000000000) (0) (0) (00)   ;(00000000000000000000000000000000) (0) (0) (00)   ;(00000000000000000000000000000000) (0) (0) (00)   ;(00000000000000000000000000000000) (0) (0) (00)   ;(00000000000000000000000000000000) (0) (0) (00)   ;


RAM content values are presented in the following format: (Binary) (Octal) (Decimal) (Hexadecimal) 
+------------------------------------------------------------------------------------------------------------------------------------------------------------------------------------------------------------------------------------------------------------------+
; |project|Milestone2:M2_unit|dual_port_s:RAM_inst0|altsyncram:altsyncram_component|altsyncram_3vk2:auto_generated|ALTSYNCRAM                                                                                                                                      ;
+------------------------------------------------------------------------------------------------------------------------------------------------------------------------------------------------------------------------------------------------------------------+
;   Addr   ;              +0              ;              +1              ;              +2              ;              +3              ;              +4              ;              +5              ;              +6              ;              +7              ;
+----------+------------------------------+------------------------------+------------------------------+------------------------------+------------------------------+------------------------------+------------------------------+------------------------------+
;0;(00000111001000001111111100100000) (710177440) (119602976) (720FF20)    ;(00000000110000000000000001100000) (60000140) (12583008) (C00060)   ;(11111111100100000000000000010000) (-33777760) (-7340016) (-6-15-15-15-150)   ;(00000000010100001111111111000000) (24177700) (5308352) (50FFC0)   ;(11111111101100000000000000110000) (-23777720) (-5242832) (-4-15-15-15-130)   ;(00000000000100001111111111000000) (4177700) (1114048) (10FFC0)   ;(11111111111100000000000000110000) (-3777720) (-1048528) (-15-15-15-130)   ;(11111111111100001111111111010000) (-3600060) (-983088) (-1500-30)   ;
;8;(00001000110000001111111111110000) (1060177760) (146866160) (8C0FFF0)    ;(11111111101000000000000000110000) (-27777720) (-6291408) (-5-15-15-15-130)   ;(00000000011000000000000000100000) (30000040) (6291488) (600020)   ;(11111111111100001111111110100000) (-3600140) (-983136) (-1500-60)   ;(11111111110100000000000000010000) (-13777760) (-3145712) (-2-15-15-15-150)   ;(00000000010000000000000001000000) (20000100) (4194368) (400040)   ;(00000000000000001111111111100000) (177740) (65504) (FFE0)   ;(11111111110100001111111111100000) (-13600040) (-3080224) (-2-1500-20)   ;
;16;(00001001000000001111111110010000) (1100177620) (151060368) (900FF90)    ;(00000000001100000000000000000000) (14000000) (3145728) (300000)   ;(00000000001000001111111111010000) (10177720) (2162640) (20FFD0)   ;(00000000001100001111111111010000) (14177720) (3211216) (30FFD0)   ;(00000000001100001111111111110000) (14177760) (3211248) (30FFF0)   ;(00000000001000001111111111110000) (10177760) (2162672) (20FFF0)   ;(00000000000100001111111111110000) (4177760) (1114096) (10FFF0)   ;(00000000000100000000000000000000) (4000000) (1048576) (100000)   ;
;24;(00001011000000000000000000000000) (1300000000) (184549376) (B000000)    ;(00000000010100001111111111010000) (24177720) (5308368) (50FFD0)   ;(00000000000000000000000000110000) (60) (48) (30)   ;(11111111111100001111111111110000) (-3600020) (-983056) (-1500-10)   ;(00000000001000001111111111110000) (10177760) (2162672) (20FFF0)   ;(11111111111100000000000000010000) (-3777760) (-1048560) (-15-15-15-150)   ;(00000000000000000000000000000000) (0) (0) (00)   ;(00000000000100000000000000000000) (4000000) (1048576) (100000)   ;
;32;(00001010101000000000000000110000) (1250000060) (178257968) (AA00030)    ;(00000000010100000000000000110000) (24000060) (5242928) (500030)   ;(00000000001000000000000000000000) (10000000) (2097152) (200000)   ;(11111111111100001111111111110000) (-3600020) (-983056) (-1500-10)   ;(00000000000000000000000000010000) (20) (16) (10)   ;(00000000000000000000000000000000) (0) (0) (00)   ;(00000000000000000000000000000000) (0) (0) (00)   ;(00000000000000000000000000000000) (0) (0) (00)   ;
;40;(00001001000100000000000110100000) (1104000640) (152043936) (91001A0)    ;(11111111101000001111111101000000) (-27600300) (-6226112) (-5-1500-120)   ;(00000000010100000000000010110000) (24000260) (5243056) (5000B0)   ;(11111111101100001111111110110000) (-23600120) (-5177424) (-4-1500-50)   ;(00000000011100000000000000100000) (34000040) (7340064) (700020)   ;(11111111011100000000000000100000) (-43777740) (-9437152) (-8-15-15-15-140)   ;(00000000010100001111111111000000) (24177700) (5308352) (50FFC0)   ;(11111111111100000000000001010000) (-3777660) (-1048496) (-15-15-15-110)   ;
;48;(00001000011100001111111011100000) (1034177340) (141623008) (870FEE0)    ;(11111111110000000000000001010000) (-17777660) (-4194224) (-3-15-15-15-110)   ;(11111111001100001111111100100000) (-63600340) (-13566176) (-12-1500-140)   ;(11111111100000000000000000110000) (-37777720) (-8388560) (-7-15-15-15-130)   ;(00000000000100001111111110010000) (4177620) (1114000) (10FF90)   ;(11111111111100000000000000110000) (-3777720) (-1048528) (-15-15-15-130)   ;(00000000011100001111111111110000) (34177760) (7405552) (70FFF0)   ;(00000000000100000000000000000000) (4000000) (1048576) (100000)   ;
;56;(00001001111100001111111110000000) (1174177600) (166788992) (9F0FF80)    ;(11111111101000000000000000100000) (-27777740) (-6291424) (-5-15-15-15-140)   ;(00000000000100000000000001010000) (4000120) (1048656) (100050)   ;(00000000001100000000000001000000) (14000100) (3145792) (300040)   ;(00000000000000000000000000000000) (0) (0) (00)   ;(11111111111000001111111111100000) (-7600040) (-2031648) (-1-1500-20)   ;(11111111111000000000000000000000) (-10000000) (-2097152) (-200000)   ;(00000000000000000000000000000000) (0) (0) (00)   ;
;64;(00001000010100001111111111100000) (1024177740) (139526112) (850FFE0)    ;(00000000110000000000000000000000) (60000000) (12582912) (C00000)   ;(11111111110100001111111110100000) (-13600140) (-3080288) (-2-1500-60)   ;(00000000001000000000000001010000) (10000120) (2097232) (200050)   ;(00000000000100001111111111010000) (4177720) (1114064) (10FFD0)   ;(11111111110100000000000000010000) (-13777760) (-3145712) (-2-15-15-15-150)   ;(00000000001100000000000000110000) (14000060) (3145776) (300030)   ;(11111111111100001111111111010000) (-3600060) (-983088) (-1500-30)   ;
;72;(00001001010100001111111111100000) (1124177740) (156303328) (950FFE0)    ;(00000000000000001111111111010000) (177720) (65488) (FFD0)   ;(11111111111000000000000000100000) (-7777740) (-2097120) (-1-15-15-15-140)   ;(00000000001100000000000000000000) (14000000) (3145728) (300000)   ;(00000000000100000000000001000000) (4000100) (1048640) (100040)   ;(00000000000100001111111111110000) (4177760) (1114096) (10FFF0)   ;(00000000000000000000000000010000) (20) (16) (10)   ;(00000000000000001111111111110000) (177760) (65520) (FFF0)   ;
;80;(00001000011100000000000001000000) (1034000100) (141557824) (8700040)    ;(11111111110000000000000000010000) (-17777760) (-4194288) (-3-15-15-15-150)   ;(00000000001100000000000010010000) (14000220) (3145872) (300090)   ;(00000000001100000000000000010000) (14000020) (3145744) (300010)   ;(00000000001000000000000000010000) (10000020) (2097168) (200010)   ;(11111111111000001111111110110000) (-7600120) (-2031696) (-1-1500-50)   ;(11111111111100001111111111010000) (-3600060) (-983088) (-1500-30)   ;(11111111111100001111111111110000) (-3600020) (-983056) (-1500-10)   ;
;88;(00000110100100000000000100000000) (644000400) (110100736) (6900100)    ;(00000000000000001111111110110000) (177660) (65456) (FFB0)   ;(00000000010100000000000001100000) (24000140) (5242976) (500060)   ;(11111111101100001111111111000000) (-23600100) (-5177408) (-4-1500-40)   ;(00000000010000000000000000010000) (20000020) (4194320) (400010)   ;(11111111111000000000000000110000) (-7777720) (-2097104) (-1-15-15-15-130)   ;(00000000000100001111111111010000) (4177720) (1114064) (10FFD0)   ;(11111111111100000000000000100000) (-3777740) (-1048544) (-15-15-15-140)   ;
;96;(11111111111000000000000001010000) (-7777660) (-2097072) (-1-15-15-15-110)    ;(00000000000000001111111111110000) (177760) (65520) (FFF0)   ;(00000000001000000000000000010000) (10000020) (2097168) (200010)   ;(00000000000000000000000000000000) (0) (0) (00)   ;(00000000000100000000000000010000) (4000020) (1048592) (100010)   ;(00000000000000000000000000000000) (0) (0) (00)   ;(00000000000000000000000000000000) (0) (0) (00)   ;(00000000000000001111111101100000) (177540) (65376) (FF60)   ;
;104;(00000000001000000000000010010000) (10000220) (2097296) (200090)    ;(11111111110100001111111110110000) (-13600120) (-3080272) (-2-1500-50)   ;(11111111111000000000000000000000) (-10000000) (-2097152) (-200000)   ;(00000000010100000000000000010000) (24000020) (5242896) (500010)   ;(11111111111100001111111111100000) (-3600040) (-983072) (-1500-20)   ;(11111111110100000000000000000000) (-14000000) (-3145728) (-300000)   ;(00000000001000000000000000100000) (10000040) (2097184) (200020)   ;(00000000000100000000000001010000) (4000120) (1048656) (100050)   ;
;112;(11111111001100000000000001000000) (-63777700) (-13631424) (-12-15-15-15-120)    ;(00000000010100001111111111100000) (24177740) (5308384) (50FFE0)   ;(00000000001000001111111111100000) (10177740) (2162656) (20FFE0)   ;(00000000010000001111111111010000) (20177720) (4259792) (40FFD0)   ;(00000000001000001111111111010000) (10177720) (2162640) (20FFD0)   ;(00000000001000001111111111110000) (10177760) (2162672) (20FFF0)   ;(00000000000100000000000000000000) (4000000) (1048576) (100000)   ;(00000000000000000000000010000000) (200) (128) (80)   ;
;120;(11111111110000001111111110100000) (-17600140) (-4128864) (-3-1500-60)    ;(00000000010100000000000000000000) (24000000) (5242880) (500000)   ;(11111111110100000000000000100000) (-13777740) (-3145696) (-2-15-15-15-140)   ;(00000000001000001111111111010000) (10177720) (2162640) (20FFD0)   ;(00000000000100000000000000010000) (4000020) (1048592) (100010)   ;(11111111111000000000000000010000) (-7777760) (-2097136) (-1-15-15-15-150)   ;(00000000000100001111111111110000) (4177760) (1114096) (10FFF0)   ;(00000000000100000000000000000000) (4000000) (1048576) (100000)   ;
;128;(00000000000000000000000000000000) (0) (0) (00)    ;(00000000000000000000000000000000) (0) (0) (00)   ;(00000000000000000000000000000000) (0) (0) (00)   ;(00000000000000000000000000000000) (0) (0) (00)   ;(00000000000000000000000000000000) (0) (0) (00)   ;(00000000000000000000000000000000) (0) (0) (00)   ;(00000000000000000000000000000000) (0) (0) (00)   ;(00000000000000000000000000000000) (0) (0) (00)   ;
;136;(00000000000000000000000000000000) (0) (0) (00)    ;(00000000000000000000000000000000) (0) (0) (00)   ;(00000000000000000000000000000000) (0) (0) (00)   ;(00000000000000000000000000000000) (0) (0) (00)   ;(00000000000000000000000000000000) (0) (0) (00)   ;(00000000000000000000000000000000) (0) (0) (00)   ;(00000000000000000000000000000000) (0) (0) (00)   ;(00000000000000000000000000000000) (0) (0) (00)   ;
;144;(00000000000000000000000000000000) (0) (0) (00)    ;(00000000000000000000000000000000) (0) (0) (00)   ;(00000000000000000000000000000000) (0) (0) (00)   ;(00000000000000000000000000000000) (0) (0) (00)   ;(00000000000000000000000000000000) (0) (0) (00)   ;(00000000000000000000000000000000) (0) (0) (00)   ;(00000000000000000000000000000000) (0) (0) (00)   ;(00000000000000000000000000000000) (0) (0) (00)   ;
;152;(00000000000000000000000000000000) (0) (0) (00)    ;(00000000000000000000000000000000) (0) (0) (00)   ;(00000000000000000000000000000000) (0) (0) (00)   ;(00000000000000000000000000000000) (0) (0) (00)   ;(00000000000000000000000000000000) (0) (0) (00)   ;(00000000000000000000000000000000) (0) (0) (00)   ;(00000000000000000000000000000000) (0) (0) (00)   ;(00000000000000000000000000000000) (0) (0) (00)   ;
;160;(00000000000000000000000000000000) (0) (0) (00)    ;(00000000000000000000000000000000) (0) (0) (00)   ;(00000000000000000000000000000000) (0) (0) (00)   ;(00000000000000000000000000000000) (0) (0) (00)   ;(00000000000000000000000000000000) (0) (0) (00)   ;(00000000000000000000000000000000) (0) (0) (00)   ;(00000000000000000000000000000000) (0) (0) (00)   ;(00000000000000000000000000000000) (0) (0) (00)   ;
;168;(00000000000000000000000000000000) (0) (0) (00)    ;(00000000000000000000000000000000) (0) (0) (00)   ;(00000000000000000000000000000000) (0) (0) (00)   ;(00000000000000000000000000000000) (0) (0) (00)   ;(00000000000000000000000000000000) (0) (0) (00)   ;(00000000000000000000000000000000) (0) (0) (00)   ;(00000000000000000000000000000000) (0) (0) (00)   ;(00000000000000000000000000000000) (0) (0) (00)   ;
;176;(00000000000000000000000000000000) (0) (0) (00)    ;(00000000000000000000000000000000) (0) (0) (00)   ;(00000000000000000000000000000000) (0) (0) (00)   ;(00000000000000000000000000000000) (0) (0) (00)   ;(00000000000000000000000000000000) (0) (0) (00)   ;(00000000000000000000000000000000) (0) (0) (00)   ;(00000000000000000000000000000000) (0) (0) (00)   ;(00000000000000000000000000000000) (0) (0) (00)   ;
;184;(00000000000000000000000000000000) (0) (0) (00)    ;(00000000000000000000000000000000) (0) (0) (00)   ;(00000000000000000000000000000000) (0) (0) (00)   ;(00000000000000000000000000000000) (0) (0) (00)   ;(00000000000000000000000000000000) (0) (0) (00)   ;(00000000000000000000000000000000) (0) (0) (00)   ;(00000000000000000000000000000000) (0) (0) (00)   ;(00000000000000000000000000000000) (0) (0) (00)   ;
;192;(00000000000000000000000000000000) (0) (0) (00)    ;(00000000000000000000000000000000) (0) (0) (00)   ;(00000000000000000000000000000000) (0) (0) (00)   ;(00000000000000000000000000000000) (0) (0) (00)   ;(00000000000000000000000000000000) (0) (0) (00)   ;(00000000000000000000000000000000) (0) (0) (00)   ;(00000000000000000000000000000000) (0) (0) (00)   ;(00000000000000000000000000000000) (0) (0) (00)   ;
;200;(00000000000000000000000000000000) (0) (0) (00)    ;(00000000000000000000000000000000) (0) (0) (00)   ;(00000000000000000000000000000000) (0) (0) (00)   ;(00000000000000000000000000000000) (0) (0) (00)   ;(00000000000000000000000000000000) (0) (0) (00)   ;(00000000000000000000000000000000) (0) (0) (00)   ;(00000000000000000000000000000000) (0) (0) (00)   ;(00000000000000000000000000000000) (0) (0) (00)   ;
;208;(00000000000000000000000000000000) (0) (0) (00)    ;(00000000000000000000000000000000) (0) (0) (00)   ;(00000000000000000000000000000000) (0) (0) (00)   ;(00000000000000000000000000000000) (0) (0) (00)   ;(00000000000000000000000000000000) (0) (0) (00)   ;(00000000000000000000000000000000) (0) (0) (00)   ;(00000000000000000000000000000000) (0) (0) (00)   ;(00000000000000000000000000000000) (0) (0) (00)   ;
;216;(00000000000000000000000000000000) (0) (0) (00)    ;(00000000000000000000000000000000) (0) (0) (00)   ;(00000000000000000000000000000000) (0) (0) (00)   ;(00000000000000000000000000000000) (0) (0) (00)   ;(00000000000000000000000000000000) (0) (0) (00)   ;(00000000000000000000000000000000) (0) (0) (00)   ;(00000000000000000000000000000000) (0) (0) (00)   ;(00000000000000000000000000000000) (0) (0) (00)   ;
;224;(00000000000000000000000000000000) (0) (0) (00)    ;(00000000000000000000000000000000) (0) (0) (00)   ;(00000000000000000000000000000000) (0) (0) (00)   ;(00000000000000000000000000000000) (0) (0) (00)   ;(00000000000000000000000000000000) (0) (0) (00)   ;(00000000000000000000000000000000) (0) (0) (00)   ;(00000000000000000000000000000000) (0) (0) (00)   ;(00000000000000000000000000000000) (0) (0) (00)   ;
;232;(00000000000000000000000000000000) (0) (0) (00)    ;(00000000000000000000000000000000) (0) (0) (00)   ;(00000000000000000000000000000000) (0) (0) (00)   ;(00000000000000000000000000000000) (0) (0) (00)   ;(00000000000000000000000000000000) (0) (0) (00)   ;(00000000000000000000000000000000) (0) (0) (00)   ;(00000000000000000000000000000000) (0) (0) (00)   ;(00000000000000000000000000000000) (0) (0) (00)   ;
;240;(00000000000000000000000000000000) (0) (0) (00)    ;(00000000000000000000000000000000) (0) (0) (00)   ;(00000000000000000000000000000000) (0) (0) (00)   ;(00000000000000000000000000000000) (0) (0) (00)   ;(00000000000000000000000000000000) (0) (0) (00)   ;(00000000000000000000000000000000) (0) (0) (00)   ;(00000000000000000000000000000000) (0) (0) (00)   ;(00000000000000000000000000000000) (0) (0) (00)   ;
;248;(00000000000000000000000000000000) (0) (0) (00)    ;(00000000000000000000000000000000) (0) (0) (00)   ;(00000000000000000000000000000000) (0) (0) (00)   ;(00000000000000000000000000000000) (0) (0) (00)   ;(00000000000000000000000000000000) (0) (0) (00)   ;(00000000000000000000000000000000) (0) (0) (00)   ;(00000000000000000000000000000000) (0) (0) (00)   ;(00000000000000000000000000000000) (0) (0) (00)   ;


RAM content values are presented in the following format: (Binary) (Octal) (Decimal) (Hexadecimal) 
+------------------------------------------------------------------------------------------------------------------------------------------------------------------------------------------------------------------------------------------------------------------+
; |project|Milestone2:M2_unit|dual_port_C:RAM_inst1|altsyncram:altsyncram_component|altsyncram_abk2:auto_generated|ALTSYNCRAM                                                                                                                                      ;
+------------------------------------------------------------------------------------------------------------------------------------------------------------------------------------------------------------------------------------------------------------------+
;   Addr   ;              +0              ;              +1              ;              +2              ;              +3              ;              +4              ;              +5              ;              +6              ;              +7              ;
+----------+------------------------------+------------------------------+------------------------------+------------------------------+------------------------------+------------------------------+------------------------------+------------------------------+
;0;(00001000000000100000000010000000) (1000400200) (134348928) (8020080)    ;(00001011010000101011010010011111) (1320532237) (188920991) (B42B49F)   ;(00001011000100100101100001100100) (1304454144) (185751652) (B125864)   ;(00001010110100011100100000010001) (1264344021) (181520401) (AD1C811)   ;(00001010011100010001011110111011) (1234213673) (175183803) (A7117BB)   ;(00001001111100000100011101110101) (1174043565) (166741877) (9F04775)   ;(00001001011011110111011101001111) (1133673517) (158299983) (96F774F)   ;(00001000101111101010111101010011) (1057527523) (146714451) (8BEAF53)   ;
;8;(00001000000011100000001110000000) (1003401600) (135136128) (80E0380)    ;(00000111001011011000011111001100) (713303714) (120424396) (72D87CC)   ;(00000110010011010011110000100011) (623236043) (105724963) (64D3C23)   ;(00000101010111010011000001110010) (527230162) (89993330) (55D3072)   ;(00000100010111010110010010100111) (427262247) (73229479) (45D64A7)   ;(00000011010011011101010010110100) (323352264) (55432372) (34DD4B4)   ;(00000010001111100111000010010110) (217470226) (37646486) (23E7096)   ;(00000001000111110011000001010101) (107630125) (18821205) (11F3055)   ;
;16;(00001000000000100000000010000000) (1000400200) (134348928) (8020080)    ;(00001000101100011100100001010101) (1054344125) (145868885) (8B1C855)   ;(00000010001111110111011110011100) (217673634) (37713820) (23F779C)   ;(00111010101111011000011101001100) (-1332631078) (985499468) (3ABD874C)   ;(00110101100111010110011110111011) (-2042670919) (899508155) (359D67BB)   ;(00110101001111110011000001110010) (-2072304430) (893333618) (353F3072)   ;(00111001110000011001000010110001) (-1429624331) (968986801) (39C190B1)   ;(00000001000100101101000000110100) (104550064) (18010164) (112D034)   ;
;24;(00000111111100100000001110000001) (774401601) (133301121) (7F20381)    ;(00001011010011111011111101010011) (1323737523) (189775699) (B4FBF53)   ;(00001001011011011010101111011101) (1133325735) (158182365) (96DABDD)   ;(00000011010011010100110010001011) (323246213) (55397515) (34D4C8B)   ;(00111011101111101110110010100111) (-1232368345) (1002368167) (3BBEECA7)   ;(00110110000100010101010000010001) (-1985682571) (907105297) (36115411)   ;(00110100111100101100011101101010) (-2115391040) (888325994) (34F2C76A)   ;(00111000111000100010111101100001) (-1519507051) (954347361) (38E22F61)   ;
;32;(00001000000000100000000000000000) (1000400000) (134348800) (8020000)    ;(00000011010000000100010000000000) (320042000) (54543360) (3404400)   ;(00110110101011010011110000000000) (-1936698592) (917322752) (36AD3C00)   ;(00110111010111110011000000000000) (-1862304592) (928985088) (375F3000)   ;(00000100010100101001110000000000) (424516000) (72522752) (4529C00)   ;(00001011010000010101010000000000) (1320252000) (188830720) (B415400)   ;(00000010001111011010100000000000) (217324000) (37595136) (23DA800)   ;(00110110000111100011100000000000) (-1982500592) (907950080) (361E3800)   ;
;40;(00111000000100011111110000000000) (-1585558592) (940702720) (3811FC00)    ;(00000101010100100010110000000000) (524426000) (89271296) (5522C00)   ;(00001011000111100111000000000000) (1307470000) (186544128) (B1E7000)   ;(00000001000111011000010000000000) (107302000) (18711552) (11D8400)   ;(00110101100100010001010000000000) (-2045722592) (898700288) (35911400)   ;(00111000111000101011010000000000) (-1519402592) (954381312) (38E2B400)   ;(00000110010011110111010000000000) (623672000) (105870336) (64F7400)   ;(00001010110111010011000000000000) (1267230000) (182267904) (ADD3000)   ;
;48;(00001000000000100000000010000000) (1000400200) (134348928) (8020080)    ;(00111110111111110011001110101011) (-912302939) (1056912299) (3EFF33AB)   ;(00110100111111011010101110011100) (-2112608958) (889039772) (34FDAB9C)   ;(00000011010000100010110010110100) (320426264) (54668468) (3422CB4)   ;(00001010011100010001011110111011) (1234213673) (175183803) (A7117BB)   ;(00111010101111010011001110001110) (-1332702976) (985478030) (3ABD338E)   ;(00110110101000001000110010110001) (-1939828331) (916491441) (36A08CB1)   ;(00000111001000100111111111001100) (710477714) (119701452) (7227FCC)   ;
;56;(00000111111111100000011110000001) (777403601) (134088577) (7FE0781)    ;(00110111010111101010110010101101) (-1862408337) (928951469) (375EACAD)   ;(00111001110000101100011111011101) (-1429390857) (969066461) (39C2C7DD)   ;(00001001111111111011111101110101) (1177737565) (167755637) (9FFBF75)   ;(00000100010111010110010010100111) (427262247) (73229479) (45D64A7)   ;(00110101001100011100101111101111) (-2075588835) (892455919) (3531CBEF)   ;(00111101110100011001001101101010) (-1025623040) (1037144938) (3DD1936A)   ;(00001011010011010100110010011111) (1323246237) (189615263) (B4D4C9F)   ;
;64;(00001000000000100000000010000000) (1000400200) (134348928) (8020080)    ;(00111000111011011101011101100001) (-1516581051) (955111265) (38EDD761)   ;(00111101110100001000110001100100) (-1025828448) (1037077604) (3DD08C64)   ;(00001001111100010101011111101111) (1174253757) (166811631) (9F157EF)   ;(00110101100111010110011110111011) (-2042670919) (899508155) (359D67BB)   ;(00000011010000101011010010001011) (320532213) (54703243) (342B48B)   ;(00000110010011100111001101001111) (623471517) (105804623) (64E734F)   ;(00110100110011111011110010101101) (-2126198337) (886029485) (34CFBCAD)   ;
;72;(00000111111100100000001110000001) (774401601) (133301121) (7F20381)    ;(00000001000111010011000000110100) (107230064) (18690100) (11D3034)   ;(00110110101000100101100000100011) (-1939480549) (916609059) (36A25823)   ;(00001010110111110011001110001110) (1267631616) (182399886) (ADF338E)   ;(00111011101111101110110010100111) (-1232368345) (1002368167) (3BBEECA7)   ;(00111010101100100111111101001100) (-1335457078) (984776524) (3AB27F4C)   ;(00001011000111010011110010010110) (1307236226) (186465430) (B1D3C96)   ;(00110111010100011100101110101011) (-1865588939) (928107435) (3751CBAB)   ;
;80;(00001000000000100000000000000000) (1000400000) (134348800) (8020000)    ;(00110101001111010011000000000000) (-2072704592) (893202432) (353D3000)   ;(00001001011000101100010000000000) (1130542000) (157467648) (962C400)   ;(00111000111011010100110000000000) (-1516688592) (955075584) (38ED4C00)   ;(00000100010100101001110000000000) (424516000) (72522752) (4529C00)   ;(00111110111111011000010000000000) (-912632592) (1056801792) (3EFD8400)   ;(00111101110100100101100000000000) (-1025480592) (1037195264) (3DD25800)   ;(00000101010111011101010000000000) (527352000) (90035200) (55DD400)   ;
;88;(00111000000000011111110000000000) (-1589558592) (939654144) (3801FC00)    ;(00001001111111100011100000000000) (1177434000) (167655424) (9FE3800)   ;(00110100111100011001000000000000) (-2115624592) (888246272) (34F19000)   ;(00001011010011101010110000000000) (1323526000) (189705216) (B4EAC00)   ;(00110101100100010001010000000000) (-2045722592) (898700288) (35911400)   ;(00001000101111110011000000000000) (1057630000) (146747392) (8BF3000)   ;(00111001110000001000110000000000) (-1429828592) (968920064) (39C08C00)   ;(00000011010011111011110000000000) (323736000) (55557120) (34FBC00)   ;
;96;(00001011010100101101010010110101) (1324552265) (189977781) (B52D4B5)    ;(00001111101100110101000010001110) (1754650216) (263409806) (FB3508E)   ;(00001110110000011000011110011111) (1660303637) (247564191) (EC1879F)   ;(00001101010011110011111100000101) (1523637405) (223297285) (D4F3F05)   ;(00001011010111010010111101001011) (1327227513) (190656331) (B5D2F4B)   ;(00001000111011000001010000110001) (1073012061) (149689393) (8EC1431)   ;(00000110000111000101000011101100) (607050354) (102519020) (61C50EC)   ;(00000011000111011100100011010100) (307344324) (52283604) (31DC8D4)   ;
;104;(00001011010100101101010010110101) (1324552265) (189977781) (B52D4B5)    ;(00000011000111110011111101110010) (307637562) (52379506) (31F3F72)   ;(00110001010011000101001110011111) (1828084341) (827085727) (314C539F)   ;(00110111001000100011100011111011) (-1879500219) (924989691) (372238FB)   ;(00001011010100101101011101001011) (1324553513) (189978443) (B52D74B)   ;(00001101010011001011001111001111) (1523131717) (223130575) (D4CB3CF)   ;(00111001111111100111110011101100) (-1412458238) (972979436) (39FE7CEC)   ;(00110000010100111110111100101100) (1729800158) (810807084) (3053EF2C)   ;
;112;(00001011010100101101010000000000) (1324552000) (189977600) (B52D400)    ;(00110010110011000001010000000000) (1968044704) (852235264) (32CC1400)   ;(00000110000100111011000000000000) (604730000) (101953536) (613B000)   ;(00000011000111001011000000000000) (307130000) (52211712) (31CB000)   ;(00110100101100101101010000000000) (-2135382592) (884134912) (34B2D400)   ;(00001111101111011100100000000000) (1757344000) (264095744) (FBDC800)   ;(00110001010000011000010000000000) (1825334704) (826377216) (31418400)   ;(00001000111011110011110000000000) (1073636000) (149896192) (8EF3C00)   ;
;120;(00000000000000000000000000000000) (0) (0) (00)    ;(00000000000000000000000000000000) (0) (0) (00)   ;(00000000000000000000000000000000) (0) (0) (00)   ;(00000000000000000000000000000000) (0) (0) (00)   ;(00000000000000000000000000000000) (0) (0) (00)   ;(00000000000000000000000000000000) (0) (0) (00)   ;(00000000000000000000000000000000) (0) (0) (00)   ;(00000000000000000000000000000000) (0) (0) (00)   ;
;128;(00000000000000000000000000000000) (0) (0) (00)    ;(00000000000000000000000000000000) (0) (0) (00)   ;(00000000000000000000000000000000) (0) (0) (00)   ;(00000000000000000000000000000000) (0) (0) (00)   ;(00000000000000000000000000000000) (0) (0) (00)   ;(00000000000000000000000000000000) (0) (0) (00)   ;(00000000000000000000000000000000) (0) (0) (00)   ;(00000000000000000000000000000000) (0) (0) (00)   ;
;136;(00000000000000000000000000000000) (0) (0) (00)    ;(00000000000000000000000000000000) (0) (0) (00)   ;(00000000000000000000000000000000) (0) (0) (00)   ;(00000000000000000000000000000000) (0) (0) (00)   ;(00000000000000000000000000000000) (0) (0) (00)   ;(00000000000000000000000000000000) (0) (0) (00)   ;(00000000000000000000000000000000) (0) (0) (00)   ;(00000000000000000000000000000000) (0) (0) (00)   ;
;144;(00000000000000000000000000000000) (0) (0) (00)    ;(00000000000000000000000000000000) (0) (0) (00)   ;(00000000000000000000000000000000) (0) (0) (00)   ;(00000000000000000000000000000000) (0) (0) (00)   ;(00000000000000000000000000000000) (0) (0) (00)   ;(00000000000000000000000000000000) (0) (0) (00)   ;(00000000000000000000000000000000) (0) (0) (00)   ;(00000000000000000000000000000000) (0) (0) (00)   ;
;152;(00000000000000000000000000000000) (0) (0) (00)    ;(00000000000000000000000000000000) (0) (0) (00)   ;(00000000000000000000000000000000) (0) (0) (00)   ;(00000000000000000000000000000000) (0) (0) (00)   ;(00000000000000000000000000000000) (0) (0) (00)   ;(00000000000000000000000000000000) (0) (0) (00)   ;(00000000000000000000000000000000) (0) (0) (00)   ;(00000000000000000000000000000000) (0) (0) (00)   ;
;160;(00000000000000000000000000000000) (0) (0) (00)    ;(00000000000000000000000000000000) (0) (0) (00)   ;(00000000000000000000000000000000) (0) (0) (00)   ;(00000000000000000000000000000000) (0) (0) (00)   ;(00000000000000000000000000000000) (0) (0) (00)   ;(00000000000000000000000000000000) (0) (0) (00)   ;(00000000000000000000000000000000) (0) (0) (00)   ;(00000000000000000000000000000000) (0) (0) (00)   ;
;168;(00000000000000000000000000000000) (0) (0) (00)    ;(00000000000000000000000000000000) (0) (0) (00)   ;(00000000000000000000000000000000) (0) (0) (00)   ;(00000000000000000000000000000000) (0) (0) (00)   ;(00000000000000000000000000000000) (0) (0) (00)   ;(00000000000000000000000000000000) (0) (0) (00)   ;(00000000000000000000000000000000) (0) (0) (00)   ;(00000000000000000000000000000000) (0) (0) (00)   ;
;176;(00000000000000000000000000000000) (0) (0) (00)    ;(00000000000000000000000000000000) (0) (0) (00)   ;(00000000000000000000000000000000) (0) (0) (00)   ;(00000000000000000000000000000000) (0) (0) (00)   ;(00000000000000000000000000000000) (0) (0) (00)   ;(00000000000000000000000000000000) (0) (0) (00)   ;(00000000000000000000000000000000) (0) (0) (00)   ;(00000000000000000000000000000000) (0) (0) (00)   ;
;184;(00000000000000000000000000000000) (0) (0) (00)    ;(00000000000000000000000000000000) (0) (0) (00)   ;(00000000000000000000000000000000) (0) (0) (00)   ;(00000000000000000000000000000000) (0) (0) (00)   ;(00000000000000000000000000000000) (0) (0) (00)   ;(00000000000000000000000000000000) (0) (0) (00)   ;(00000000000000000000000000000000) (0) (0) (00)   ;(00000000000000000000000000000000) (0) (0) (00)   ;
;192;(00000000000000000000000000000000) (0) (0) (00)    ;(00000000000000000000000000000000) (0) (0) (00)   ;(00000000000000000000000000000000) (0) (0) (00)   ;(00000000000000000000000000000000) (0) (0) (00)   ;(00000000000000000000000000000000) (0) (0) (00)   ;(00000000000000000000000000000000) (0) (0) (00)   ;(00000000000000000000000000000000) (0) (0) (00)   ;(00000000000000000000000000000000) (0) (0) (00)   ;
;200;(00000000000000000000000000000000) (0) (0) (00)    ;(00000000000000000000000000000000) (0) (0) (00)   ;(00000000000000000000000000000000) (0) (0) (00)   ;(00000000000000000000000000000000) (0) (0) (00)   ;(00000000000000000000000000000000) (0) (0) (00)   ;(00000000000000000000000000000000) (0) (0) (00)   ;(00000000000000000000000000000000) (0) (0) (00)   ;(00000000000000000000000000000000) (0) (0) (00)   ;
;208;(00000000000000000000000000000000) (0) (0) (00)    ;(00000000000000000000000000000000) (0) (0) (00)   ;(00000000000000000000000000000000) (0) (0) (00)   ;(00000000000000000000000000000000) (0) (0) (00)   ;(00000000000000000000000000000000) (0) (0) (00)   ;(00000000000000000000000000000000) (0) (0) (00)   ;(00000000000000000000000000000000) (0) (0) (00)   ;(00000000000000000000000000000000) (0) (0) (00)   ;
;216;(00000000000000000000000000000000) (0) (0) (00)    ;(00000000000000000000000000000000) (0) (0) (00)   ;(00000000000000000000000000000000) (0) (0) (00)   ;(00000000000000000000000000000000) (0) (0) (00)   ;(00000000000000000000000000000000) (0) (0) (00)   ;(00000000000000000000000000000000) (0) (0) (00)   ;(00000000000000000000000000000000) (0) (0) (00)   ;(00000000000000000000000000000000) (0) (0) (00)   ;
;224;(00000000000000000000000000000000) (0) (0) (00)    ;(00000000000000000000000000000000) (0) (0) (00)   ;(00000000000000000000000000000000) (0) (0) (00)   ;(00000000000000000000000000000000) (0) (0) (00)   ;(00000000000000000000000000000000) (0) (0) (00)   ;(00000000000000000000000000000000) (0) (0) (00)   ;(00000000000000000000000000000000) (0) (0) (00)   ;(00000000000000000000000000000000) (0) (0) (00)   ;
;232;(00000000000000000000000000000000) (0) (0) (00)    ;(00000000000000000000000000000000) (0) (0) (00)   ;(00000000000000000000000000000000) (0) (0) (00)   ;(00000000000000000000000000000000) (0) (0) (00)   ;(00000000000000000000000000000000) (0) (0) (00)   ;(00000000000000000000000000000000) (0) (0) (00)   ;(00000000000000000000000000000000) (0) (0) (00)   ;(00000000000000000000000000000000) (0) (0) (00)   ;
;240;(00000000000000000000000000000000) (0) (0) (00)    ;(00000000000000000000000000000000) (0) (0) (00)   ;(00000000000000000000000000000000) (0) (0) (00)   ;(00000000000000000000000000000000) (0) (0) (00)   ;(00000000000000000000000000000000) (0) (0) (00)   ;(00000000000000000000000000000000) (0) (0) (00)   ;(00000000000000000000000000000000) (0) (0) (00)   ;(00000000000000000000000000000000) (0) (0) (00)   ;
;248;(00000000000000000000000000000000) (0) (0) (00)    ;(00000000000000000000000000000000) (0) (0) (00)   ;(00000000000000000000000000000000) (0) (0) (00)   ;(00000000000000000000000000000000) (0) (0) (00)   ;(00000000000000000000000000000000) (0) (0) (00)   ;(00000000000000000000000000000000) (0) (0) (00)   ;(00000000000000000000000000000000) (0) (0) (00)   ;(00000000000000000000000000000000) (0) (0) (00)   ;


+-----------------------------------------------------------------------------------------------+
; Fitter DSP Block Usage Summary                                                                ;
+---------------------------------------+-------------+---------------------+-------------------+
; Statistic                             ; Number Used ; Available per Block ; Maximum Available ;
+---------------------------------------+-------------+---------------------+-------------------+
; Simple Multipliers (9-bit)            ; 0           ; 2                   ; 532               ;
; Simple Multipliers (18-bit)           ; 17          ; 1                   ; 266               ;
; Embedded Multiplier Blocks            ; 17          ; --                  ; 266               ;
; Embedded Multiplier 9-bit elements    ; 34          ; 2                   ; 532               ;
; Signed Embedded Multipliers           ; 0           ; --                  ; --                ;
; Unsigned Embedded Multipliers         ; 17          ; --                  ; --                ;
; Mixed Sign Embedded Multipliers       ; 0           ; --                  ; --                ;
; Variable Sign Embedded Multipliers    ; 0           ; --                  ; --                ;
; Dedicated Input Shift Register Chains ; 0           ; --                  ; --                ;
+---------------------------------------+-------------+---------------------+-------------------+


+-----------------------------------------------------------------------------------------------------------------------------------------------------------------------------------------------------------------------------------------------------------------------+
; DSP Block Details                                                                                                                                                                                                                                                     ;
+------------------------------------------------------------------------+----------------------------+--------------------+---------------------+--------------------------------+-----------------------+-----------------------+-------------------+-----------------+
; Name                                                                   ; Mode                       ; Location           ; Sign Representation ; Has Input Shift Register Chain ; Data A Input Register ; Data B Input Register ; Pipeline Register ; Output Register ;
+------------------------------------------------------------------------+----------------------------+--------------------+---------------------+--------------------------------+-----------------------+-----------------------+-------------------+-----------------+
; Milestone1:M1_unit|lpm_mult:Mult2|mult_ddt:auto_generated|mac_out4     ; Simple Multiplier (18-bit) ; DSPOUT_X71_Y13_N2  ;                     ; No                             ;                       ;                       ;                   ; no              ;
;    Milestone1:M1_unit|lpm_mult:Mult2|mult_ddt:auto_generated|mac_mult3 ;                            ; DSPMULT_X71_Y13_N0 ; Unsigned            ;                                ; no                    ; yes                   ; no                ;                 ;
; Milestone1:M1_unit|lpm_mult:Mult2|mult_ddt:auto_generated|w247w[0]     ; Simple Multiplier (18-bit) ; DSPOUT_X71_Y14_N2  ;                     ; No                             ;                       ;                       ;                   ; no              ;
;    Milestone1:M1_unit|lpm_mult:Mult2|mult_ddt:auto_generated|mac_mult1 ;                            ; DSPMULT_X71_Y14_N0 ; Unsigned            ;                                ; yes                   ; no                    ; no                ;                 ;
; Milestone1:M1_unit|lpm_mult:Mult1|mult_bdt:auto_generated|mac_out4     ; Simple Multiplier (18-bit) ; DSPOUT_X71_Y18_N2  ;                     ; No                             ;                       ;                       ;                   ; no              ;
;    Milestone1:M1_unit|lpm_mult:Mult1|mult_bdt:auto_generated|mac_mult3 ;                            ; DSPMULT_X71_Y18_N0 ; Unsigned            ;                                ; no                    ; yes                   ; no                ;                 ;
; Milestone1:M1_unit|lpm_mult:Mult1|mult_bdt:auto_generated|w241w[0]     ; Simple Multiplier (18-bit) ; DSPOUT_X71_Y17_N2  ;                     ; No                             ;                       ;                       ;                   ; no              ;
;    Milestone1:M1_unit|lpm_mult:Mult1|mult_bdt:auto_generated|mac_mult1 ;                            ; DSPMULT_X71_Y17_N0 ; Unsigned            ;                                ; yes                   ; no                    ; no                ;                 ;
; Milestone1:M1_unit|lpm_mult:Mult3|mult_9dt:auto_generated|mac_out4     ; Simple Multiplier (18-bit) ; DSPOUT_X71_Y10_N2  ;                     ; No                             ;                       ;                       ;                   ; no              ;
;    Milestone1:M1_unit|lpm_mult:Mult3|mult_9dt:auto_generated|mac_mult3 ;                            ; DSPMULT_X71_Y10_N0 ; Unsigned            ;                                ; no                    ; yes                   ; no                ;                 ;
; Milestone1:M1_unit|lpm_mult:Mult3|mult_9dt:auto_generated|w235w[0]     ; Simple Multiplier (18-bit) ; DSPOUT_X71_Y12_N2  ;                     ; No                             ;                       ;                       ;                   ; no              ;
;    Milestone1:M1_unit|lpm_mult:Mult3|mult_9dt:auto_generated|mac_mult1 ;                            ; DSPMULT_X71_Y12_N0 ; Unsigned            ;                                ; yes                   ; no                    ; no                ;                 ;
; Milestone1:M1_unit|lpm_mult:Mult0|mult_ddt:auto_generated|mac_out4     ; Simple Multiplier (18-bit) ; DSPOUT_X71_Y15_N2  ;                     ; No                             ;                       ;                       ;                   ; no              ;
;    Milestone1:M1_unit|lpm_mult:Mult0|mult_ddt:auto_generated|mac_mult3 ;                            ; DSPMULT_X71_Y15_N0 ; Unsigned            ;                                ; no                    ; yes                   ; no                ;                 ;
; Milestone1:M1_unit|lpm_mult:Mult0|mult_ddt:auto_generated|w247w[0]     ; Simple Multiplier (18-bit) ; DSPOUT_X71_Y16_N2  ;                     ; No                             ;                       ;                       ;                   ; no              ;
;    Milestone1:M1_unit|lpm_mult:Mult0|mult_ddt:auto_generated|mac_mult1 ;                            ; DSPMULT_X71_Y16_N0 ; Unsigned            ;                                ; yes                   ; no                    ; no                ;                 ;
; Milestone2:M2_unit|lpm_mult:Mult0|mult_7dt:auto_generated|w513w[0]     ; Simple Multiplier (18-bit) ; DSPOUT_X44_Y27_N2  ;                     ; No                             ;                       ;                       ;                   ; no              ;
;    Milestone2:M2_unit|lpm_mult:Mult0|mult_7dt:auto_generated|mac_mult1 ;                            ; DSPMULT_X44_Y27_N0 ; Unsigned            ;                                ; no                    ; no                    ; no                ;                 ;
; Milestone2:M2_unit|lpm_mult:Mult1|mult_7dt:auto_generated|w513w[0]     ; Simple Multiplier (18-bit) ; DSPOUT_X44_Y32_N2  ;                     ; No                             ;                       ;                       ;                   ; no              ;
;    Milestone2:M2_unit|lpm_mult:Mult1|mult_7dt:auto_generated|mac_mult1 ;                            ; DSPMULT_X44_Y32_N0 ; Unsigned            ;                                ; no                    ; no                    ; no                ;                 ;
; Milestone2:M2_unit|lpm_mult:Mult0|mult_7dt:auto_generated|mac_out4     ; Simple Multiplier (18-bit) ; DSPOUT_X44_Y26_N2  ;                     ; No                             ;                       ;                       ;                   ; no              ;
;    Milestone2:M2_unit|lpm_mult:Mult0|mult_7dt:auto_generated|mac_mult3 ;                            ; DSPMULT_X44_Y26_N0 ; Unsigned            ;                                ; no                    ; no                    ; no                ;                 ;
; Milestone2:M2_unit|lpm_mult:Mult0|mult_7dt:auto_generated|mac_out6     ; Simple Multiplier (18-bit) ; DSPOUT_X44_Y28_N2  ;                     ; No                             ;                       ;                       ;                   ; no              ;
;    Milestone2:M2_unit|lpm_mult:Mult0|mult_7dt:auto_generated|mac_mult5 ;                            ; DSPMULT_X44_Y28_N0 ; Unsigned            ;                                ; no                    ; no                    ; no                ;                 ;
; Milestone2:M2_unit|lpm_mult:Mult1|mult_7dt:auto_generated|mac_out4     ; Simple Multiplier (18-bit) ; DSPOUT_X44_Y31_N2  ;                     ; No                             ;                       ;                       ;                   ; no              ;
;    Milestone2:M2_unit|lpm_mult:Mult1|mult_7dt:auto_generated|mac_mult3 ;                            ; DSPMULT_X44_Y31_N0 ; Unsigned            ;                                ; no                    ; no                    ; no                ;                 ;
; Milestone2:M2_unit|lpm_mult:Mult1|mult_7dt:auto_generated|mac_out6     ; Simple Multiplier (18-bit) ; DSPOUT_X44_Y30_N2  ;                     ; No                             ;                       ;                       ;                   ; no              ;
;    Milestone2:M2_unit|lpm_mult:Mult1|mult_7dt:auto_generated|mac_mult5 ;                            ; DSPMULT_X44_Y30_N0 ; Unsigned            ;                                ; no                    ; no                    ; no                ;                 ;
; Milestone2:M2_unit|lpm_mult:Mult2|mult_7dt:auto_generated|w513w[0]     ; Simple Multiplier (18-bit) ; DSPOUT_X44_Y34_N2  ;                     ; No                             ;                       ;                       ;                   ; no              ;
;    Milestone2:M2_unit|lpm_mult:Mult2|mult_7dt:auto_generated|mac_mult1 ;                            ; DSPMULT_X44_Y34_N0 ; Unsigned            ;                                ; no                    ; no                    ; no                ;                 ;
; Milestone2:M2_unit|lpm_mult:Mult2|mult_7dt:auto_generated|mac_out4     ; Simple Multiplier (18-bit) ; DSPOUT_X44_Y33_N2  ;                     ; No                             ;                       ;                       ;                   ; no              ;
;    Milestone2:M2_unit|lpm_mult:Mult2|mult_7dt:auto_generated|mac_mult3 ;                            ; DSPMULT_X44_Y33_N0 ; Unsigned            ;                                ; no                    ; no                    ; no                ;                 ;
; Milestone2:M2_unit|lpm_mult:Mult2|mult_7dt:auto_generated|mac_out6     ; Simple Multiplier (18-bit) ; DSPOUT_X44_Y29_N2  ;                     ; No                             ;                       ;                       ;                   ; no              ;
;    Milestone2:M2_unit|lpm_mult:Mult2|mult_7dt:auto_generated|mac_mult5 ;                            ; DSPMULT_X44_Y29_N0 ; Unsigned            ;                                ; no                    ; no                    ; no                ;                 ;
+------------------------------------------------------------------------+----------------------------+--------------------+---------------------+--------------------------------+-----------------------+-----------------------+-------------------+-----------------+


+---------------------------------------------------+
; Routing Usage Summary                             ;
+-----------------------+---------------------------+
; Routing Resource Type ; Usage                     ;
+-----------------------+---------------------------+
; Block interconnects   ; 9,291 / 342,891 ( 3 % )   ;
; C16 interconnects     ; 220 / 10,120 ( 2 % )      ;
; C4 interconnects      ; 6,310 / 209,544 ( 3 % )   ;
; Direct links          ; 1,125 / 342,891 ( < 1 % ) ;
; Global clocks         ; 3 / 20 ( 15 % )           ;
; Local interconnects   ; 2,331 / 119,088 ( 2 % )   ;
; R24 interconnects     ; 326 / 9,963 ( 3 % )       ;
; R4 interconnects      ; 7,622 / 289,782 ( 3 % )   ;
+-----------------------+---------------------------+


+-----------------------------------------------------------------------------+
; LAB Logic Elements                                                          ;
+---------------------------------------------+-------------------------------+
; Number of Logic Elements  (Average = 13.82) ; Number of LABs  (Total = 442) ;
+---------------------------------------------+-------------------------------+
; 1                                           ; 34                            ;
; 2                                           ; 6                             ;
; 3                                           ; 3                             ;
; 4                                           ; 2                             ;
; 5                                           ; 0                             ;
; 6                                           ; 3                             ;
; 7                                           ; 3                             ;
; 8                                           ; 2                             ;
; 9                                           ; 4                             ;
; 10                                          ; 4                             ;
; 11                                          ; 0                             ;
; 12                                          ; 7                             ;
; 13                                          ; 16                            ;
; 14                                          ; 27                            ;
; 15                                          ; 51                            ;
; 16                                          ; 280                           ;
+---------------------------------------------+-------------------------------+


+--------------------------------------------------------------------+
; LAB-wide Signals                                                   ;
+------------------------------------+-------------------------------+
; LAB-wide Signals  (Average = 2.04) ; Number of LABs  (Total = 442) ;
+------------------------------------+-------------------------------+
; 1 Async. clear                     ; 293                           ;
; 1 Clock                            ; 309                           ;
; 1 Clock enable                     ; 155                           ;
; 1 Sync. clear                      ; 13                            ;
; 1 Sync. load                       ; 41                            ;
; 2 Async. clears                    ; 6                             ;
; 2 Clock enables                    ; 84                            ;
; 2 Clocks                           ; 1                             ;
+------------------------------------+-------------------------------+


+------------------------------------------------------------------------------+
; LAB Signals Sourced                                                          ;
+----------------------------------------------+-------------------------------+
; Number of Signals Sourced  (Average = 18.74) ; Number of LABs  (Total = 442) ;
+----------------------------------------------+-------------------------------+
; 0                                            ; 0                             ;
; 1                                            ; 22                            ;
; 2                                            ; 16                            ;
; 3                                            ; 9                             ;
; 4                                            ; 3                             ;
; 5                                            ; 0                             ;
; 6                                            ; 1                             ;
; 7                                            ; 2                             ;
; 8                                            ; 0                             ;
; 9                                            ; 3                             ;
; 10                                           ; 2                             ;
; 11                                           ; 2                             ;
; 12                                           ; 1                             ;
; 13                                           ; 2                             ;
; 14                                           ; 5                             ;
; 15                                           ; 16                            ;
; 16                                           ; 85                            ;
; 17                                           ; 16                            ;
; 18                                           ; 21                            ;
; 19                                           ; 24                            ;
; 20                                           ; 17                            ;
; 21                                           ; 20                            ;
; 22                                           ; 20                            ;
; 23                                           ; 25                            ;
; 24                                           ; 39                            ;
; 25                                           ; 16                            ;
; 26                                           ; 14                            ;
; 27                                           ; 12                            ;
; 28                                           ; 8                             ;
; 29                                           ; 14                            ;
; 30                                           ; 3                             ;
; 31                                           ; 2                             ;
; 32                                           ; 22                            ;
+----------------------------------------------+-------------------------------+


+---------------------------------------------------------------------------------+
; LAB Signals Sourced Out                                                         ;
+-------------------------------------------------+-------------------------------+
; Number of Signals Sourced Out  (Average = 9.74) ; Number of LABs  (Total = 442) ;
+-------------------------------------------------+-------------------------------+
; 0                                               ; 0                             ;
; 1                                               ; 38                            ;
; 2                                               ; 12                            ;
; 3                                               ; 7                             ;
; 4                                               ; 13                            ;
; 5                                               ; 15                            ;
; 6                                               ; 19                            ;
; 7                                               ; 21                            ;
; 8                                               ; 62                            ;
; 9                                               ; 41                            ;
; 10                                              ; 26                            ;
; 11                                              ; 23                            ;
; 12                                              ; 22                            ;
; 13                                              ; 21                            ;
; 14                                              ; 13                            ;
; 15                                              ; 21                            ;
; 16                                              ; 78                            ;
; 17                                              ; 6                             ;
; 18                                              ; 3                             ;
; 19                                              ; 1                             ;
+-------------------------------------------------+-------------------------------+


+------------------------------------------------------------------------------+
; LAB Distinct Inputs                                                          ;
+----------------------------------------------+-------------------------------+
; Number of Distinct Inputs  (Average = 19.19) ; Number of LABs  (Total = 442) ;
+----------------------------------------------+-------------------------------+
; 0                                            ; 0                             ;
; 1                                            ; 0                             ;
; 2                                            ; 5                             ;
; 3                                            ; 13                            ;
; 4                                            ; 17                            ;
; 5                                            ; 9                             ;
; 6                                            ; 10                            ;
; 7                                            ; 14                            ;
; 8                                            ; 16                            ;
; 9                                            ; 9                             ;
; 10                                           ; 11                            ;
; 11                                           ; 5                             ;
; 12                                           ; 7                             ;
; 13                                           ; 12                            ;
; 14                                           ; 13                            ;
; 15                                           ; 14                            ;
; 16                                           ; 17                            ;
; 17                                           ; 20                            ;
; 18                                           ; 14                            ;
; 19                                           ; 20                            ;
; 20                                           ; 26                            ;
; 21                                           ; 12                            ;
; 22                                           ; 6                             ;
; 23                                           ; 26                            ;
; 24                                           ; 12                            ;
; 25                                           ; 10                            ;
; 26                                           ; 7                             ;
; 27                                           ; 12                            ;
; 28                                           ; 8                             ;
; 29                                           ; 4                             ;
; 30                                           ; 4                             ;
; 31                                           ; 7                             ;
; 32                                           ; 34                            ;
; 33                                           ; 33                            ;
; 34                                           ; 0                             ;
; 35                                           ; 3                             ;
; 36                                           ; 4                             ;
; 37                                           ; 5                             ;
; 38                                           ; 1                             ;
; 39                                           ; 1                             ;
+----------------------------------------------+-------------------------------+


+------------------------------------------+
; I/O Rules Summary                        ;
+----------------------------------+-------+
; I/O Rules Statistic              ; Total ;
+----------------------------------+-------+
; Total I/O Rules                  ; 30    ;
; Number of I/O Rules Passed       ; 11    ;
; Number of I/O Rules Failed       ; 0     ;
; Number of I/O Rules Unchecked    ; 0     ;
; Number of I/O Rules Inapplicable ; 19    ;
+----------------------------------+-------+


+----------------------------------------------------------------------------------------------------------------------------------------------------------------------------------------------------------------------------------------------------------------------------------------------------------+
; I/O Rules Details                                                                                                                                                                                                                                                                                        ;
+--------------+-----------+-----------------------------------+------------------------------------------------------------------------------------------------------+----------+--------------------------------------------------------------------------+------+---------------------------------------+
; Status       ; ID        ; Category                          ; Rule Description                                                                                     ; Severity ; Information                                                              ; Area ; Extra Information                     ;
+--------------+-----------+-----------------------------------+------------------------------------------------------------------------------------------------------+----------+--------------------------------------------------------------------------+------+---------------------------------------+
; Pass         ; IO_000001 ; Capacity Checks                   ; Number of pins in an I/O bank should not exceed the number of locations available.                   ; Critical ; 0 such failures found.                                                   ; I/O  ;                                       ;
; Inapplicable ; IO_000002 ; Capacity Checks                   ; Number of clocks in an I/O bank should not exceed the number of clocks available.                    ; Critical ; No Global Signal assignments found.                                      ; I/O  ;                                       ;
; Pass         ; IO_000003 ; Capacity Checks                   ; Number of pins in a Vrefgroup should not exceed the number of locations available.                   ; Critical ; 0 such failures found.                                                   ; I/O  ;                                       ;
; Inapplicable ; IO_000004 ; Voltage Compatibility Checks      ; The I/O bank should support the requested VCCIO.                                                     ; Critical ; No IOBANK_VCCIO assignments found.                                       ; I/O  ;                                       ;
; Inapplicable ; IO_000005 ; Voltage Compatibility Checks      ; The I/O bank should not have competing VREF values.                                                  ; Critical ; No VREF I/O Standard assignments found.                                  ; I/O  ;                                       ;
; Pass         ; IO_000006 ; Voltage Compatibility Checks      ; The I/O bank should not have competing VCCIO values.                                                 ; Critical ; 0 such failures found.                                                   ; I/O  ;                                       ;
; Pass         ; IO_000007 ; Valid Location Checks             ; Checks for unavailable locations.                                                                    ; Critical ; 0 such failures found.                                                   ; I/O  ;                                       ;
; Inapplicable ; IO_000008 ; Valid Location Checks             ; Checks for reserved locations.                                                                       ; Critical ; No reserved LogicLock region found.                                      ; I/O  ;                                       ;
; Pass         ; IO_000009 ; I/O Properties Checks for One I/O ; The location should support the requested I/O standard.                                              ; Critical ; 0 such failures found.                                                   ; I/O  ;                                       ;
; Pass         ; IO_000010 ; I/O Properties Checks for One I/O ; The location should support the requested I/O direction.                                             ; Critical ; 0 such failures found.                                                   ; I/O  ;                                       ;
; Pass         ; IO_000011 ; I/O Properties Checks for One I/O ; The location should support the requested Current Strength.                                          ; Critical ; 0 such failures found.                                                   ; I/O  ;                                       ;
; Inapplicable ; IO_000012 ; I/O Properties Checks for One I/O ; The location should support the requested On Chip Termination value.                                 ; Critical ; No Termination assignments found.                                        ; I/O  ;                                       ;
; Inapplicable ; IO_000013 ; I/O Properties Checks for One I/O ; The location should support the requested Bus Hold value.                                            ; Critical ; No Enable Bus-Hold Circuitry assignments found.                          ; I/O  ;                                       ;
; Inapplicable ; IO_000014 ; I/O Properties Checks for One I/O ; The location should support the requested Weak Pull Up value.                                        ; Critical ; No Weak Pull-Up Resistor assignments found.                              ; I/O  ;                                       ;
; Pass         ; IO_000015 ; I/O Properties Checks for One I/O ; The location should support the requested PCI Clamp Diode.                                           ; Critical ; 0 such failures found.                                                   ; I/O  ;                                       ;
; Pass         ; IO_000018 ; I/O Properties Checks for One I/O ; The I/O standard should support the requested Current Strength.                                      ; Critical ; 0 such failures found.                                                   ; I/O  ;                                       ;
; Inapplicable ; IO_000019 ; I/O Properties Checks for One I/O ; The I/O standard should support the requested On Chip Termination value.                             ; Critical ; No Termination assignments found.                                        ; I/O  ;                                       ;
; Pass         ; IO_000020 ; I/O Properties Checks for One I/O ; The I/O standard should support the requested PCI Clamp Diode.                                       ; Critical ; 0 such failures found.                                                   ; I/O  ;                                       ;
; Inapplicable ; IO_000021 ; I/O Properties Checks for One I/O ; The I/O standard should support the requested Weak Pull Up value.                                    ; Critical ; No Weak Pull-Up Resistor assignments found.                              ; I/O  ;                                       ;
; Inapplicable ; IO_000022 ; I/O Properties Checks for One I/O ; The I/O standard should support the requested Bus Hold value.                                        ; Critical ; No Enable Bus-Hold Circuitry assignments found.                          ; I/O  ;                                       ;
; Inapplicable ; IO_000023 ; I/O Properties Checks for One I/O ; The I/O standard should support the Open Drain value.                                                ; Critical ; No open drain assignments found.                                         ; I/O  ;                                       ;
; Inapplicable ; IO_000024 ; I/O Properties Checks for One I/O ; The I/O direction should support the On Chip Termination value.                                      ; Critical ; No Termination assignments found.                                        ; I/O  ;                                       ;
; Inapplicable ; IO_000026 ; I/O Properties Checks for One I/O ; On Chip Termination and Current Strength should not be used at the same time.                        ; Critical ; No Termination assignments found.                                        ; I/O  ;                                       ;
; Inapplicable ; IO_000027 ; I/O Properties Checks for One I/O ; Weak Pull Up and Bus Hold should not be used at the same time.                                       ; Critical ; No Enable Bus-Hold Circuitry or Weak Pull-Up Resistor assignments found. ; I/O  ;                                       ;
; Inapplicable ; IO_000045 ; I/O Properties Checks for One I/O ; The I/O standard should support the requested Slew Rate value.                                       ; Critical ; No Slew Rate assignments found.                                          ; I/O  ;                                       ;
; Inapplicable ; IO_000046 ; I/O Properties Checks for One I/O ; The location should support the requested Slew Rate value.                                           ; Critical ; No Slew Rate assignments found.                                          ; I/O  ;                                       ;
; Inapplicable ; IO_000047 ; I/O Properties Checks for One I/O ; On Chip Termination and Slew Rate should not be used at the same time.                               ; Critical ; No Slew Rate assignments found.                                          ; I/O  ;                                       ;
; Pass         ; IO_000033 ; Electromigration Checks           ; Current density for consecutive I/Os should not exceed 240mA for row I/Os and 240mA for column I/Os. ; Critical ; 0 such failures found.                                                   ; I/O  ;                                       ;
; Inapplicable ; IO_000034 ; SI Related Distance Checks        ; Single-ended outputs should be 5 LAB row(s) away from a differential I/O.                            ; High     ; No Differential I/O Standard assignments found.                          ; I/O  ; 23 I/O(s) were assigned a toggle rate ;
; Inapplicable ; IO_000042 ; SI Related SSO Limit Checks       ; No more than 20 outputs are allowed in a VREF group when VREF is being read from.                    ; High     ; No VREF I/O Standard assignments found.                                  ; I/O  ; 23 I/O(s) were assigned a toggle rate ;
+--------------+-----------+-----------------------------------+------------------------------------------------------------------------------------------------------+----------+--------------------------------------------------------------------------+------+---------------------------------------+


+----------------------------------------------------------------------------------------------------------------------------------------------------------------------------------------------------------------------------------------------------------------------------------------------------------------------------------------------------------------------------------------------------------------------------------------------------------------------+
; I/O Rules Matrix                                                                                                                                                                                                                                                                                                                                                                                                                                                     ;
+-------------------------+-----------+--------------+-----------+--------------+--------------+-----------+-----------+--------------+-----------+-----------+--------------+--------------+--------------+--------------+--------------+--------------+--------------+--------------+--------------+--------------+--------------+--------------+--------------+--------------+--------------+--------------+--------------+-----------+--------------+--------------+
; Pin/Rules               ; IO_000001 ; IO_000002    ; IO_000003 ; IO_000004    ; IO_000005    ; IO_000006 ; IO_000007 ; IO_000008    ; IO_000009 ; IO_000010 ; IO_000011    ; IO_000012    ; IO_000013    ; IO_000014    ; IO_000015    ; IO_000018    ; IO_000019    ; IO_000020    ; IO_000021    ; IO_000022    ; IO_000023    ; IO_000024    ; IO_000026    ; IO_000027    ; IO_000045    ; IO_000046    ; IO_000047    ; IO_000033 ; IO_000034    ; IO_000042    ;
+-------------------------+-----------+--------------+-----------+--------------+--------------+-----------+-----------+--------------+-----------+-----------+--------------+--------------+--------------+--------------+--------------+--------------+--------------+--------------+--------------+--------------+--------------+--------------+--------------+--------------+--------------+--------------+--------------+-----------+--------------+--------------+
; Total Pass              ; 160       ; 0            ; 160       ; 0            ; 0            ; 160       ; 160       ; 0            ; 160       ; 160       ; 136          ; 0            ; 0            ; 0            ; 40           ; 136          ; 0            ; 40           ; 0            ; 0            ; 0            ; 0            ; 0            ; 0            ; 0            ; 0            ; 0            ; 160       ; 0            ; 0            ;
; Total Unchecked         ; 0         ; 0            ; 0         ; 0            ; 0            ; 0         ; 0         ; 0            ; 0         ; 0         ; 0            ; 0            ; 0            ; 0            ; 0            ; 0            ; 0            ; 0            ; 0            ; 0            ; 0            ; 0            ; 0            ; 0            ; 0            ; 0            ; 0            ; 0         ; 0            ; 0            ;
; Total Inapplicable      ; 0         ; 160          ; 0         ; 160          ; 160          ; 0         ; 0         ; 160          ; 0         ; 0         ; 24           ; 160          ; 160          ; 160          ; 120          ; 24           ; 160          ; 120          ; 160          ; 160          ; 160          ; 160          ; 160          ; 160          ; 160          ; 160          ; 160          ; 0         ; 160          ; 160          ;
; Total Fail              ; 0         ; 0            ; 0         ; 0            ; 0            ; 0         ; 0         ; 0            ; 0         ; 0         ; 0            ; 0            ; 0            ; 0            ; 0            ; 0            ; 0            ; 0            ; 0            ; 0            ; 0            ; 0            ; 0            ; 0            ; 0            ; 0            ; 0            ; 0         ; 0            ; 0            ;
; SWITCH_I[0]             ; Pass      ; Inapplicable ; Pass      ; Inapplicable ; Inapplicable ; Pass      ; Pass      ; Inapplicable ; Pass      ; Pass      ; Inapplicable ; Inapplicable ; Inapplicable ; Inapplicable ; Pass         ; Inapplicable ; Inapplicable ; Pass         ; Inapplicable ; Inapplicable ; Inapplicable ; Inapplicable ; Inapplicable ; Inapplicable ; Inapplicable ; Inapplicable ; Inapplicable ; Pass      ; Inapplicable ; Inapplicable ;
; SWITCH_I[1]             ; Pass      ; Inapplicable ; Pass      ; Inapplicable ; Inapplicable ; Pass      ; Pass      ; Inapplicable ; Pass      ; Pass      ; Inapplicable ; Inapplicable ; Inapplicable ; Inapplicable ; Pass         ; Inapplicable ; Inapplicable ; Pass         ; Inapplicable ; Inapplicable ; Inapplicable ; Inapplicable ; Inapplicable ; Inapplicable ; Inapplicable ; Inapplicable ; Inapplicable ; Pass      ; Inapplicable ; Inapplicable ;
; SWITCH_I[2]             ; Pass      ; Inapplicable ; Pass      ; Inapplicable ; Inapplicable ; Pass      ; Pass      ; Inapplicable ; Pass      ; Pass      ; Inapplicable ; Inapplicable ; Inapplicable ; Inapplicable ; Pass         ; Inapplicable ; Inapplicable ; Pass         ; Inapplicable ; Inapplicable ; Inapplicable ; Inapplicable ; Inapplicable ; Inapplicable ; Inapplicable ; Inapplicable ; Inapplicable ; Pass      ; Inapplicable ; Inapplicable ;
; SWITCH_I[3]             ; Pass      ; Inapplicable ; Pass      ; Inapplicable ; Inapplicable ; Pass      ; Pass      ; Inapplicable ; Pass      ; Pass      ; Inapplicable ; Inapplicable ; Inapplicable ; Inapplicable ; Pass         ; Inapplicable ; Inapplicable ; Pass         ; Inapplicable ; Inapplicable ; Inapplicable ; Inapplicable ; Inapplicable ; Inapplicable ; Inapplicable ; Inapplicable ; Inapplicable ; Pass      ; Inapplicable ; Inapplicable ;
; SWITCH_I[4]             ; Pass      ; Inapplicable ; Pass      ; Inapplicable ; Inapplicable ; Pass      ; Pass      ; Inapplicable ; Pass      ; Pass      ; Inapplicable ; Inapplicable ; Inapplicable ; Inapplicable ; Pass         ; Inapplicable ; Inapplicable ; Pass         ; Inapplicable ; Inapplicable ; Inapplicable ; Inapplicable ; Inapplicable ; Inapplicable ; Inapplicable ; Inapplicable ; Inapplicable ; Pass      ; Inapplicable ; Inapplicable ;
; SWITCH_I[5]             ; Pass      ; Inapplicable ; Pass      ; Inapplicable ; Inapplicable ; Pass      ; Pass      ; Inapplicable ; Pass      ; Pass      ; Inapplicable ; Inapplicable ; Inapplicable ; Inapplicable ; Pass         ; Inapplicable ; Inapplicable ; Pass         ; Inapplicable ; Inapplicable ; Inapplicable ; Inapplicable ; Inapplicable ; Inapplicable ; Inapplicable ; Inapplicable ; Inapplicable ; Pass      ; Inapplicable ; Inapplicable ;
; SWITCH_I[6]             ; Pass      ; Inapplicable ; Pass      ; Inapplicable ; Inapplicable ; Pass      ; Pass      ; Inapplicable ; Pass      ; Pass      ; Inapplicable ; Inapplicable ; Inapplicable ; Inapplicable ; Pass         ; Inapplicable ; Inapplicable ; Pass         ; Inapplicable ; Inapplicable ; Inapplicable ; Inapplicable ; Inapplicable ; Inapplicable ; Inapplicable ; Inapplicable ; Inapplicable ; Pass      ; Inapplicable ; Inapplicable ;
; SWITCH_I[7]             ; Pass      ; Inapplicable ; Pass      ; Inapplicable ; Inapplicable ; Pass      ; Pass      ; Inapplicable ; Pass      ; Pass      ; Inapplicable ; Inapplicable ; Inapplicable ; Inapplicable ; Pass         ; Inapplicable ; Inapplicable ; Pass         ; Inapplicable ; Inapplicable ; Inapplicable ; Inapplicable ; Inapplicable ; Inapplicable ; Inapplicable ; Inapplicable ; Inapplicable ; Pass      ; Inapplicable ; Inapplicable ;
; SWITCH_I[8]             ; Pass      ; Inapplicable ; Pass      ; Inapplicable ; Inapplicable ; Pass      ; Pass      ; Inapplicable ; Pass      ; Pass      ; Inapplicable ; Inapplicable ; Inapplicable ; Inapplicable ; Pass         ; Inapplicable ; Inapplicable ; Pass         ; Inapplicable ; Inapplicable ; Inapplicable ; Inapplicable ; Inapplicable ; Inapplicable ; Inapplicable ; Inapplicable ; Inapplicable ; Pass      ; Inapplicable ; Inapplicable ;
; SWITCH_I[9]             ; Pass      ; Inapplicable ; Pass      ; Inapplicable ; Inapplicable ; Pass      ; Pass      ; Inapplicable ; Pass      ; Pass      ; Inapplicable ; Inapplicable ; Inapplicable ; Inapplicable ; Pass         ; Inapplicable ; Inapplicable ; Pass         ; Inapplicable ; Inapplicable ; Inapplicable ; Inapplicable ; Inapplicable ; Inapplicable ; Inapplicable ; Inapplicable ; Inapplicable ; Pass      ; Inapplicable ; Inapplicable ;
; SWITCH_I[10]            ; Pass      ; Inapplicable ; Pass      ; Inapplicable ; Inapplicable ; Pass      ; Pass      ; Inapplicable ; Pass      ; Pass      ; Inapplicable ; Inapplicable ; Inapplicable ; Inapplicable ; Pass         ; Inapplicable ; Inapplicable ; Pass         ; Inapplicable ; Inapplicable ; Inapplicable ; Inapplicable ; Inapplicable ; Inapplicable ; Inapplicable ; Inapplicable ; Inapplicable ; Pass      ; Inapplicable ; Inapplicable ;
; SWITCH_I[11]            ; Pass      ; Inapplicable ; Pass      ; Inapplicable ; Inapplicable ; Pass      ; Pass      ; Inapplicable ; Pass      ; Pass      ; Inapplicable ; Inapplicable ; Inapplicable ; Inapplicable ; Pass         ; Inapplicable ; Inapplicable ; Pass         ; Inapplicable ; Inapplicable ; Inapplicable ; Inapplicable ; Inapplicable ; Inapplicable ; Inapplicable ; Inapplicable ; Inapplicable ; Pass      ; Inapplicable ; Inapplicable ;
; SWITCH_I[12]            ; Pass      ; Inapplicable ; Pass      ; Inapplicable ; Inapplicable ; Pass      ; Pass      ; Inapplicable ; Pass      ; Pass      ; Inapplicable ; Inapplicable ; Inapplicable ; Inapplicable ; Pass         ; Inapplicable ; Inapplicable ; Pass         ; Inapplicable ; Inapplicable ; Inapplicable ; Inapplicable ; Inapplicable ; Inapplicable ; Inapplicable ; Inapplicable ; Inapplicable ; Pass      ; Inapplicable ; Inapplicable ;
; SWITCH_I[13]            ; Pass      ; Inapplicable ; Pass      ; Inapplicable ; Inapplicable ; Pass      ; Pass      ; Inapplicable ; Pass      ; Pass      ; Inapplicable ; Inapplicable ; Inapplicable ; Inapplicable ; Pass         ; Inapplicable ; Inapplicable ; Pass         ; Inapplicable ; Inapplicable ; Inapplicable ; Inapplicable ; Inapplicable ; Inapplicable ; Inapplicable ; Inapplicable ; Inapplicable ; Pass      ; Inapplicable ; Inapplicable ;
; SWITCH_I[14]            ; Pass      ; Inapplicable ; Pass      ; Inapplicable ; Inapplicable ; Pass      ; Pass      ; Inapplicable ; Pass      ; Pass      ; Inapplicable ; Inapplicable ; Inapplicable ; Inapplicable ; Pass         ; Inapplicable ; Inapplicable ; Pass         ; Inapplicable ; Inapplicable ; Inapplicable ; Inapplicable ; Inapplicable ; Inapplicable ; Inapplicable ; Inapplicable ; Inapplicable ; Pass      ; Inapplicable ; Inapplicable ;
; SWITCH_I[15]            ; Pass      ; Inapplicable ; Pass      ; Inapplicable ; Inapplicable ; Pass      ; Pass      ; Inapplicable ; Pass      ; Pass      ; Inapplicable ; Inapplicable ; Inapplicable ; Inapplicable ; Pass         ; Inapplicable ; Inapplicable ; Pass         ; Inapplicable ; Inapplicable ; Inapplicable ; Inapplicable ; Inapplicable ; Inapplicable ; Inapplicable ; Inapplicable ; Inapplicable ; Pass      ; Inapplicable ; Inapplicable ;
; SWITCH_I[16]            ; Pass      ; Inapplicable ; Pass      ; Inapplicable ; Inapplicable ; Pass      ; Pass      ; Inapplicable ; Pass      ; Pass      ; Inapplicable ; Inapplicable ; Inapplicable ; Inapplicable ; Pass         ; Inapplicable ; Inapplicable ; Pass         ; Inapplicable ; Inapplicable ; Inapplicable ; Inapplicable ; Inapplicable ; Inapplicable ; Inapplicable ; Inapplicable ; Inapplicable ; Pass      ; Inapplicable ; Inapplicable ;
; SEVEN_SEGMENT_N_O[0][0] ; Pass      ; Inapplicable ; Pass      ; Inapplicable ; Inapplicable ; Pass      ; Pass      ; Inapplicable ; Pass      ; Pass      ; Pass         ; Inapplicable ; Inapplicable ; Inapplicable ; Inapplicable ; Pass         ; Inapplicable ; Inapplicable ; Inapplicable ; Inapplicable ; Inapplicable ; Inapplicable ; Inapplicable ; Inapplicable ; Inapplicable ; Inapplicable ; Inapplicable ; Pass      ; Inapplicable ; Inapplicable ;
; SEVEN_SEGMENT_N_O[0][1] ; Pass      ; Inapplicable ; Pass      ; Inapplicable ; Inapplicable ; Pass      ; Pass      ; Inapplicable ; Pass      ; Pass      ; Pass         ; Inapplicable ; Inapplicable ; Inapplicable ; Inapplicable ; Pass         ; Inapplicable ; Inapplicable ; Inapplicable ; Inapplicable ; Inapplicable ; Inapplicable ; Inapplicable ; Inapplicable ; Inapplicable ; Inapplicable ; Inapplicable ; Pass      ; Inapplicable ; Inapplicable ;
; SEVEN_SEGMENT_N_O[0][2] ; Pass      ; Inapplicable ; Pass      ; Inapplicable ; Inapplicable ; Pass      ; Pass      ; Inapplicable ; Pass      ; Pass      ; Pass         ; Inapplicable ; Inapplicable ; Inapplicable ; Inapplicable ; Pass         ; Inapplicable ; Inapplicable ; Inapplicable ; Inapplicable ; Inapplicable ; Inapplicable ; Inapplicable ; Inapplicable ; Inapplicable ; Inapplicable ; Inapplicable ; Pass      ; Inapplicable ; Inapplicable ;
; SEVEN_SEGMENT_N_O[0][3] ; Pass      ; Inapplicable ; Pass      ; Inapplicable ; Inapplicable ; Pass      ; Pass      ; Inapplicable ; Pass      ; Pass      ; Pass         ; Inapplicable ; Inapplicable ; Inapplicable ; Inapplicable ; Pass         ; Inapplicable ; Inapplicable ; Inapplicable ; Inapplicable ; Inapplicable ; Inapplicable ; Inapplicable ; Inapplicable ; Inapplicable ; Inapplicable ; Inapplicable ; Pass      ; Inapplicable ; Inapplicable ;
; SEVEN_SEGMENT_N_O[0][4] ; Pass      ; Inapplicable ; Pass      ; Inapplicable ; Inapplicable ; Pass      ; Pass      ; Inapplicable ; Pass      ; Pass      ; Pass         ; Inapplicable ; Inapplicable ; Inapplicable ; Inapplicable ; Pass         ; Inapplicable ; Inapplicable ; Inapplicable ; Inapplicable ; Inapplicable ; Inapplicable ; Inapplicable ; Inapplicable ; Inapplicable ; Inapplicable ; Inapplicable ; Pass      ; Inapplicable ; Inapplicable ;
; SEVEN_SEGMENT_N_O[0][5] ; Pass      ; Inapplicable ; Pass      ; Inapplicable ; Inapplicable ; Pass      ; Pass      ; Inapplicable ; Pass      ; Pass      ; Pass         ; Inapplicable ; Inapplicable ; Inapplicable ; Inapplicable ; Pass         ; Inapplicable ; Inapplicable ; Inapplicable ; Inapplicable ; Inapplicable ; Inapplicable ; Inapplicable ; Inapplicable ; Inapplicable ; Inapplicable ; Inapplicable ; Pass      ; Inapplicable ; Inapplicable ;
; SEVEN_SEGMENT_N_O[0][6] ; Pass      ; Inapplicable ; Pass      ; Inapplicable ; Inapplicable ; Pass      ; Pass      ; Inapplicable ; Pass      ; Pass      ; Pass         ; Inapplicable ; Inapplicable ; Inapplicable ; Inapplicable ; Pass         ; Inapplicable ; Inapplicable ; Inapplicable ; Inapplicable ; Inapplicable ; Inapplicable ; Inapplicable ; Inapplicable ; Inapplicable ; Inapplicable ; Inapplicable ; Pass      ; Inapplicable ; Inapplicable ;
; SEVEN_SEGMENT_N_O[1][0] ; Pass      ; Inapplicable ; Pass      ; Inapplicable ; Inapplicable ; Pass      ; Pass      ; Inapplicable ; Pass      ; Pass      ; Pass         ; Inapplicable ; Inapplicable ; Inapplicable ; Inapplicable ; Pass         ; Inapplicable ; Inapplicable ; Inapplicable ; Inapplicable ; Inapplicable ; Inapplicable ; Inapplicable ; Inapplicable ; Inapplicable ; Inapplicable ; Inapplicable ; Pass      ; Inapplicable ; Inapplicable ;
; SEVEN_SEGMENT_N_O[1][1] ; Pass      ; Inapplicable ; Pass      ; Inapplicable ; Inapplicable ; Pass      ; Pass      ; Inapplicable ; Pass      ; Pass      ; Pass         ; Inapplicable ; Inapplicable ; Inapplicable ; Inapplicable ; Pass         ; Inapplicable ; Inapplicable ; Inapplicable ; Inapplicable ; Inapplicable ; Inapplicable ; Inapplicable ; Inapplicable ; Inapplicable ; Inapplicable ; Inapplicable ; Pass      ; Inapplicable ; Inapplicable ;
; SEVEN_SEGMENT_N_O[1][2] ; Pass      ; Inapplicable ; Pass      ; Inapplicable ; Inapplicable ; Pass      ; Pass      ; Inapplicable ; Pass      ; Pass      ; Pass         ; Inapplicable ; Inapplicable ; Inapplicable ; Inapplicable ; Pass         ; Inapplicable ; Inapplicable ; Inapplicable ; Inapplicable ; Inapplicable ; Inapplicable ; Inapplicable ; Inapplicable ; Inapplicable ; Inapplicable ; Inapplicable ; Pass      ; Inapplicable ; Inapplicable ;
; SEVEN_SEGMENT_N_O[1][3] ; Pass      ; Inapplicable ; Pass      ; Inapplicable ; Inapplicable ; Pass      ; Pass      ; Inapplicable ; Pass      ; Pass      ; Pass         ; Inapplicable ; Inapplicable ; Inapplicable ; Inapplicable ; Pass         ; Inapplicable ; Inapplicable ; Inapplicable ; Inapplicable ; Inapplicable ; Inapplicable ; Inapplicable ; Inapplicable ; Inapplicable ; Inapplicable ; Inapplicable ; Pass      ; Inapplicable ; Inapplicable ;
; SEVEN_SEGMENT_N_O[1][4] ; Pass      ; Inapplicable ; Pass      ; Inapplicable ; Inapplicable ; Pass      ; Pass      ; Inapplicable ; Pass      ; Pass      ; Pass         ; Inapplicable ; Inapplicable ; Inapplicable ; Inapplicable ; Pass         ; Inapplicable ; Inapplicable ; Inapplicable ; Inapplicable ; Inapplicable ; Inapplicable ; Inapplicable ; Inapplicable ; Inapplicable ; Inapplicable ; Inapplicable ; Pass      ; Inapplicable ; Inapplicable ;
; SEVEN_SEGMENT_N_O[1][5] ; Pass      ; Inapplicable ; Pass      ; Inapplicable ; Inapplicable ; Pass      ; Pass      ; Inapplicable ; Pass      ; Pass      ; Pass         ; Inapplicable ; Inapplicable ; Inapplicable ; Inapplicable ; Pass         ; Inapplicable ; Inapplicable ; Inapplicable ; Inapplicable ; Inapplicable ; Inapplicable ; Inapplicable ; Inapplicable ; Inapplicable ; Inapplicable ; Inapplicable ; Pass      ; Inapplicable ; Inapplicable ;
; SEVEN_SEGMENT_N_O[1][6] ; Pass      ; Inapplicable ; Pass      ; Inapplicable ; Inapplicable ; Pass      ; Pass      ; Inapplicable ; Pass      ; Pass      ; Pass         ; Inapplicable ; Inapplicable ; Inapplicable ; Inapplicable ; Pass         ; Inapplicable ; Inapplicable ; Inapplicable ; Inapplicable ; Inapplicable ; Inapplicable ; Inapplicable ; Inapplicable ; Inapplicable ; Inapplicable ; Inapplicable ; Pass      ; Inapplicable ; Inapplicable ;
; SEVEN_SEGMENT_N_O[2][0] ; Pass      ; Inapplicable ; Pass      ; Inapplicable ; Inapplicable ; Pass      ; Pass      ; Inapplicable ; Pass      ; Pass      ; Pass         ; Inapplicable ; Inapplicable ; Inapplicable ; Inapplicable ; Pass         ; Inapplicable ; Inapplicable ; Inapplicable ; Inapplicable ; Inapplicable ; Inapplicable ; Inapplicable ; Inapplicable ; Inapplicable ; Inapplicable ; Inapplicable ; Pass      ; Inapplicable ; Inapplicable ;
; SEVEN_SEGMENT_N_O[2][1] ; Pass      ; Inapplicable ; Pass      ; Inapplicable ; Inapplicable ; Pass      ; Pass      ; Inapplicable ; Pass      ; Pass      ; Pass         ; Inapplicable ; Inapplicable ; Inapplicable ; Inapplicable ; Pass         ; Inapplicable ; Inapplicable ; Inapplicable ; Inapplicable ; Inapplicable ; Inapplicable ; Inapplicable ; Inapplicable ; Inapplicable ; Inapplicable ; Inapplicable ; Pass      ; Inapplicable ; Inapplicable ;
; SEVEN_SEGMENT_N_O[2][2] ; Pass      ; Inapplicable ; Pass      ; Inapplicable ; Inapplicable ; Pass      ; Pass      ; Inapplicable ; Pass      ; Pass      ; Pass         ; Inapplicable ; Inapplicable ; Inapplicable ; Inapplicable ; Pass         ; Inapplicable ; Inapplicable ; Inapplicable ; Inapplicable ; Inapplicable ; Inapplicable ; Inapplicable ; Inapplicable ; Inapplicable ; Inapplicable ; Inapplicable ; Pass      ; Inapplicable ; Inapplicable ;
; SEVEN_SEGMENT_N_O[2][3] ; Pass      ; Inapplicable ; Pass      ; Inapplicable ; Inapplicable ; Pass      ; Pass      ; Inapplicable ; Pass      ; Pass      ; Pass         ; Inapplicable ; Inapplicable ; Inapplicable ; Inapplicable ; Pass         ; Inapplicable ; Inapplicable ; Inapplicable ; Inapplicable ; Inapplicable ; Inapplicable ; Inapplicable ; Inapplicable ; Inapplicable ; Inapplicable ; Inapplicable ; Pass      ; Inapplicable ; Inapplicable ;
; SEVEN_SEGMENT_N_O[2][4] ; Pass      ; Inapplicable ; Pass      ; Inapplicable ; Inapplicable ; Pass      ; Pass      ; Inapplicable ; Pass      ; Pass      ; Pass         ; Inapplicable ; Inapplicable ; Inapplicable ; Inapplicable ; Pass         ; Inapplicable ; Inapplicable ; Inapplicable ; Inapplicable ; Inapplicable ; Inapplicable ; Inapplicable ; Inapplicable ; Inapplicable ; Inapplicable ; Inapplicable ; Pass      ; Inapplicable ; Inapplicable ;
; SEVEN_SEGMENT_N_O[2][5] ; Pass      ; Inapplicable ; Pass      ; Inapplicable ; Inapplicable ; Pass      ; Pass      ; Inapplicable ; Pass      ; Pass      ; Pass         ; Inapplicable ; Inapplicable ; Inapplicable ; Inapplicable ; Pass         ; Inapplicable ; Inapplicable ; Inapplicable ; Inapplicable ; Inapplicable ; Inapplicable ; Inapplicable ; Inapplicable ; Inapplicable ; Inapplicable ; Inapplicable ; Pass      ; Inapplicable ; Inapplicable ;
; SEVEN_SEGMENT_N_O[2][6] ; Pass      ; Inapplicable ; Pass      ; Inapplicable ; Inapplicable ; Pass      ; Pass      ; Inapplicable ; Pass      ; Pass      ; Pass         ; Inapplicable ; Inapplicable ; Inapplicable ; Inapplicable ; Pass         ; Inapplicable ; Inapplicable ; Inapplicable ; Inapplicable ; Inapplicable ; Inapplicable ; Inapplicable ; Inapplicable ; Inapplicable ; Inapplicable ; Inapplicable ; Pass      ; Inapplicable ; Inapplicable ;
; SEVEN_SEGMENT_N_O[3][0] ; Pass      ; Inapplicable ; Pass      ; Inapplicable ; Inapplicable ; Pass      ; Pass      ; Inapplicable ; Pass      ; Pass      ; Pass         ; Inapplicable ; Inapplicable ; Inapplicable ; Inapplicable ; Pass         ; Inapplicable ; Inapplicable ; Inapplicable ; Inapplicable ; Inapplicable ; Inapplicable ; Inapplicable ; Inapplicable ; Inapplicable ; Inapplicable ; Inapplicable ; Pass      ; Inapplicable ; Inapplicable ;
; SEVEN_SEGMENT_N_O[3][1] ; Pass      ; Inapplicable ; Pass      ; Inapplicable ; Inapplicable ; Pass      ; Pass      ; Inapplicable ; Pass      ; Pass      ; Pass         ; Inapplicable ; Inapplicable ; Inapplicable ; Inapplicable ; Pass         ; Inapplicable ; Inapplicable ; Inapplicable ; Inapplicable ; Inapplicable ; Inapplicable ; Inapplicable ; Inapplicable ; Inapplicable ; Inapplicable ; Inapplicable ; Pass      ; Inapplicable ; Inapplicable ;
; SEVEN_SEGMENT_N_O[3][2] ; Pass      ; Inapplicable ; Pass      ; Inapplicable ; Inapplicable ; Pass      ; Pass      ; Inapplicable ; Pass      ; Pass      ; Pass         ; Inapplicable ; Inapplicable ; Inapplicable ; Inapplicable ; Pass         ; Inapplicable ; Inapplicable ; Inapplicable ; Inapplicable ; Inapplicable ; Inapplicable ; Inapplicable ; Inapplicable ; Inapplicable ; Inapplicable ; Inapplicable ; Pass      ; Inapplicable ; Inapplicable ;
; SEVEN_SEGMENT_N_O[3][3] ; Pass      ; Inapplicable ; Pass      ; Inapplicable ; Inapplicable ; Pass      ; Pass      ; Inapplicable ; Pass      ; Pass      ; Pass         ; Inapplicable ; Inapplicable ; Inapplicable ; Inapplicable ; Pass         ; Inapplicable ; Inapplicable ; Inapplicable ; Inapplicable ; Inapplicable ; Inapplicable ; Inapplicable ; Inapplicable ; Inapplicable ; Inapplicable ; Inapplicable ; Pass      ; Inapplicable ; Inapplicable ;
; SEVEN_SEGMENT_N_O[3][4] ; Pass      ; Inapplicable ; Pass      ; Inapplicable ; Inapplicable ; Pass      ; Pass      ; Inapplicable ; Pass      ; Pass      ; Pass         ; Inapplicable ; Inapplicable ; Inapplicable ; Inapplicable ; Pass         ; Inapplicable ; Inapplicable ; Inapplicable ; Inapplicable ; Inapplicable ; Inapplicable ; Inapplicable ; Inapplicable ; Inapplicable ; Inapplicable ; Inapplicable ; Pass      ; Inapplicable ; Inapplicable ;
; SEVEN_SEGMENT_N_O[3][5] ; Pass      ; Inapplicable ; Pass      ; Inapplicable ; Inapplicable ; Pass      ; Pass      ; Inapplicable ; Pass      ; Pass      ; Pass         ; Inapplicable ; Inapplicable ; Inapplicable ; Inapplicable ; Pass         ; Inapplicable ; Inapplicable ; Inapplicable ; Inapplicable ; Inapplicable ; Inapplicable ; Inapplicable ; Inapplicable ; Inapplicable ; Inapplicable ; Inapplicable ; Pass      ; Inapplicable ; Inapplicable ;
; SEVEN_SEGMENT_N_O[3][6] ; Pass      ; Inapplicable ; Pass      ; Inapplicable ; Inapplicable ; Pass      ; Pass      ; Inapplicable ; Pass      ; Pass      ; Pass         ; Inapplicable ; Inapplicable ; Inapplicable ; Inapplicable ; Pass         ; Inapplicable ; Inapplicable ; Inapplicable ; Inapplicable ; Inapplicable ; Inapplicable ; Inapplicable ; Inapplicable ; Inapplicable ; Inapplicable ; Inapplicable ; Pass      ; Inapplicable ; Inapplicable ;
; SEVEN_SEGMENT_N_O[4][0] ; Pass      ; Inapplicable ; Pass      ; Inapplicable ; Inapplicable ; Pass      ; Pass      ; Inapplicable ; Pass      ; Pass      ; Pass         ; Inapplicable ; Inapplicable ; Inapplicable ; Inapplicable ; Pass         ; Inapplicable ; Inapplicable ; Inapplicable ; Inapplicable ; Inapplicable ; Inapplicable ; Inapplicable ; Inapplicable ; Inapplicable ; Inapplicable ; Inapplicable ; Pass      ; Inapplicable ; Inapplicable ;
; SEVEN_SEGMENT_N_O[4][1] ; Pass      ; Inapplicable ; Pass      ; Inapplicable ; Inapplicable ; Pass      ; Pass      ; Inapplicable ; Pass      ; Pass      ; Pass         ; Inapplicable ; Inapplicable ; Inapplicable ; Inapplicable ; Pass         ; Inapplicable ; Inapplicable ; Inapplicable ; Inapplicable ; Inapplicable ; Inapplicable ; Inapplicable ; Inapplicable ; Inapplicable ; Inapplicable ; Inapplicable ; Pass      ; Inapplicable ; Inapplicable ;
; SEVEN_SEGMENT_N_O[4][2] ; Pass      ; Inapplicable ; Pass      ; Inapplicable ; Inapplicable ; Pass      ; Pass      ; Inapplicable ; Pass      ; Pass      ; Pass         ; Inapplicable ; Inapplicable ; Inapplicable ; Inapplicable ; Pass         ; Inapplicable ; Inapplicable ; Inapplicable ; Inapplicable ; Inapplicable ; Inapplicable ; Inapplicable ; Inapplicable ; Inapplicable ; Inapplicable ; Inapplicable ; Pass      ; Inapplicable ; Inapplicable ;
; SEVEN_SEGMENT_N_O[4][3] ; Pass      ; Inapplicable ; Pass      ; Inapplicable ; Inapplicable ; Pass      ; Pass      ; Inapplicable ; Pass      ; Pass      ; Pass         ; Inapplicable ; Inapplicable ; Inapplicable ; Inapplicable ; Pass         ; Inapplicable ; Inapplicable ; Inapplicable ; Inapplicable ; Inapplicable ; Inapplicable ; Inapplicable ; Inapplicable ; Inapplicable ; Inapplicable ; Inapplicable ; Pass      ; Inapplicable ; Inapplicable ;
; SEVEN_SEGMENT_N_O[4][4] ; Pass      ; Inapplicable ; Pass      ; Inapplicable ; Inapplicable ; Pass      ; Pass      ; Inapplicable ; Pass      ; Pass      ; Pass         ; Inapplicable ; Inapplicable ; Inapplicable ; Inapplicable ; Pass         ; Inapplicable ; Inapplicable ; Inapplicable ; Inapplicable ; Inapplicable ; Inapplicable ; Inapplicable ; Inapplicable ; Inapplicable ; Inapplicable ; Inapplicable ; Pass      ; Inapplicable ; Inapplicable ;
; SEVEN_SEGMENT_N_O[4][5] ; Pass      ; Inapplicable ; Pass      ; Inapplicable ; Inapplicable ; Pass      ; Pass      ; Inapplicable ; Pass      ; Pass      ; Pass         ; Inapplicable ; Inapplicable ; Inapplicable ; Inapplicable ; Pass         ; Inapplicable ; Inapplicable ; Inapplicable ; Inapplicable ; Inapplicable ; Inapplicable ; Inapplicable ; Inapplicable ; Inapplicable ; Inapplicable ; Inapplicable ; Pass      ; Inapplicable ; Inapplicable ;
; SEVEN_SEGMENT_N_O[4][6] ; Pass      ; Inapplicable ; Pass      ; Inapplicable ; Inapplicable ; Pass      ; Pass      ; Inapplicable ; Pass      ; Pass      ; Pass         ; Inapplicable ; Inapplicable ; Inapplicable ; Inapplicable ; Pass         ; Inapplicable ; Inapplicable ; Inapplicable ; Inapplicable ; Inapplicable ; Inapplicable ; Inapplicable ; Inapplicable ; Inapplicable ; Inapplicable ; Inapplicable ; Pass      ; Inapplicable ; Inapplicable ;
; SEVEN_SEGMENT_N_O[5][0] ; Pass      ; Inapplicable ; Pass      ; Inapplicable ; Inapplicable ; Pass      ; Pass      ; Inapplicable ; Pass      ; Pass      ; Pass         ; Inapplicable ; Inapplicable ; Inapplicable ; Inapplicable ; Pass         ; Inapplicable ; Inapplicable ; Inapplicable ; Inapplicable ; Inapplicable ; Inapplicable ; Inapplicable ; Inapplicable ; Inapplicable ; Inapplicable ; Inapplicable ; Pass      ; Inapplicable ; Inapplicable ;
; SEVEN_SEGMENT_N_O[5][1] ; Pass      ; Inapplicable ; Pass      ; Inapplicable ; Inapplicable ; Pass      ; Pass      ; Inapplicable ; Pass      ; Pass      ; Pass         ; Inapplicable ; Inapplicable ; Inapplicable ; Inapplicable ; Pass         ; Inapplicable ; Inapplicable ; Inapplicable ; Inapplicable ; Inapplicable ; Inapplicable ; Inapplicable ; Inapplicable ; Inapplicable ; Inapplicable ; Inapplicable ; Pass      ; Inapplicable ; Inapplicable ;
; SEVEN_SEGMENT_N_O[5][2] ; Pass      ; Inapplicable ; Pass      ; Inapplicable ; Inapplicable ; Pass      ; Pass      ; Inapplicable ; Pass      ; Pass      ; Pass         ; Inapplicable ; Inapplicable ; Inapplicable ; Inapplicable ; Pass         ; Inapplicable ; Inapplicable ; Inapplicable ; Inapplicable ; Inapplicable ; Inapplicable ; Inapplicable ; Inapplicable ; Inapplicable ; Inapplicable ; Inapplicable ; Pass      ; Inapplicable ; Inapplicable ;
; SEVEN_SEGMENT_N_O[5][3] ; Pass      ; Inapplicable ; Pass      ; Inapplicable ; Inapplicable ; Pass      ; Pass      ; Inapplicable ; Pass      ; Pass      ; Pass         ; Inapplicable ; Inapplicable ; Inapplicable ; Inapplicable ; Pass         ; Inapplicable ; Inapplicable ; Inapplicable ; Inapplicable ; Inapplicable ; Inapplicable ; Inapplicable ; Inapplicable ; Inapplicable ; Inapplicable ; Inapplicable ; Pass      ; Inapplicable ; Inapplicable ;
; SEVEN_SEGMENT_N_O[5][4] ; Pass      ; Inapplicable ; Pass      ; Inapplicable ; Inapplicable ; Pass      ; Pass      ; Inapplicable ; Pass      ; Pass      ; Pass         ; Inapplicable ; Inapplicable ; Inapplicable ; Inapplicable ; Pass         ; Inapplicable ; Inapplicable ; Inapplicable ; Inapplicable ; Inapplicable ; Inapplicable ; Inapplicable ; Inapplicable ; Inapplicable ; Inapplicable ; Inapplicable ; Pass      ; Inapplicable ; Inapplicable ;
; SEVEN_SEGMENT_N_O[5][5] ; Pass      ; Inapplicable ; Pass      ; Inapplicable ; Inapplicable ; Pass      ; Pass      ; Inapplicable ; Pass      ; Pass      ; Pass         ; Inapplicable ; Inapplicable ; Inapplicable ; Inapplicable ; Pass         ; Inapplicable ; Inapplicable ; Inapplicable ; Inapplicable ; Inapplicable ; Inapplicable ; Inapplicable ; Inapplicable ; Inapplicable ; Inapplicable ; Inapplicable ; Pass      ; Inapplicable ; Inapplicable ;
; SEVEN_SEGMENT_N_O[5][6] ; Pass      ; Inapplicable ; Pass      ; Inapplicable ; Inapplicable ; Pass      ; Pass      ; Inapplicable ; Pass      ; Pass      ; Pass         ; Inapplicable ; Inapplicable ; Inapplicable ; Inapplicable ; Pass         ; Inapplicable ; Inapplicable ; Inapplicable ; Inapplicable ; Inapplicable ; Inapplicable ; Inapplicable ; Inapplicable ; Inapplicable ; Inapplicable ; Inapplicable ; Pass      ; Inapplicable ; Inapplicable ;
; SEVEN_SEGMENT_N_O[6][0] ; Pass      ; Inapplicable ; Pass      ; Inapplicable ; Inapplicable ; Pass      ; Pass      ; Inapplicable ; Pass      ; Pass      ; Pass         ; Inapplicable ; Inapplicable ; Inapplicable ; Inapplicable ; Pass         ; Inapplicable ; Inapplicable ; Inapplicable ; Inapplicable ; Inapplicable ; Inapplicable ; Inapplicable ; Inapplicable ; Inapplicable ; Inapplicable ; Inapplicable ; Pass      ; Inapplicable ; Inapplicable ;
; SEVEN_SEGMENT_N_O[6][1] ; Pass      ; Inapplicable ; Pass      ; Inapplicable ; Inapplicable ; Pass      ; Pass      ; Inapplicable ; Pass      ; Pass      ; Pass         ; Inapplicable ; Inapplicable ; Inapplicable ; Inapplicable ; Pass         ; Inapplicable ; Inapplicable ; Inapplicable ; Inapplicable ; Inapplicable ; Inapplicable ; Inapplicable ; Inapplicable ; Inapplicable ; Inapplicable ; Inapplicable ; Pass      ; Inapplicable ; Inapplicable ;
; SEVEN_SEGMENT_N_O[6][2] ; Pass      ; Inapplicable ; Pass      ; Inapplicable ; Inapplicable ; Pass      ; Pass      ; Inapplicable ; Pass      ; Pass      ; Pass         ; Inapplicable ; Inapplicable ; Inapplicable ; Inapplicable ; Pass         ; Inapplicable ; Inapplicable ; Inapplicable ; Inapplicable ; Inapplicable ; Inapplicable ; Inapplicable ; Inapplicable ; Inapplicable ; Inapplicable ; Inapplicable ; Pass      ; Inapplicable ; Inapplicable ;
; SEVEN_SEGMENT_N_O[6][3] ; Pass      ; Inapplicable ; Pass      ; Inapplicable ; Inapplicable ; Pass      ; Pass      ; Inapplicable ; Pass      ; Pass      ; Pass         ; Inapplicable ; Inapplicable ; Inapplicable ; Inapplicable ; Pass         ; Inapplicable ; Inapplicable ; Inapplicable ; Inapplicable ; Inapplicable ; Inapplicable ; Inapplicable ; Inapplicable ; Inapplicable ; Inapplicable ; Inapplicable ; Pass      ; Inapplicable ; Inapplicable ;
; SEVEN_SEGMENT_N_O[6][4] ; Pass      ; Inapplicable ; Pass      ; Inapplicable ; Inapplicable ; Pass      ; Pass      ; Inapplicable ; Pass      ; Pass      ; Pass         ; Inapplicable ; Inapplicable ; Inapplicable ; Inapplicable ; Pass         ; Inapplicable ; Inapplicable ; Inapplicable ; Inapplicable ; Inapplicable ; Inapplicable ; Inapplicable ; Inapplicable ; Inapplicable ; Inapplicable ; Inapplicable ; Pass      ; Inapplicable ; Inapplicable ;
; SEVEN_SEGMENT_N_O[6][5] ; Pass      ; Inapplicable ; Pass      ; Inapplicable ; Inapplicable ; Pass      ; Pass      ; Inapplicable ; Pass      ; Pass      ; Pass         ; Inapplicable ; Inapplicable ; Inapplicable ; Inapplicable ; Pass         ; Inapplicable ; Inapplicable ; Inapplicable ; Inapplicable ; Inapplicable ; Inapplicable ; Inapplicable ; Inapplicable ; Inapplicable ; Inapplicable ; Inapplicable ; Pass      ; Inapplicable ; Inapplicable ;
; SEVEN_SEGMENT_N_O[6][6] ; Pass      ; Inapplicable ; Pass      ; Inapplicable ; Inapplicable ; Pass      ; Pass      ; Inapplicable ; Pass      ; Pass      ; Pass         ; Inapplicable ; Inapplicable ; Inapplicable ; Inapplicable ; Pass         ; Inapplicable ; Inapplicable ; Inapplicable ; Inapplicable ; Inapplicable ; Inapplicable ; Inapplicable ; Inapplicable ; Inapplicable ; Inapplicable ; Inapplicable ; Pass      ; Inapplicable ; Inapplicable ;
; SEVEN_SEGMENT_N_O[7][0] ; Pass      ; Inapplicable ; Pass      ; Inapplicable ; Inapplicable ; Pass      ; Pass      ; Inapplicable ; Pass      ; Pass      ; Pass         ; Inapplicable ; Inapplicable ; Inapplicable ; Inapplicable ; Pass         ; Inapplicable ; Inapplicable ; Inapplicable ; Inapplicable ; Inapplicable ; Inapplicable ; Inapplicable ; Inapplicable ; Inapplicable ; Inapplicable ; Inapplicable ; Pass      ; Inapplicable ; Inapplicable ;
; SEVEN_SEGMENT_N_O[7][1] ; Pass      ; Inapplicable ; Pass      ; Inapplicable ; Inapplicable ; Pass      ; Pass      ; Inapplicable ; Pass      ; Pass      ; Pass         ; Inapplicable ; Inapplicable ; Inapplicable ; Inapplicable ; Pass         ; Inapplicable ; Inapplicable ; Inapplicable ; Inapplicable ; Inapplicable ; Inapplicable ; Inapplicable ; Inapplicable ; Inapplicable ; Inapplicable ; Inapplicable ; Pass      ; Inapplicable ; Inapplicable ;
; SEVEN_SEGMENT_N_O[7][2] ; Pass      ; Inapplicable ; Pass      ; Inapplicable ; Inapplicable ; Pass      ; Pass      ; Inapplicable ; Pass      ; Pass      ; Pass         ; Inapplicable ; Inapplicable ; Inapplicable ; Inapplicable ; Pass         ; Inapplicable ; Inapplicable ; Inapplicable ; Inapplicable ; Inapplicable ; Inapplicable ; Inapplicable ; Inapplicable ; Inapplicable ; Inapplicable ; Inapplicable ; Pass      ; Inapplicable ; Inapplicable ;
; SEVEN_SEGMENT_N_O[7][3] ; Pass      ; Inapplicable ; Pass      ; Inapplicable ; Inapplicable ; Pass      ; Pass      ; Inapplicable ; Pass      ; Pass      ; Pass         ; Inapplicable ; Inapplicable ; Inapplicable ; Inapplicable ; Pass         ; Inapplicable ; Inapplicable ; Inapplicable ; Inapplicable ; Inapplicable ; Inapplicable ; Inapplicable ; Inapplicable ; Inapplicable ; Inapplicable ; Inapplicable ; Pass      ; Inapplicable ; Inapplicable ;
; SEVEN_SEGMENT_N_O[7][4] ; Pass      ; Inapplicable ; Pass      ; Inapplicable ; Inapplicable ; Pass      ; Pass      ; Inapplicable ; Pass      ; Pass      ; Pass         ; Inapplicable ; Inapplicable ; Inapplicable ; Inapplicable ; Pass         ; Inapplicable ; Inapplicable ; Inapplicable ; Inapplicable ; Inapplicable ; Inapplicable ; Inapplicable ; Inapplicable ; Inapplicable ; Inapplicable ; Inapplicable ; Pass      ; Inapplicable ; Inapplicable ;
; SEVEN_SEGMENT_N_O[7][5] ; Pass      ; Inapplicable ; Pass      ; Inapplicable ; Inapplicable ; Pass      ; Pass      ; Inapplicable ; Pass      ; Pass      ; Pass         ; Inapplicable ; Inapplicable ; Inapplicable ; Inapplicable ; Pass         ; Inapplicable ; Inapplicable ; Inapplicable ; Inapplicable ; Inapplicable ; Inapplicable ; Inapplicable ; Inapplicable ; Inapplicable ; Inapplicable ; Inapplicable ; Pass      ; Inapplicable ; Inapplicable ;
; SEVEN_SEGMENT_N_O[7][6] ; Pass      ; Inapplicable ; Pass      ; Inapplicable ; Inapplicable ; Pass      ; Pass      ; Inapplicable ; Pass      ; Pass      ; Pass         ; Inapplicable ; Inapplicable ; Inapplicable ; Inapplicable ; Pass         ; Inapplicable ; Inapplicable ; Inapplicable ; Inapplicable ; Inapplicable ; Inapplicable ; Inapplicable ; Inapplicable ; Inapplicable ; Inapplicable ; Inapplicable ; Pass      ; Inapplicable ; Inapplicable ;
; LED_GREEN_O[0]          ; Pass      ; Inapplicable ; Pass      ; Inapplicable ; Inapplicable ; Pass      ; Pass      ; Inapplicable ; Pass      ; Pass      ; Pass         ; Inapplicable ; Inapplicable ; Inapplicable ; Inapplicable ; Pass         ; Inapplicable ; Inapplicable ; Inapplicable ; Inapplicable ; Inapplicable ; Inapplicable ; Inapplicable ; Inapplicable ; Inapplicable ; Inapplicable ; Inapplicable ; Pass      ; Inapplicable ; Inapplicable ;
; LED_GREEN_O[1]          ; Pass      ; Inapplicable ; Pass      ; Inapplicable ; Inapplicable ; Pass      ; Pass      ; Inapplicable ; Pass      ; Pass      ; Pass         ; Inapplicable ; Inapplicable ; Inapplicable ; Inapplicable ; Pass         ; Inapplicable ; Inapplicable ; Inapplicable ; Inapplicable ; Inapplicable ; Inapplicable ; Inapplicable ; Inapplicable ; Inapplicable ; Inapplicable ; Inapplicable ; Pass      ; Inapplicable ; Inapplicable ;
; LED_GREEN_O[2]          ; Pass      ; Inapplicable ; Pass      ; Inapplicable ; Inapplicable ; Pass      ; Pass      ; Inapplicable ; Pass      ; Pass      ; Pass         ; Inapplicable ; Inapplicable ; Inapplicable ; Inapplicable ; Pass         ; Inapplicable ; Inapplicable ; Inapplicable ; Inapplicable ; Inapplicable ; Inapplicable ; Inapplicable ; Inapplicable ; Inapplicable ; Inapplicable ; Inapplicable ; Pass      ; Inapplicable ; Inapplicable ;
; LED_GREEN_O[3]          ; Pass      ; Inapplicable ; Pass      ; Inapplicable ; Inapplicable ; Pass      ; Pass      ; Inapplicable ; Pass      ; Pass      ; Pass         ; Inapplicable ; Inapplicable ; Inapplicable ; Inapplicable ; Pass         ; Inapplicable ; Inapplicable ; Inapplicable ; Inapplicable ; Inapplicable ; Inapplicable ; Inapplicable ; Inapplicable ; Inapplicable ; Inapplicable ; Inapplicable ; Pass      ; Inapplicable ; Inapplicable ;
; LED_GREEN_O[4]          ; Pass      ; Inapplicable ; Pass      ; Inapplicable ; Inapplicable ; Pass      ; Pass      ; Inapplicable ; Pass      ; Pass      ; Pass         ; Inapplicable ; Inapplicable ; Inapplicable ; Inapplicable ; Pass         ; Inapplicable ; Inapplicable ; Inapplicable ; Inapplicable ; Inapplicable ; Inapplicable ; Inapplicable ; Inapplicable ; Inapplicable ; Inapplicable ; Inapplicable ; Pass      ; Inapplicable ; Inapplicable ;
; LED_GREEN_O[5]          ; Pass      ; Inapplicable ; Pass      ; Inapplicable ; Inapplicable ; Pass      ; Pass      ; Inapplicable ; Pass      ; Pass      ; Pass         ; Inapplicable ; Inapplicable ; Inapplicable ; Inapplicable ; Pass         ; Inapplicable ; Inapplicable ; Inapplicable ; Inapplicable ; Inapplicable ; Inapplicable ; Inapplicable ; Inapplicable ; Inapplicable ; Inapplicable ; Inapplicable ; Pass      ; Inapplicable ; Inapplicable ;
; LED_GREEN_O[6]          ; Pass      ; Inapplicable ; Pass      ; Inapplicable ; Inapplicable ; Pass      ; Pass      ; Inapplicable ; Pass      ; Pass      ; Pass         ; Inapplicable ; Inapplicable ; Inapplicable ; Inapplicable ; Pass         ; Inapplicable ; Inapplicable ; Inapplicable ; Inapplicable ; Inapplicable ; Inapplicable ; Inapplicable ; Inapplicable ; Inapplicable ; Inapplicable ; Inapplicable ; Pass      ; Inapplicable ; Inapplicable ;
; LED_GREEN_O[7]          ; Pass      ; Inapplicable ; Pass      ; Inapplicable ; Inapplicable ; Pass      ; Pass      ; Inapplicable ; Pass      ; Pass      ; Pass         ; Inapplicable ; Inapplicable ; Inapplicable ; Inapplicable ; Pass         ; Inapplicable ; Inapplicable ; Inapplicable ; Inapplicable ; Inapplicable ; Inapplicable ; Inapplicable ; Inapplicable ; Inapplicable ; Inapplicable ; Inapplicable ; Pass      ; Inapplicable ; Inapplicable ;
; LED_GREEN_O[8]          ; Pass      ; Inapplicable ; Pass      ; Inapplicable ; Inapplicable ; Pass      ; Pass      ; Inapplicable ; Pass      ; Pass      ; Pass         ; Inapplicable ; Inapplicable ; Inapplicable ; Inapplicable ; Pass         ; Inapplicable ; Inapplicable ; Inapplicable ; Inapplicable ; Inapplicable ; Inapplicable ; Inapplicable ; Inapplicable ; Inapplicable ; Inapplicable ; Inapplicable ; Pass      ; Inapplicable ; Inapplicable ;
; VGA_CLOCK_O             ; Pass      ; Inapplicable ; Pass      ; Inapplicable ; Inapplicable ; Pass      ; Pass      ; Inapplicable ; Pass      ; Pass      ; Pass         ; Inapplicable ; Inapplicable ; Inapplicable ; Inapplicable ; Pass         ; Inapplicable ; Inapplicable ; Inapplicable ; Inapplicable ; Inapplicable ; Inapplicable ; Inapplicable ; Inapplicable ; Inapplicable ; Inapplicable ; Inapplicable ; Pass      ; Inapplicable ; Inapplicable ;
; VGA_HSYNC_O             ; Pass      ; Inapplicable ; Pass      ; Inapplicable ; Inapplicable ; Pass      ; Pass      ; Inapplicable ; Pass      ; Pass      ; Pass         ; Inapplicable ; Inapplicable ; Inapplicable ; Inapplicable ; Pass         ; Inapplicable ; Inapplicable ; Inapplicable ; Inapplicable ; Inapplicable ; Inapplicable ; Inapplicable ; Inapplicable ; Inapplicable ; Inapplicable ; Inapplicable ; Pass      ; Inapplicable ; Inapplicable ;
; VGA_VSYNC_O             ; Pass      ; Inapplicable ; Pass      ; Inapplicable ; Inapplicable ; Pass      ; Pass      ; Inapplicable ; Pass      ; Pass      ; Pass         ; Inapplicable ; Inapplicable ; Inapplicable ; Inapplicable ; Pass         ; Inapplicable ; Inapplicable ; Inapplicable ; Inapplicable ; Inapplicable ; Inapplicable ; Inapplicable ; Inapplicable ; Inapplicable ; Inapplicable ; Inapplicable ; Pass      ; Inapplicable ; Inapplicable ;
; VGA_BLANK_O             ; Pass      ; Inapplicable ; Pass      ; Inapplicable ; Inapplicable ; Pass      ; Pass      ; Inapplicable ; Pass      ; Pass      ; Pass         ; Inapplicable ; Inapplicable ; Inapplicable ; Inapplicable ; Pass         ; Inapplicable ; Inapplicable ; Inapplicable ; Inapplicable ; Inapplicable ; Inapplicable ; Inapplicable ; Inapplicable ; Inapplicable ; Inapplicable ; Inapplicable ; Pass      ; Inapplicable ; Inapplicable ;
; VGA_SYNC_O              ; Pass      ; Inapplicable ; Pass      ; Inapplicable ; Inapplicable ; Pass      ; Pass      ; Inapplicable ; Pass      ; Pass      ; Pass         ; Inapplicable ; Inapplicable ; Inapplicable ; Inapplicable ; Pass         ; Inapplicable ; Inapplicable ; Inapplicable ; Inapplicable ; Inapplicable ; Inapplicable ; Inapplicable ; Inapplicable ; Inapplicable ; Inapplicable ; Inapplicable ; Pass      ; Inapplicable ; Inapplicable ;
; VGA_RED_O[0]            ; Pass      ; Inapplicable ; Pass      ; Inapplicable ; Inapplicable ; Pass      ; Pass      ; Inapplicable ; Pass      ; Pass      ; Pass         ; Inapplicable ; Inapplicable ; Inapplicable ; Inapplicable ; Pass         ; Inapplicable ; Inapplicable ; Inapplicable ; Inapplicable ; Inapplicable ; Inapplicable ; Inapplicable ; Inapplicable ; Inapplicable ; Inapplicable ; Inapplicable ; Pass      ; Inapplicable ; Inapplicable ;
; VGA_RED_O[1]            ; Pass      ; Inapplicable ; Pass      ; Inapplicable ; Inapplicable ; Pass      ; Pass      ; Inapplicable ; Pass      ; Pass      ; Pass         ; Inapplicable ; Inapplicable ; Inapplicable ; Inapplicable ; Pass         ; Inapplicable ; Inapplicable ; Inapplicable ; Inapplicable ; Inapplicable ; Inapplicable ; Inapplicable ; Inapplicable ; Inapplicable ; Inapplicable ; Inapplicable ; Pass      ; Inapplicable ; Inapplicable ;
; VGA_RED_O[2]            ; Pass      ; Inapplicable ; Pass      ; Inapplicable ; Inapplicable ; Pass      ; Pass      ; Inapplicable ; Pass      ; Pass      ; Pass         ; Inapplicable ; Inapplicable ; Inapplicable ; Inapplicable ; Pass         ; Inapplicable ; Inapplicable ; Inapplicable ; Inapplicable ; Inapplicable ; Inapplicable ; Inapplicable ; Inapplicable ; Inapplicable ; Inapplicable ; Inapplicable ; Pass      ; Inapplicable ; Inapplicable ;
; VGA_RED_O[3]            ; Pass      ; Inapplicable ; Pass      ; Inapplicable ; Inapplicable ; Pass      ; Pass      ; Inapplicable ; Pass      ; Pass      ; Pass         ; Inapplicable ; Inapplicable ; Inapplicable ; Inapplicable ; Pass         ; Inapplicable ; Inapplicable ; Inapplicable ; Inapplicable ; Inapplicable ; Inapplicable ; Inapplicable ; Inapplicable ; Inapplicable ; Inapplicable ; Inapplicable ; Pass      ; Inapplicable ; Inapplicable ;
; VGA_RED_O[4]            ; Pass      ; Inapplicable ; Pass      ; Inapplicable ; Inapplicable ; Pass      ; Pass      ; Inapplicable ; Pass      ; Pass      ; Pass         ; Inapplicable ; Inapplicable ; Inapplicable ; Inapplicable ; Pass         ; Inapplicable ; Inapplicable ; Inapplicable ; Inapplicable ; Inapplicable ; Inapplicable ; Inapplicable ; Inapplicable ; Inapplicable ; Inapplicable ; Inapplicable ; Pass      ; Inapplicable ; Inapplicable ;
; VGA_RED_O[5]            ; Pass      ; Inapplicable ; Pass      ; Inapplicable ; Inapplicable ; Pass      ; Pass      ; Inapplicable ; Pass      ; Pass      ; Pass         ; Inapplicable ; Inapplicable ; Inapplicable ; Inapplicable ; Pass         ; Inapplicable ; Inapplicable ; Inapplicable ; Inapplicable ; Inapplicable ; Inapplicable ; Inapplicable ; Inapplicable ; Inapplicable ; Inapplicable ; Inapplicable ; Pass      ; Inapplicable ; Inapplicable ;
; VGA_RED_O[6]            ; Pass      ; Inapplicable ; Pass      ; Inapplicable ; Inapplicable ; Pass      ; Pass      ; Inapplicable ; Pass      ; Pass      ; Pass         ; Inapplicable ; Inapplicable ; Inapplicable ; Inapplicable ; Pass         ; Inapplicable ; Inapplicable ; Inapplicable ; Inapplicable ; Inapplicable ; Inapplicable ; Inapplicable ; Inapplicable ; Inapplicable ; Inapplicable ; Inapplicable ; Pass      ; Inapplicable ; Inapplicable ;
; VGA_RED_O[7]            ; Pass      ; Inapplicable ; Pass      ; Inapplicable ; Inapplicable ; Pass      ; Pass      ; Inapplicable ; Pass      ; Pass      ; Pass         ; Inapplicable ; Inapplicable ; Inapplicable ; Inapplicable ; Pass         ; Inapplicable ; Inapplicable ; Inapplicable ; Inapplicable ; Inapplicable ; Inapplicable ; Inapplicable ; Inapplicable ; Inapplicable ; Inapplicable ; Inapplicable ; Pass      ; Inapplicable ; Inapplicable ;
; VGA_GREEN_O[0]          ; Pass      ; Inapplicable ; Pass      ; Inapplicable ; Inapplicable ; Pass      ; Pass      ; Inapplicable ; Pass      ; Pass      ; Pass         ; Inapplicable ; Inapplicable ; Inapplicable ; Inapplicable ; Pass         ; Inapplicable ; Inapplicable ; Inapplicable ; Inapplicable ; Inapplicable ; Inapplicable ; Inapplicable ; Inapplicable ; Inapplicable ; Inapplicable ; Inapplicable ; Pass      ; Inapplicable ; Inapplicable ;
; VGA_GREEN_O[1]          ; Pass      ; Inapplicable ; Pass      ; Inapplicable ; Inapplicable ; Pass      ; Pass      ; Inapplicable ; Pass      ; Pass      ; Pass         ; Inapplicable ; Inapplicable ; Inapplicable ; Inapplicable ; Pass         ; Inapplicable ; Inapplicable ; Inapplicable ; Inapplicable ; Inapplicable ; Inapplicable ; Inapplicable ; Inapplicable ; Inapplicable ; Inapplicable ; Inapplicable ; Pass      ; Inapplicable ; Inapplicable ;
; VGA_GREEN_O[2]          ; Pass      ; Inapplicable ; Pass      ; Inapplicable ; Inapplicable ; Pass      ; Pass      ; Inapplicable ; Pass      ; Pass      ; Pass         ; Inapplicable ; Inapplicable ; Inapplicable ; Inapplicable ; Pass         ; Inapplicable ; Inapplicable ; Inapplicable ; Inapplicable ; Inapplicable ; Inapplicable ; Inapplicable ; Inapplicable ; Inapplicable ; Inapplicable ; Inapplicable ; Pass      ; Inapplicable ; Inapplicable ;
; VGA_GREEN_O[3]          ; Pass      ; Inapplicable ; Pass      ; Inapplicable ; Inapplicable ; Pass      ; Pass      ; Inapplicable ; Pass      ; Pass      ; Pass         ; Inapplicable ; Inapplicable ; Inapplicable ; Inapplicable ; Pass         ; Inapplicable ; Inapplicable ; Inapplicable ; Inapplicable ; Inapplicable ; Inapplicable ; Inapplicable ; Inapplicable ; Inapplicable ; Inapplicable ; Inapplicable ; Pass      ; Inapplicable ; Inapplicable ;
; VGA_GREEN_O[4]          ; Pass      ; Inapplicable ; Pass      ; Inapplicable ; Inapplicable ; Pass      ; Pass      ; Inapplicable ; Pass      ; Pass      ; Pass         ; Inapplicable ; Inapplicable ; Inapplicable ; Inapplicable ; Pass         ; Inapplicable ; Inapplicable ; Inapplicable ; Inapplicable ; Inapplicable ; Inapplicable ; Inapplicable ; Inapplicable ; Inapplicable ; Inapplicable ; Inapplicable ; Pass      ; Inapplicable ; Inapplicable ;
; VGA_GREEN_O[5]          ; Pass      ; Inapplicable ; Pass      ; Inapplicable ; Inapplicable ; Pass      ; Pass      ; Inapplicable ; Pass      ; Pass      ; Pass         ; Inapplicable ; Inapplicable ; Inapplicable ; Inapplicable ; Pass         ; Inapplicable ; Inapplicable ; Inapplicable ; Inapplicable ; Inapplicable ; Inapplicable ; Inapplicable ; Inapplicable ; Inapplicable ; Inapplicable ; Inapplicable ; Pass      ; Inapplicable ; Inapplicable ;
; VGA_GREEN_O[6]          ; Pass      ; Inapplicable ; Pass      ; Inapplicable ; Inapplicable ; Pass      ; Pass      ; Inapplicable ; Pass      ; Pass      ; Pass         ; Inapplicable ; Inapplicable ; Inapplicable ; Inapplicable ; Pass         ; Inapplicable ; Inapplicable ; Inapplicable ; Inapplicable ; Inapplicable ; Inapplicable ; Inapplicable ; Inapplicable ; Inapplicable ; Inapplicable ; Inapplicable ; Pass      ; Inapplicable ; Inapplicable ;
; VGA_GREEN_O[7]          ; Pass      ; Inapplicable ; Pass      ; Inapplicable ; Inapplicable ; Pass      ; Pass      ; Inapplicable ; Pass      ; Pass      ; Pass         ; Inapplicable ; Inapplicable ; Inapplicable ; Inapplicable ; Pass         ; Inapplicable ; Inapplicable ; Inapplicable ; Inapplicable ; Inapplicable ; Inapplicable ; Inapplicable ; Inapplicable ; Inapplicable ; Inapplicable ; Inapplicable ; Pass      ; Inapplicable ; Inapplicable ;
; VGA_BLUE_O[0]           ; Pass      ; Inapplicable ; Pass      ; Inapplicable ; Inapplicable ; Pass      ; Pass      ; Inapplicable ; Pass      ; Pass      ; Pass         ; Inapplicable ; Inapplicable ; Inapplicable ; Inapplicable ; Pass         ; Inapplicable ; Inapplicable ; Inapplicable ; Inapplicable ; Inapplicable ; Inapplicable ; Inapplicable ; Inapplicable ; Inapplicable ; Inapplicable ; Inapplicable ; Pass      ; Inapplicable ; Inapplicable ;
; VGA_BLUE_O[1]           ; Pass      ; Inapplicable ; Pass      ; Inapplicable ; Inapplicable ; Pass      ; Pass      ; Inapplicable ; Pass      ; Pass      ; Pass         ; Inapplicable ; Inapplicable ; Inapplicable ; Inapplicable ; Pass         ; Inapplicable ; Inapplicable ; Inapplicable ; Inapplicable ; Inapplicable ; Inapplicable ; Inapplicable ; Inapplicable ; Inapplicable ; Inapplicable ; Inapplicable ; Pass      ; Inapplicable ; Inapplicable ;
; VGA_BLUE_O[2]           ; Pass      ; Inapplicable ; Pass      ; Inapplicable ; Inapplicable ; Pass      ; Pass      ; Inapplicable ; Pass      ; Pass      ; Pass         ; Inapplicable ; Inapplicable ; Inapplicable ; Inapplicable ; Pass         ; Inapplicable ; Inapplicable ; Inapplicable ; Inapplicable ; Inapplicable ; Inapplicable ; Inapplicable ; Inapplicable ; Inapplicable ; Inapplicable ; Inapplicable ; Pass      ; Inapplicable ; Inapplicable ;
; VGA_BLUE_O[3]           ; Pass      ; Inapplicable ; Pass      ; Inapplicable ; Inapplicable ; Pass      ; Pass      ; Inapplicable ; Pass      ; Pass      ; Pass         ; Inapplicable ; Inapplicable ; Inapplicable ; Inapplicable ; Pass         ; Inapplicable ; Inapplicable ; Inapplicable ; Inapplicable ; Inapplicable ; Inapplicable ; Inapplicable ; Inapplicable ; Inapplicable ; Inapplicable ; Inapplicable ; Pass      ; Inapplicable ; Inapplicable ;
; VGA_BLUE_O[4]           ; Pass      ; Inapplicable ; Pass      ; Inapplicable ; Inapplicable ; Pass      ; Pass      ; Inapplicable ; Pass      ; Pass      ; Pass         ; Inapplicable ; Inapplicable ; Inapplicable ; Inapplicable ; Pass         ; Inapplicable ; Inapplicable ; Inapplicable ; Inapplicable ; Inapplicable ; Inapplicable ; Inapplicable ; Inapplicable ; Inapplicable ; Inapplicable ; Inapplicable ; Pass      ; Inapplicable ; Inapplicable ;
; VGA_BLUE_O[5]           ; Pass      ; Inapplicable ; Pass      ; Inapplicable ; Inapplicable ; Pass      ; Pass      ; Inapplicable ; Pass      ; Pass      ; Pass         ; Inapplicable ; Inapplicable ; Inapplicable ; Inapplicable ; Pass         ; Inapplicable ; Inapplicable ; Inapplicable ; Inapplicable ; Inapplicable ; Inapplicable ; Inapplicable ; Inapplicable ; Inapplicable ; Inapplicable ; Inapplicable ; Pass      ; Inapplicable ; Inapplicable ;
; VGA_BLUE_O[6]           ; Pass      ; Inapplicable ; Pass      ; Inapplicable ; Inapplicable ; Pass      ; Pass      ; Inapplicable ; Pass      ; Pass      ; Pass         ; Inapplicable ; Inapplicable ; Inapplicable ; Inapplicable ; Pass         ; Inapplicable ; Inapplicable ; Inapplicable ; Inapplicable ; Inapplicable ; Inapplicable ; Inapplicable ; Inapplicable ; Inapplicable ; Inapplicable ; Inapplicable ; Pass      ; Inapplicable ; Inapplicable ;
; VGA_BLUE_O[7]           ; Pass      ; Inapplicable ; Pass      ; Inapplicable ; Inapplicable ; Pass      ; Pass      ; Inapplicable ; Pass      ; Pass      ; Pass         ; Inapplicable ; Inapplicable ; Inapplicable ; Inapplicable ; Pass         ; Inapplicable ; Inapplicable ; Inapplicable ; Inapplicable ; Inapplicable ; Inapplicable ; Inapplicable ; Inapplicable ; Inapplicable ; Inapplicable ; Inapplicable ; Pass      ; Inapplicable ; Inapplicable ;
; SRAM_ADDRESS_O[0]       ; Pass      ; Inapplicable ; Pass      ; Inapplicable ; Inapplicable ; Pass      ; Pass      ; Inapplicable ; Pass      ; Pass      ; Pass         ; Inapplicable ; Inapplicable ; Inapplicable ; Inapplicable ; Pass         ; Inapplicable ; Inapplicable ; Inapplicable ; Inapplicable ; Inapplicable ; Inapplicable ; Inapplicable ; Inapplicable ; Inapplicable ; Inapplicable ; Inapplicable ; Pass      ; Inapplicable ; Inapplicable ;
; SRAM_ADDRESS_O[1]       ; Pass      ; Inapplicable ; Pass      ; Inapplicable ; Inapplicable ; Pass      ; Pass      ; Inapplicable ; Pass      ; Pass      ; Pass         ; Inapplicable ; Inapplicable ; Inapplicable ; Inapplicable ; Pass         ; Inapplicable ; Inapplicable ; Inapplicable ; Inapplicable ; Inapplicable ; Inapplicable ; Inapplicable ; Inapplicable ; Inapplicable ; Inapplicable ; Inapplicable ; Pass      ; Inapplicable ; Inapplicable ;
; SRAM_ADDRESS_O[2]       ; Pass      ; Inapplicable ; Pass      ; Inapplicable ; Inapplicable ; Pass      ; Pass      ; Inapplicable ; Pass      ; Pass      ; Pass         ; Inapplicable ; Inapplicable ; Inapplicable ; Inapplicable ; Pass         ; Inapplicable ; Inapplicable ; Inapplicable ; Inapplicable ; Inapplicable ; Inapplicable ; Inapplicable ; Inapplicable ; Inapplicable ; Inapplicable ; Inapplicable ; Pass      ; Inapplicable ; Inapplicable ;
; SRAM_ADDRESS_O[3]       ; Pass      ; Inapplicable ; Pass      ; Inapplicable ; Inapplicable ; Pass      ; Pass      ; Inapplicable ; Pass      ; Pass      ; Pass         ; Inapplicable ; Inapplicable ; Inapplicable ; Inapplicable ; Pass         ; Inapplicable ; Inapplicable ; Inapplicable ; Inapplicable ; Inapplicable ; Inapplicable ; Inapplicable ; Inapplicable ; Inapplicable ; Inapplicable ; Inapplicable ; Pass      ; Inapplicable ; Inapplicable ;
; SRAM_ADDRESS_O[4]       ; Pass      ; Inapplicable ; Pass      ; Inapplicable ; Inapplicable ; Pass      ; Pass      ; Inapplicable ; Pass      ; Pass      ; Pass         ; Inapplicable ; Inapplicable ; Inapplicable ; Inapplicable ; Pass         ; Inapplicable ; Inapplicable ; Inapplicable ; Inapplicable ; Inapplicable ; Inapplicable ; Inapplicable ; Inapplicable ; Inapplicable ; Inapplicable ; Inapplicable ; Pass      ; Inapplicable ; Inapplicable ;
; SRAM_ADDRESS_O[5]       ; Pass      ; Inapplicable ; Pass      ; Inapplicable ; Inapplicable ; Pass      ; Pass      ; Inapplicable ; Pass      ; Pass      ; Pass         ; Inapplicable ; Inapplicable ; Inapplicable ; Inapplicable ; Pass         ; Inapplicable ; Inapplicable ; Inapplicable ; Inapplicable ; Inapplicable ; Inapplicable ; Inapplicable ; Inapplicable ; Inapplicable ; Inapplicable ; Inapplicable ; Pass      ; Inapplicable ; Inapplicable ;
; SRAM_ADDRESS_O[6]       ; Pass      ; Inapplicable ; Pass      ; Inapplicable ; Inapplicable ; Pass      ; Pass      ; Inapplicable ; Pass      ; Pass      ; Pass         ; Inapplicable ; Inapplicable ; Inapplicable ; Inapplicable ; Pass         ; Inapplicable ; Inapplicable ; Inapplicable ; Inapplicable ; Inapplicable ; Inapplicable ; Inapplicable ; Inapplicable ; Inapplicable ; Inapplicable ; Inapplicable ; Pass      ; Inapplicable ; Inapplicable ;
; SRAM_ADDRESS_O[7]       ; Pass      ; Inapplicable ; Pass      ; Inapplicable ; Inapplicable ; Pass      ; Pass      ; Inapplicable ; Pass      ; Pass      ; Pass         ; Inapplicable ; Inapplicable ; Inapplicable ; Inapplicable ; Pass         ; Inapplicable ; Inapplicable ; Inapplicable ; Inapplicable ; Inapplicable ; Inapplicable ; Inapplicable ; Inapplicable ; Inapplicable ; Inapplicable ; Inapplicable ; Pass      ; Inapplicable ; Inapplicable ;
; SRAM_ADDRESS_O[8]       ; Pass      ; Inapplicable ; Pass      ; Inapplicable ; Inapplicable ; Pass      ; Pass      ; Inapplicable ; Pass      ; Pass      ; Pass         ; Inapplicable ; Inapplicable ; Inapplicable ; Inapplicable ; Pass         ; Inapplicable ; Inapplicable ; Inapplicable ; Inapplicable ; Inapplicable ; Inapplicable ; Inapplicable ; Inapplicable ; Inapplicable ; Inapplicable ; Inapplicable ; Pass      ; Inapplicable ; Inapplicable ;
; SRAM_ADDRESS_O[9]       ; Pass      ; Inapplicable ; Pass      ; Inapplicable ; Inapplicable ; Pass      ; Pass      ; Inapplicable ; Pass      ; Pass      ; Pass         ; Inapplicable ; Inapplicable ; Inapplicable ; Inapplicable ; Pass         ; Inapplicable ; Inapplicable ; Inapplicable ; Inapplicable ; Inapplicable ; Inapplicable ; Inapplicable ; Inapplicable ; Inapplicable ; Inapplicable ; Inapplicable ; Pass      ; Inapplicable ; Inapplicable ;
; SRAM_ADDRESS_O[10]      ; Pass      ; Inapplicable ; Pass      ; Inapplicable ; Inapplicable ; Pass      ; Pass      ; Inapplicable ; Pass      ; Pass      ; Pass         ; Inapplicable ; Inapplicable ; Inapplicable ; Inapplicable ; Pass         ; Inapplicable ; Inapplicable ; Inapplicable ; Inapplicable ; Inapplicable ; Inapplicable ; Inapplicable ; Inapplicable ; Inapplicable ; Inapplicable ; Inapplicable ; Pass      ; Inapplicable ; Inapplicable ;
; SRAM_ADDRESS_O[11]      ; Pass      ; Inapplicable ; Pass      ; Inapplicable ; Inapplicable ; Pass      ; Pass      ; Inapplicable ; Pass      ; Pass      ; Pass         ; Inapplicable ; Inapplicable ; Inapplicable ; Inapplicable ; Pass         ; Inapplicable ; Inapplicable ; Inapplicable ; Inapplicable ; Inapplicable ; Inapplicable ; Inapplicable ; Inapplicable ; Inapplicable ; Inapplicable ; Inapplicable ; Pass      ; Inapplicable ; Inapplicable ;
; SRAM_ADDRESS_O[12]      ; Pass      ; Inapplicable ; Pass      ; Inapplicable ; Inapplicable ; Pass      ; Pass      ; Inapplicable ; Pass      ; Pass      ; Pass         ; Inapplicable ; Inapplicable ; Inapplicable ; Inapplicable ; Pass         ; Inapplicable ; Inapplicable ; Inapplicable ; Inapplicable ; Inapplicable ; Inapplicable ; Inapplicable ; Inapplicable ; Inapplicable ; Inapplicable ; Inapplicable ; Pass      ; Inapplicable ; Inapplicable ;
; SRAM_ADDRESS_O[13]      ; Pass      ; Inapplicable ; Pass      ; Inapplicable ; Inapplicable ; Pass      ; Pass      ; Inapplicable ; Pass      ; Pass      ; Pass         ; Inapplicable ; Inapplicable ; Inapplicable ; Inapplicable ; Pass         ; Inapplicable ; Inapplicable ; Inapplicable ; Inapplicable ; Inapplicable ; Inapplicable ; Inapplicable ; Inapplicable ; Inapplicable ; Inapplicable ; Inapplicable ; Pass      ; Inapplicable ; Inapplicable ;
; SRAM_ADDRESS_O[14]      ; Pass      ; Inapplicable ; Pass      ; Inapplicable ; Inapplicable ; Pass      ; Pass      ; Inapplicable ; Pass      ; Pass      ; Pass         ; Inapplicable ; Inapplicable ; Inapplicable ; Inapplicable ; Pass         ; Inapplicable ; Inapplicable ; Inapplicable ; Inapplicable ; Inapplicable ; Inapplicable ; Inapplicable ; Inapplicable ; Inapplicable ; Inapplicable ; Inapplicable ; Pass      ; Inapplicable ; Inapplicable ;
; SRAM_ADDRESS_O[15]      ; Pass      ; Inapplicable ; Pass      ; Inapplicable ; Inapplicable ; Pass      ; Pass      ; Inapplicable ; Pass      ; Pass      ; Pass         ; Inapplicable ; Inapplicable ; Inapplicable ; Inapplicable ; Pass         ; Inapplicable ; Inapplicable ; Inapplicable ; Inapplicable ; Inapplicable ; Inapplicable ; Inapplicable ; Inapplicable ; Inapplicable ; Inapplicable ; Inapplicable ; Pass      ; Inapplicable ; Inapplicable ;
; SRAM_ADDRESS_O[16]      ; Pass      ; Inapplicable ; Pass      ; Inapplicable ; Inapplicable ; Pass      ; Pass      ; Inapplicable ; Pass      ; Pass      ; Pass         ; Inapplicable ; Inapplicable ; Inapplicable ; Inapplicable ; Pass         ; Inapplicable ; Inapplicable ; Inapplicable ; Inapplicable ; Inapplicable ; Inapplicable ; Inapplicable ; Inapplicable ; Inapplicable ; Inapplicable ; Inapplicable ; Pass      ; Inapplicable ; Inapplicable ;
; SRAM_ADDRESS_O[17]      ; Pass      ; Inapplicable ; Pass      ; Inapplicable ; Inapplicable ; Pass      ; Pass      ; Inapplicable ; Pass      ; Pass      ; Pass         ; Inapplicable ; Inapplicable ; Inapplicable ; Inapplicable ; Pass         ; Inapplicable ; Inapplicable ; Inapplicable ; Inapplicable ; Inapplicable ; Inapplicable ; Inapplicable ; Inapplicable ; Inapplicable ; Inapplicable ; Inapplicable ; Pass      ; Inapplicable ; Inapplicable ;
; SRAM_ADDRESS_O[18]      ; Pass      ; Inapplicable ; Pass      ; Inapplicable ; Inapplicable ; Pass      ; Pass      ; Inapplicable ; Pass      ; Pass      ; Pass         ; Inapplicable ; Inapplicable ; Inapplicable ; Inapplicable ; Pass         ; Inapplicable ; Inapplicable ; Inapplicable ; Inapplicable ; Inapplicable ; Inapplicable ; Inapplicable ; Inapplicable ; Inapplicable ; Inapplicable ; Inapplicable ; Pass      ; Inapplicable ; Inapplicable ;
; SRAM_ADDRESS_O[19]      ; Pass      ; Inapplicable ; Pass      ; Inapplicable ; Inapplicable ; Pass      ; Pass      ; Inapplicable ; Pass      ; Pass      ; Pass         ; Inapplicable ; Inapplicable ; Inapplicable ; Inapplicable ; Pass         ; Inapplicable ; Inapplicable ; Inapplicable ; Inapplicable ; Inapplicable ; Inapplicable ; Inapplicable ; Inapplicable ; Inapplicable ; Inapplicable ; Inapplicable ; Pass      ; Inapplicable ; Inapplicable ;
; SRAM_UB_N_O             ; Pass      ; Inapplicable ; Pass      ; Inapplicable ; Inapplicable ; Pass      ; Pass      ; Inapplicable ; Pass      ; Pass      ; Pass         ; Inapplicable ; Inapplicable ; Inapplicable ; Inapplicable ; Pass         ; Inapplicable ; Inapplicable ; Inapplicable ; Inapplicable ; Inapplicable ; Inapplicable ; Inapplicable ; Inapplicable ; Inapplicable ; Inapplicable ; Inapplicable ; Pass      ; Inapplicable ; Inapplicable ;
; SRAM_LB_N_O             ; Pass      ; Inapplicable ; Pass      ; Inapplicable ; Inapplicable ; Pass      ; Pass      ; Inapplicable ; Pass      ; Pass      ; Pass         ; Inapplicable ; Inapplicable ; Inapplicable ; Inapplicable ; Pass         ; Inapplicable ; Inapplicable ; Inapplicable ; Inapplicable ; Inapplicable ; Inapplicable ; Inapplicable ; Inapplicable ; Inapplicable ; Inapplicable ; Inapplicable ; Pass      ; Inapplicable ; Inapplicable ;
; SRAM_WE_N_O             ; Pass      ; Inapplicable ; Pass      ; Inapplicable ; Inapplicable ; Pass      ; Pass      ; Inapplicable ; Pass      ; Pass      ; Pass         ; Inapplicable ; Inapplicable ; Inapplicable ; Inapplicable ; Pass         ; Inapplicable ; Inapplicable ; Inapplicable ; Inapplicable ; Inapplicable ; Inapplicable ; Inapplicable ; Inapplicable ; Inapplicable ; Inapplicable ; Inapplicable ; Pass      ; Inapplicable ; Inapplicable ;
; SRAM_CE_N_O             ; Pass      ; Inapplicable ; Pass      ; Inapplicable ; Inapplicable ; Pass      ; Pass      ; Inapplicable ; Pass      ; Pass      ; Pass         ; Inapplicable ; Inapplicable ; Inapplicable ; Inapplicable ; Pass         ; Inapplicable ; Inapplicable ; Inapplicable ; Inapplicable ; Inapplicable ; Inapplicable ; Inapplicable ; Inapplicable ; Inapplicable ; Inapplicable ; Inapplicable ; Pass      ; Inapplicable ; Inapplicable ;
; SRAM_OE_N_O             ; Pass      ; Inapplicable ; Pass      ; Inapplicable ; Inapplicable ; Pass      ; Pass      ; Inapplicable ; Pass      ; Pass      ; Pass         ; Inapplicable ; Inapplicable ; Inapplicable ; Inapplicable ; Pass         ; Inapplicable ; Inapplicable ; Inapplicable ; Inapplicable ; Inapplicable ; Inapplicable ; Inapplicable ; Inapplicable ; Inapplicable ; Inapplicable ; Inapplicable ; Pass      ; Inapplicable ; Inapplicable ;
; UART_TX_O               ; Pass      ; Inapplicable ; Pass      ; Inapplicable ; Inapplicable ; Pass      ; Pass      ; Inapplicable ; Pass      ; Pass      ; Pass         ; Inapplicable ; Inapplicable ; Inapplicable ; Inapplicable ; Pass         ; Inapplicable ; Inapplicable ; Inapplicable ; Inapplicable ; Inapplicable ; Inapplicable ; Inapplicable ; Inapplicable ; Inapplicable ; Inapplicable ; Inapplicable ; Pass      ; Inapplicable ; Inapplicable ;
; SRAM_DATA_IO[0]         ; Pass      ; Inapplicable ; Pass      ; Inapplicable ; Inapplicable ; Pass      ; Pass      ; Inapplicable ; Pass      ; Pass      ; Pass         ; Inapplicable ; Inapplicable ; Inapplicable ; Pass         ; Pass         ; Inapplicable ; Pass         ; Inapplicable ; Inapplicable ; Inapplicable ; Inapplicable ; Inapplicable ; Inapplicable ; Inapplicable ; Inapplicable ; Inapplicable ; Pass      ; Inapplicable ; Inapplicable ;
; SRAM_DATA_IO[1]         ; Pass      ; Inapplicable ; Pass      ; Inapplicable ; Inapplicable ; Pass      ; Pass      ; Inapplicable ; Pass      ; Pass      ; Pass         ; Inapplicable ; Inapplicable ; Inapplicable ; Pass         ; Pass         ; Inapplicable ; Pass         ; Inapplicable ; Inapplicable ; Inapplicable ; Inapplicable ; Inapplicable ; Inapplicable ; Inapplicable ; Inapplicable ; Inapplicable ; Pass      ; Inapplicable ; Inapplicable ;
; SRAM_DATA_IO[2]         ; Pass      ; Inapplicable ; Pass      ; Inapplicable ; Inapplicable ; Pass      ; Pass      ; Inapplicable ; Pass      ; Pass      ; Pass         ; Inapplicable ; Inapplicable ; Inapplicable ; Pass         ; Pass         ; Inapplicable ; Pass         ; Inapplicable ; Inapplicable ; Inapplicable ; Inapplicable ; Inapplicable ; Inapplicable ; Inapplicable ; Inapplicable ; Inapplicable ; Pass      ; Inapplicable ; Inapplicable ;
; SRAM_DATA_IO[3]         ; Pass      ; Inapplicable ; Pass      ; Inapplicable ; Inapplicable ; Pass      ; Pass      ; Inapplicable ; Pass      ; Pass      ; Pass         ; Inapplicable ; Inapplicable ; Inapplicable ; Pass         ; Pass         ; Inapplicable ; Pass         ; Inapplicable ; Inapplicable ; Inapplicable ; Inapplicable ; Inapplicable ; Inapplicable ; Inapplicable ; Inapplicable ; Inapplicable ; Pass      ; Inapplicable ; Inapplicable ;
; SRAM_DATA_IO[4]         ; Pass      ; Inapplicable ; Pass      ; Inapplicable ; Inapplicable ; Pass      ; Pass      ; Inapplicable ; Pass      ; Pass      ; Pass         ; Inapplicable ; Inapplicable ; Inapplicable ; Pass         ; Pass         ; Inapplicable ; Pass         ; Inapplicable ; Inapplicable ; Inapplicable ; Inapplicable ; Inapplicable ; Inapplicable ; Inapplicable ; Inapplicable ; Inapplicable ; Pass      ; Inapplicable ; Inapplicable ;
; SRAM_DATA_IO[5]         ; Pass      ; Inapplicable ; Pass      ; Inapplicable ; Inapplicable ; Pass      ; Pass      ; Inapplicable ; Pass      ; Pass      ; Pass         ; Inapplicable ; Inapplicable ; Inapplicable ; Pass         ; Pass         ; Inapplicable ; Pass         ; Inapplicable ; Inapplicable ; Inapplicable ; Inapplicable ; Inapplicable ; Inapplicable ; Inapplicable ; Inapplicable ; Inapplicable ; Pass      ; Inapplicable ; Inapplicable ;
; SRAM_DATA_IO[6]         ; Pass      ; Inapplicable ; Pass      ; Inapplicable ; Inapplicable ; Pass      ; Pass      ; Inapplicable ; Pass      ; Pass      ; Pass         ; Inapplicable ; Inapplicable ; Inapplicable ; Pass         ; Pass         ; Inapplicable ; Pass         ; Inapplicable ; Inapplicable ; Inapplicable ; Inapplicable ; Inapplicable ; Inapplicable ; Inapplicable ; Inapplicable ; Inapplicable ; Pass      ; Inapplicable ; Inapplicable ;
; SRAM_DATA_IO[7]         ; Pass      ; Inapplicable ; Pass      ; Inapplicable ; Inapplicable ; Pass      ; Pass      ; Inapplicable ; Pass      ; Pass      ; Pass         ; Inapplicable ; Inapplicable ; Inapplicable ; Pass         ; Pass         ; Inapplicable ; Pass         ; Inapplicable ; Inapplicable ; Inapplicable ; Inapplicable ; Inapplicable ; Inapplicable ; Inapplicable ; Inapplicable ; Inapplicable ; Pass      ; Inapplicable ; Inapplicable ;
; SRAM_DATA_IO[8]         ; Pass      ; Inapplicable ; Pass      ; Inapplicable ; Inapplicable ; Pass      ; Pass      ; Inapplicable ; Pass      ; Pass      ; Pass         ; Inapplicable ; Inapplicable ; Inapplicable ; Pass         ; Pass         ; Inapplicable ; Pass         ; Inapplicable ; Inapplicable ; Inapplicable ; Inapplicable ; Inapplicable ; Inapplicable ; Inapplicable ; Inapplicable ; Inapplicable ; Pass      ; Inapplicable ; Inapplicable ;
; SRAM_DATA_IO[9]         ; Pass      ; Inapplicable ; Pass      ; Inapplicable ; Inapplicable ; Pass      ; Pass      ; Inapplicable ; Pass      ; Pass      ; Pass         ; Inapplicable ; Inapplicable ; Inapplicable ; Pass         ; Pass         ; Inapplicable ; Pass         ; Inapplicable ; Inapplicable ; Inapplicable ; Inapplicable ; Inapplicable ; Inapplicable ; Inapplicable ; Inapplicable ; Inapplicable ; Pass      ; Inapplicable ; Inapplicable ;
; SRAM_DATA_IO[10]        ; Pass      ; Inapplicable ; Pass      ; Inapplicable ; Inapplicable ; Pass      ; Pass      ; Inapplicable ; Pass      ; Pass      ; Pass         ; Inapplicable ; Inapplicable ; Inapplicable ; Pass         ; Pass         ; Inapplicable ; Pass         ; Inapplicable ; Inapplicable ; Inapplicable ; Inapplicable ; Inapplicable ; Inapplicable ; Inapplicable ; Inapplicable ; Inapplicable ; Pass      ; Inapplicable ; Inapplicable ;
; SRAM_DATA_IO[11]        ; Pass      ; Inapplicable ; Pass      ; Inapplicable ; Inapplicable ; Pass      ; Pass      ; Inapplicable ; Pass      ; Pass      ; Pass         ; Inapplicable ; Inapplicable ; Inapplicable ; Pass         ; Pass         ; Inapplicable ; Pass         ; Inapplicable ; Inapplicable ; Inapplicable ; Inapplicable ; Inapplicable ; Inapplicable ; Inapplicable ; Inapplicable ; Inapplicable ; Pass      ; Inapplicable ; Inapplicable ;
; SRAM_DATA_IO[12]        ; Pass      ; Inapplicable ; Pass      ; Inapplicable ; Inapplicable ; Pass      ; Pass      ; Inapplicable ; Pass      ; Pass      ; Pass         ; Inapplicable ; Inapplicable ; Inapplicable ; Pass         ; Pass         ; Inapplicable ; Pass         ; Inapplicable ; Inapplicable ; Inapplicable ; Inapplicable ; Inapplicable ; Inapplicable ; Inapplicable ; Inapplicable ; Inapplicable ; Pass      ; Inapplicable ; Inapplicable ;
; SRAM_DATA_IO[13]        ; Pass      ; Inapplicable ; Pass      ; Inapplicable ; Inapplicable ; Pass      ; Pass      ; Inapplicable ; Pass      ; Pass      ; Pass         ; Inapplicable ; Inapplicable ; Inapplicable ; Pass         ; Pass         ; Inapplicable ; Pass         ; Inapplicable ; Inapplicable ; Inapplicable ; Inapplicable ; Inapplicable ; Inapplicable ; Inapplicable ; Inapplicable ; Inapplicable ; Pass      ; Inapplicable ; Inapplicable ;
; SRAM_DATA_IO[14]        ; Pass      ; Inapplicable ; Pass      ; Inapplicable ; Inapplicable ; Pass      ; Pass      ; Inapplicable ; Pass      ; Pass      ; Pass         ; Inapplicable ; Inapplicable ; Inapplicable ; Pass         ; Pass         ; Inapplicable ; Pass         ; Inapplicable ; Inapplicable ; Inapplicable ; Inapplicable ; Inapplicable ; Inapplicable ; Inapplicable ; Inapplicable ; Inapplicable ; Pass      ; Inapplicable ; Inapplicable ;
; SRAM_DATA_IO[15]        ; Pass      ; Inapplicable ; Pass      ; Inapplicable ; Inapplicable ; Pass      ; Pass      ; Inapplicable ; Pass      ; Pass      ; Pass         ; Inapplicable ; Inapplicable ; Inapplicable ; Pass         ; Pass         ; Inapplicable ; Pass         ; Inapplicable ; Inapplicable ; Inapplicable ; Inapplicable ; Inapplicable ; Inapplicable ; Inapplicable ; Inapplicable ; Inapplicable ; Pass      ; Inapplicable ; Inapplicable ;
; SWITCH_I[17]            ; Pass      ; Inapplicable ; Pass      ; Inapplicable ; Inapplicable ; Pass      ; Pass      ; Inapplicable ; Pass      ; Pass      ; Inapplicable ; Inapplicable ; Inapplicable ; Inapplicable ; Pass         ; Inapplicable ; Inapplicable ; Pass         ; Inapplicable ; Inapplicable ; Inapplicable ; Inapplicable ; Inapplicable ; Inapplicable ; Inapplicable ; Inapplicable ; Inapplicable ; Pass      ; Inapplicable ; Inapplicable ;
; CLOCK_50_I              ; Pass      ; Inapplicable ; Pass      ; Inapplicable ; Inapplicable ; Pass      ; Pass      ; Inapplicable ; Pass      ; Pass      ; Inapplicable ; Inapplicable ; Inapplicable ; Inapplicable ; Pass         ; Inapplicable ; Inapplicable ; Pass         ; Inapplicable ; Inapplicable ; Inapplicable ; Inapplicable ; Inapplicable ; Inapplicable ; Inapplicable ; Inapplicable ; Inapplicable ; Pass      ; Inapplicable ; Inapplicable ;
; UART_RX_I               ; Pass      ; Inapplicable ; Pass      ; Inapplicable ; Inapplicable ; Pass      ; Pass      ; Inapplicable ; Pass      ; Pass      ; Inapplicable ; Inapplicable ; Inapplicable ; Inapplicable ; Pass         ; Inapplicable ; Inapplicable ; Pass         ; Inapplicable ; Inapplicable ; Inapplicable ; Inapplicable ; Inapplicable ; Inapplicable ; Inapplicable ; Inapplicable ; Inapplicable ; Pass      ; Inapplicable ; Inapplicable ;
; PUSH_BUTTON_N_I[0]      ; Pass      ; Inapplicable ; Pass      ; Inapplicable ; Inapplicable ; Pass      ; Pass      ; Inapplicable ; Pass      ; Pass      ; Inapplicable ; Inapplicable ; Inapplicable ; Inapplicable ; Pass         ; Inapplicable ; Inapplicable ; Pass         ; Inapplicable ; Inapplicable ; Inapplicable ; Inapplicable ; Inapplicable ; Inapplicable ; Inapplicable ; Inapplicable ; Inapplicable ; Pass      ; Inapplicable ; Inapplicable ;
; PUSH_BUTTON_N_I[1]      ; Pass      ; Inapplicable ; Pass      ; Inapplicable ; Inapplicable ; Pass      ; Pass      ; Inapplicable ; Pass      ; Pass      ; Inapplicable ; Inapplicable ; Inapplicable ; Inapplicable ; Pass         ; Inapplicable ; Inapplicable ; Pass         ; Inapplicable ; Inapplicable ; Inapplicable ; Inapplicable ; Inapplicable ; Inapplicable ; Inapplicable ; Inapplicable ; Inapplicable ; Pass      ; Inapplicable ; Inapplicable ;
; PUSH_BUTTON_N_I[2]      ; Pass      ; Inapplicable ; Pass      ; Inapplicable ; Inapplicable ; Pass      ; Pass      ; Inapplicable ; Pass      ; Pass      ; Inapplicable ; Inapplicable ; Inapplicable ; Inapplicable ; Pass         ; Inapplicable ; Inapplicable ; Pass         ; Inapplicable ; Inapplicable ; Inapplicable ; Inapplicable ; Inapplicable ; Inapplicable ; Inapplicable ; Inapplicable ; Inapplicable ; Pass      ; Inapplicable ; Inapplicable ;
; PUSH_BUTTON_N_I[3]      ; Pass      ; Inapplicable ; Pass      ; Inapplicable ; Inapplicable ; Pass      ; Pass      ; Inapplicable ; Pass      ; Pass      ; Inapplicable ; Inapplicable ; Inapplicable ; Inapplicable ; Pass         ; Inapplicable ; Inapplicable ; Pass         ; Inapplicable ; Inapplicable ; Inapplicable ; Inapplicable ; Inapplicable ; Inapplicable ; Inapplicable ; Inapplicable ; Inapplicable ; Pass      ; Inapplicable ; Inapplicable ;
+-------------------------+-----------+--------------+-----------+--------------+--------------+-----------+-----------+--------------+-----------+-----------+--------------+--------------+--------------+--------------+--------------+--------------+--------------+--------------+--------------+--------------+--------------+--------------+--------------+--------------+--------------+--------------+--------------+-----------+--------------+--------------+


+---------------------------------------------------------------------------------------------+
; Fitter Device Options                                                                       ;
+------------------------------------------------------------------+--------------------------+
; Option                                                           ; Setting                  ;
+------------------------------------------------------------------+--------------------------+
; Enable user-supplied start-up clock (CLKUSR)                     ; Off                      ;
; Enable device-wide reset (DEV_CLRn)                              ; Off                      ;
; Enable device-wide output enable (DEV_OE)                        ; Off                      ;
; Enable INIT_DONE output                                          ; Off                      ;
; Configuration scheme                                             ; Active Serial            ;
; Error detection CRC                                              ; Off                      ;
; Enable open drain on CRC_ERROR pin                               ; Off                      ;
; Enable input tri-state on active configuration pins in user mode ; Off                      ;
; Configuration Voltage Level                                      ; Auto                     ;
; Force Configuration Voltage Level                                ; Off                      ;
; nCEO                                                             ; As output driving ground ;
; Data[0]                                                          ; As input tri-stated      ;
; Data[1]/ASDO                                                     ; As input tri-stated      ;
; Data[7..2]                                                       ; Unreserved               ;
; FLASH_nCE/nCSO                                                   ; As input tri-stated      ;
; Other Active Parallel pins                                       ; Unreserved               ;
; DCLK                                                             ; As output driving ground ;
+------------------------------------------------------------------+--------------------------+


+------------------------------------+
; Operating Settings and Conditions  ;
+---------------------------+--------+
; Setting                   ; Value  ;
+---------------------------+--------+
; Nominal Core Voltage      ; 1.20 V ;
; Low Junction Temperature  ; 0 °C   ;
; High Junction Temperature ; 85 °C  ;
+---------------------------+--------+


+-----------------+
; Fitter Messages ;
+-----------------+
Info (20030): Parallel compilation is enabled and will use 12 of the 12 processors detected
Info (119006): Selected device EP4CE115F29C7 for design "project"
Info (21077): Low junction temperature is 0 degrees C
Info (21077): High junction temperature is 85 degrees C
Info (15535): Implemented PLL "SRAM_controller:SRAM_unit|Clock_100_PLL:Clock_100_PLL_inst|altpll:altpll_component|Clock_100_PLL_altpll:auto_generated|pll1" as Cyclone IV E PLL type File: C:/final/project-group-63-thursday/syn/db/clock_100_pll_altpll.v Line: 51
    Info (15099): Implementing clock multiplication of 2, clock division of 1, and phase shift of 0 degrees (0 ps) for SRAM_controller:SRAM_unit|Clock_100_PLL:Clock_100_PLL_inst|altpll:altpll_component|Clock_100_PLL_altpll:auto_generated|wire_pll1_clk[0] port File: C:/final/project-group-63-thursday/syn/db/clock_100_pll_altpll.v Line: 51
Warning (18550): Found RAM instances implemented as ROM because the write logic is disabled. One instance is listed below as an example.
    Info (119043): Atom "Milestone2:M2_unit|dual_port_C:RAM_inst1|altsyncram:altsyncram_component|altsyncram_abk2:auto_generated|ram_block1a20" is instantiated as RAM, but it is actually implemented as ROM function because the write logic is always disabled
Info (171003): Fitter is performing an Auto Fit compilation, which may decrease Fitter effort to reduce compilation time
Warning (292013): Feature LogicLock is only available with a valid subscription license. You can purchase a software subscription to gain full access to this feature.
Info (176444): Device migration not selected. If you intend to use device migration later, you may need to change the pin assignments as they may be incompatible with other devices
    Info (176445): Device EP4CE40F29C7 is compatible
    Info (176445): Device EP4CE40F29I7 is compatible
    Info (176445): Device EP4CE30F29C7 is compatible
    Info (176445): Device EP4CE30F29I7 is compatible
    Info (176445): Device EP4CE55F29C7 is compatible
    Info (176445): Device EP4CE55F29I7 is compatible
    Info (176445): Device EP4CE75F29C7 is compatible
    Info (176445): Device EP4CE75F29I7 is compatible
    Info (176445): Device EP4CE115F29I7 is compatible
Info (169124): Fitter converted 5 user pins into dedicated programming pins
    Info (169125): Pin ~ALTERA_ASDO_DATA1~ is reserved at location F4
    Info (169125): Pin ~ALTERA_FLASH_nCE_nCSO~ is reserved at location E2
    Info (169125): Pin ~ALTERA_DCLK~ is reserved at location P3
    Info (169125): Pin ~ALTERA_DATA0~ is reserved at location N7
    Info (169125): Pin ~ALTERA_nCEO~ is reserved at location P28
Info (176045): Design uses memory blocks. Violating setup or hold times of memory block address registers for either read or write operations could cause memory contents to be corrupted. Make sure that all memory block address registers meet the setup and hold time requirements.
Info (332104): Reading SDC File: '../board/timing_50_MHz.sdc'
Info (332110): Deriving PLL clocks
    Info (332110): create_generated_clock -source {SRAM_unit|Clock_100_PLL_inst|altpll_component|auto_generated|pll1|inclk[0]} -multiply_by 2 -duty_cycle 50.00 -name {SRAM_unit|Clock_100_PLL_inst|altpll_component|auto_generated|pll1|clk[0]} {SRAM_unit|Clock_100_PLL_inst|altpll_component|auto_generated|pll1|clk[0]}
Info (332151): Clock uncertainty is not calculated until you update the timing netlist.
Info (332104): Reading SDC File: '../board/timing_100_MHz.sdc'
Info (332154): The derive_clock_uncertainty command did not apply clock uncertainty to any clock-to-clock transfers.
Info (332129): Detected timing requirements -- optimizing circuit to achieve only the specified requirements
Info (332111): Found 2 clocks
    Info (332111):   Period   Clock Name
    Info (332111): ======== ============
    Info (332111):   20.000       clk_50
    Info (332111):   10.000 SRAM_unit|Clock_100_PLL_inst|altpll_component|auto_generated|pll1|clk[0]
Info (176353): Automatically promoted node CLOCK_50_I~input (placed in PIN Y2 (CLK2, DIFFCLK_1p)) File: C:/final/project-group-63-thursday/rtl/project.sv Line: 20
    Info (176355): Automatically promoted destinations to use location or clock signal Global Clock CLKCTRL_G4
    Info (176356): Following destination nodes may be non-global or may not use global or regional clocks
        Info (176357): Destination node SRAM_controller:SRAM_unit|SRAM_UB_N_O~0 File: C:/final/project-group-63-thursday/rtl/SRAM_controller.sv Line: 29
        Info (176357): Destination node SRAM_controller:SRAM_unit|SRAM_LB_N_O~0 File: C:/final/project-group-63-thursday/rtl/SRAM_controller.sv Line: 30
Info (176353): Automatically promoted node SRAM_controller:SRAM_unit|Clock_100_PLL:Clock_100_PLL_inst|altpll:altpll_component|Clock_100_PLL_altpll:auto_generated|wire_pll1_clk[0] (placed in counter C0 of PLL_1) File: C:/final/project-group-63-thursday/syn/db/clock_100_pll_altpll.v Line: 93
    Info (176355): Automatically promoted destinations to use location or clock signal Global Clock CLKCTRL_G3
Info (176353): Automatically promoted node resetn~0  File: C:/final/project-group-63-thursday/rtl/project.sv Line: 54
    Info (176355): Automatically promoted destinations to use location or clock signal Global Clock
    Info (176356): Following destination nodes may be non-global or may not use global or regional clocks
        Info (176357): Destination node Milestone3:M3_unit|header_count[5] File: C:/final/project-group-63-thursday/rtl/Milestone3.sv Line: 144
        Info (176357): Destination node Milestone3:M3_unit|header_count[4] File: C:/final/project-group-63-thursday/rtl/Milestone3.sv Line: 144
        Info (176357): Destination node Milestone3:M3_unit|header_count[3] File: C:/final/project-group-63-thursday/rtl/Milestone3.sv Line: 144
        Info (176357): Destination node Milestone3:M3_unit|header_count[2] File: C:/final/project-group-63-thursday/rtl/Milestone3.sv Line: 144
        Info (176357): Destination node Milestone3:M3_unit|header_count[1] File: C:/final/project-group-63-thursday/rtl/Milestone3.sv Line: 144
        Info (176357): Destination node Milestone3:M3_unit|header_count[0] File: C:/final/project-group-63-thursday/rtl/Milestone3.sv Line: 144
        Info (176357): Destination node Milestone2:M2_unit|M2_finish_fetch File: C:/final/project-group-63-thursday/rtl/Milestone2.sv Line: 37
        Info (176357): Destination node M3_start~0 File: C:/final/project-group-63-thursday/rtl/project.sv Line: 206
        Info (176357): Destination node Milestone2:M2_unit|M2_state_2.state_bit_2~1
        Info (176357): Destination node Milestone2:M2_unit|M2_state_2.state_bit_2~5
        Info (176358): Non-global destination nodes limited to 10 nodes
Info (176233): Starting register packing
Info (176235): Finished register packing
    Extra Info (176218): Packed 128 registers into blocks of type Embedded multiplier block
Info (171121): Fitter preparation operations ending: elapsed time is 00:00:03
Info (14896): Fitter has disabled Advanced Physical Optimization because it is not supported for the current family.
Info (170189): Fitter placement preparation operations beginning
Info (170190): Fitter placement preparation operations ending: elapsed time is 00:00:01
Info (170191): Fitter placement operations beginning
Info (170137): Fitter placement was successful
Info (170192): Fitter placement operations ending: elapsed time is 00:00:04
Info (170193): Fitter routing operations beginning
Info (170195): Router estimated average interconnect usage is 2% of the available device resources
    Info (170196): Router estimated peak interconnect usage is 29% of the available device resources in the region that extends from location X58_Y12 to location X68_Y23
Info (170199): The Fitter performed an Auto Fit compilation.  Optimizations were skipped to reduce compilation time.
    Info (170201): Optimizations that may affect the design's routability were skipped
    Info (170200): Optimizations that may affect the design's timing were skipped
Info (170194): Fitter routing operations ending: elapsed time is 00:00:02
Info (11888): Total time spent on timing analysis during the Fitter is 1.09 seconds.
Info (334003): Started post-fitting delay annotation
Info (334004): Delay annotation completed successfully
Info (334003): Started post-fitting delay annotation
Info (334004): Delay annotation completed successfully
Info (11218): Fitter post-fit operations ending: elapsed time is 00:00:02
Warning (169177): 18 pins must meet Intel FPGA requirements for 3.3-, 3.0-, and 2.5-V interfaces. For more information, refer to AN 447: Interfacing Cyclone IV E Devices with 3.3/3.0/2.5-V LVTTL/LVCMOS I/O Systems.
    Info (169178): Pin SRAM_DATA_IO[0] uses I/O standard 3.3-V LVTTL at AH3 File: C:/final/project-group-63-thursday/rtl/project.sv Line: 41
    Info (169178): Pin SRAM_DATA_IO[1] uses I/O standard 3.3-V LVTTL at AF4 File: C:/final/project-group-63-thursday/rtl/project.sv Line: 41
    Info (169178): Pin SRAM_DATA_IO[2] uses I/O standard 3.3-V LVTTL at AG4 File: C:/final/project-group-63-thursday/rtl/project.sv Line: 41
    Info (169178): Pin SRAM_DATA_IO[3] uses I/O standard 3.3-V LVTTL at AH4 File: C:/final/project-group-63-thursday/rtl/project.sv Line: 41
    Info (169178): Pin SRAM_DATA_IO[4] uses I/O standard 3.3-V LVTTL at AF6 File: C:/final/project-group-63-thursday/rtl/project.sv Line: 41
    Info (169178): Pin SRAM_DATA_IO[5] uses I/O standard 3.3-V LVTTL at AG6 File: C:/final/project-group-63-thursday/rtl/project.sv Line: 41
    Info (169178): Pin SRAM_DATA_IO[6] uses I/O standard 3.3-V LVTTL at AH6 File: C:/final/project-group-63-thursday/rtl/project.sv Line: 41
    Info (169178): Pin SRAM_DATA_IO[7] uses I/O standard 3.3-V LVTTL at AF7 File: C:/final/project-group-63-thursday/rtl/project.sv Line: 41
    Info (169178): Pin SRAM_DATA_IO[8] uses I/O standard 3.3-V LVTTL at AD1 File: C:/final/project-group-63-thursday/rtl/project.sv Line: 41
    Info (169178): Pin SRAM_DATA_IO[9] uses I/O standard 3.3-V LVTTL at AD2 File: C:/final/project-group-63-thursday/rtl/project.sv Line: 41
    Info (169178): Pin SRAM_DATA_IO[10] uses I/O standard 3.3-V LVTTL at AE2 File: C:/final/project-group-63-thursday/rtl/project.sv Line: 41
    Info (169178): Pin SRAM_DATA_IO[11] uses I/O standard 3.3-V LVTTL at AE1 File: C:/final/project-group-63-thursday/rtl/project.sv Line: 41
    Info (169178): Pin SRAM_DATA_IO[12] uses I/O standard 3.3-V LVTTL at AE3 File: C:/final/project-group-63-thursday/rtl/project.sv Line: 41
    Info (169178): Pin SRAM_DATA_IO[13] uses I/O standard 3.3-V LVTTL at AE4 File: C:/final/project-group-63-thursday/rtl/project.sv Line: 41
    Info (169178): Pin SRAM_DATA_IO[14] uses I/O standard 3.3-V LVTTL at AF3 File: C:/final/project-group-63-thursday/rtl/project.sv Line: 41
    Info (169178): Pin SRAM_DATA_IO[15] uses I/O standard 3.3-V LVTTL at AG3 File: C:/final/project-group-63-thursday/rtl/project.sv Line: 41
    Info (169178): Pin CLOCK_50_I uses I/O standard 2.5 V at Y2 File: C:/final/project-group-63-thursday/rtl/project.sv Line: 20
    Info (169178): Pin UART_RX_I uses I/O standard 3.3-V LVTTL at G12 File: C:/final/project-group-63-thursday/rtl/project.sv Line: 50
Info (144001): Generated suppressed messages file C:/final/project-group-63-thursday/syn/output_files/project.fit.smsg
Info: Quartus Prime Fitter was successful. 0 errors, 3 warnings
    Info: Peak virtual memory: 6419 megabytes
    Info: Processing ended: Thu Aug 13 01:43:21 2026
    Info: Elapsed time: 00:00:23
    Info: Total CPU time (on all processors): 00:00:45


+----------------------------+
; Fitter Suppressed Messages ;
+----------------------------+
The suppressed messages can be found in C:/final/project-group-63-thursday/syn/output_files/project.fit.smsg.


