Analysis & Synthesis report for project
Thu Aug 13 01:42:57 2026
Quartus Prime Version 19.1.0 Build 670 09/22/2019 SJ Lite Edition


---------------------
; Table of Contents ;
---------------------
  1. Legal Notice
  2. Analysis & Synthesis Summary
  3. Analysis & Synthesis Settings
  4. Parallel Compilation
  5. Analysis & Synthesis Source Files Read
  6. Analysis & Synthesis Resource Usage Summary
  7. Analysis & Synthesis Resource Utilization by Entity
  8. Analysis & Synthesis RAM Summary
  9. Analysis & Synthesis DSP Block Usage Summary
 10. State Machine - |project|top_state
 11. State Machine - |project|Milestone3:M3_unit|flag_8
 12. State Machine - |project|Milestone3:M3_unit|flag_2
 13. State Machine - |project|Milestone3:M3_unit|flag
 14. State Machine - |project|Milestone3:M3_unit|M3_state
 15. State Machine - |project|Milestone2:M2_unit|M2_state_3
 16. State Machine - |project|Milestone2:M2_unit|M2_state_2
 17. State Machine - |project|Milestone2:M2_unit|M2_state_1
 18. State Machine - |project|Milestone2:M2_unit|M2_state
 19. State Machine - |project|Milestone2:M2_unit|state
 20. State Machine - |project|Milestone1:M1_unit|M1_state
 21. State Machine - |project|UART_SRAM_interface:UART_unit|UART_SRAM_state
 22. State Machine - |project|UART_SRAM_interface:UART_unit|UART_receive_controller:UART_RX|RXC_state
 23. State Machine - |project|VGA_SRAM_interface:VGA_unit|VGA_SRAM_state
 24. Registers Removed During Synthesis
 25. Removed Registers Triggering Further Register Optimizations
 26. General Register Statistics
 27. Inverted Register Statistics
 28. Multiplexer Restructuring Statistics (Restructuring Performed)
 29. Source assignments for Milestone2:M2_unit|dual_port_s:RAM_inst0|altsyncram:altsyncram_component|altsyncram_3vk2:auto_generated
 30. Source assignments for Milestone2:M2_unit|dual_port_C:RAM_inst1|altsyncram:altsyncram_component|altsyncram_abk2:auto_generated
 31. Source assignments for Milestone2:M2_unit|dual_port_T:RAM_inst2|altsyncram:altsyncram_component|altsyncram_rbk2:auto_generated
 32. Source assignments for Milestone2:M2_unit|dual_port_Cs:RAM_inst3|altsyncram:altsyncram_component|altsyncram_tek2:auto_generated
 33. Parameter Settings for User Entity Instance: VGA_SRAM_interface:VGA_unit|VGA_controller:VGA_unit
 34. Parameter Settings for User Entity Instance: SRAM_controller:SRAM_unit|Clock_100_PLL:Clock_100_PLL_inst|altpll:altpll_component
 35. Parameter Settings for User Entity Instance: Milestone2:M2_unit
 36. Parameter Settings for User Entity Instance: Milestone2:M2_unit|dual_port_s:RAM_inst0|altsyncram:altsyncram_component
 37. Parameter Settings for User Entity Instance: Milestone2:M2_unit|dual_port_C:RAM_inst1|altsyncram:altsyncram_component
 38. Parameter Settings for User Entity Instance: Milestone2:M2_unit|dual_port_T:RAM_inst2|altsyncram:altsyncram_component
 39. Parameter Settings for User Entity Instance: Milestone2:M2_unit|dual_port_Cs:RAM_inst3|altsyncram:altsyncram_component
 40. Parameter Settings for User Entity Instance: Milestone3:M3_unit
 41. Parameter Settings for Inferred Entity Instance: Milestone1:M1_unit|lpm_mult:Mult2
 42. Parameter Settings for Inferred Entity Instance: Milestone1:M1_unit|lpm_mult:Mult0
 43. Parameter Settings for Inferred Entity Instance: Milestone1:M1_unit|lpm_mult:Mult1
 44. Parameter Settings for Inferred Entity Instance: Milestone1:M1_unit|lpm_mult:Mult3
 45. Parameter Settings for Inferred Entity Instance: Milestone2:M2_unit|lpm_mult:Mult0
 46. Parameter Settings for Inferred Entity Instance: Milestone2:M2_unit|lpm_mult:Mult1
 47. Parameter Settings for Inferred Entity Instance: Milestone2:M2_unit|lpm_mult:Mult2
 48. altpll Parameter Settings by Entity Instance
 49. altsyncram Parameter Settings by Entity Instance
 50. lpm_mult Parameter Settings by Entity Instance
 51. Port Connectivity Checks: "convert_hex_to_seven_segment:unit3"
 52. Port Connectivity Checks: "Milestone2:M2_unit|dual_port_Cs:RAM_inst3"
 53. Port Connectivity Checks: "Milestone2:M2_unit|dual_port_T:RAM_inst2"
 54. Port Connectivity Checks: "Milestone2:M2_unit|dual_port_C:RAM_inst1"
 55. Port Connectivity Checks: "Milestone2:M2_unit|dual_port_s:RAM_inst0"
 56. Port Connectivity Checks: "UART_SRAM_interface:UART_unit|UART_receive_controller:UART_RX"
 57. Port Connectivity Checks: "VGA_SRAM_interface:VGA_unit"
 58. Post-Synthesis Netlist Statistics for Top Partition
 59. Elapsed Time Per Partition
 60. Analysis & Synthesis Messages



----------------
; Legal Notice ;
----------------
Copyright (C) 2019  Intel Corporation. All rights reserved.
Your use of Intel Corporation's design tools, logic functions 
and other software and tools, and any partner logic 
functions, and any output files from any of the foregoing 
(including device programming or simulation files), and any 
associated documentation or information are expressly subject 
to the terms and conditions of the Intel Program License 
Subscription Agreement, the Intel Quartus Prime License Agreement,
the Intel FPGA IP License Agreement, or other applicable license
agreement, including, without limitation, that your use is for
the sole purpose of programming logic devices manufactured by
Intel and sold by Intel or its authorized distributors.  Please
refer to the applicable agreement for further details, at
https://fpgasoftware.intel.com/eula.



+----------------------------------------------------------------------------------+
; Analysis & Synthesis Summary                                                     ;
+------------------------------------+---------------------------------------------+
; Analysis & Synthesis Status        ; Successful - Thu Aug 13 01:42:57 2026       ;
; Quartus Prime Version              ; 19.1.0 Build 670 09/22/2019 SJ Lite Edition ;
; Revision Name                      ; project                                     ;
; Top-level Entity Name              ; project                                     ;
; Family                             ; Cyclone IV E                                ;
; Total logic elements               ; 6,386                                       ;
;     Total combinational functions  ; 5,762                                       ;
;     Dedicated logic registers      ; 2,414                                       ;
; Total registers                    ; 2414                                        ;
; Total pins                         ; 160                                         ;
; Total virtual pins                 ; 0                                           ;
; Total memory bits                  ; 32,256                                      ;
; Embedded Multiplier 9-bit elements ; 34                                          ;
; Total PLLs                         ; 1                                           ;
+------------------------------------+---------------------------------------------+


+------------------------------------------------------------------------------------------------------------+
; Analysis & Synthesis Settings                                                                              ;
+------------------------------------------------------------------+--------------------+--------------------+
; Option                                                           ; Setting            ; Default Value      ;
+------------------------------------------------------------------+--------------------+--------------------+
; Device                                                           ; EP4CE115F29C7      ;                    ;
; Top-level entity name                                            ; project            ; project            ;
; Family name                                                      ; Cyclone IV E       ; Cyclone V          ;
; Maximum processors allowed for parallel compilation              ; All                ;                    ;
; State Machine Processing                                         ; Minimal Bits       ; Auto               ;
; Use smart compilation                                            ; Off                ; Off                ;
; Enable parallel Assembler and Timing Analyzer during compilation ; On                 ; On                 ;
; Enable compact report table                                      ; Off                ; Off                ;
; Restructure Multiplexers                                         ; Auto               ; Auto               ;
; Create Debugging Nodes for IP Cores                              ; Off                ; Off                ;
; Preserve fewer node names                                        ; On                 ; On                 ;
; Intel FPGA IP Evaluation Mode                                    ; Enable             ; Enable             ;
; Verilog Version                                                  ; Verilog_2001       ; Verilog_2001       ;
; VHDL Version                                                     ; VHDL_1993          ; VHDL_1993          ;
; Safe State Machine                                               ; Off                ; Off                ;
; Extract Verilog State Machines                                   ; On                 ; On                 ;
; Extract VHDL State Machines                                      ; On                 ; On                 ;
; Ignore Verilog initial constructs                                ; Off                ; Off                ;
; Iteration limit for constant Verilog loops                       ; 5000               ; 5000               ;
; Iteration limit for non-constant Verilog loops                   ; 250                ; 250                ;
; Add Pass-Through Logic to Inferred RAMs                          ; On                 ; On                 ;
; Infer RAMs from Raw Logic                                        ; On                 ; On                 ;
; Parallel Synthesis                                               ; On                 ; On                 ;
; DSP Block Balancing                                              ; Auto               ; Auto               ;
; NOT Gate Push-Back                                               ; On                 ; On                 ;
; Power-Up Don't Care                                              ; On                 ; On                 ;
; Remove Redundant Logic Cells                                     ; Off                ; Off                ;
; Remove Duplicate Registers                                       ; On                 ; On                 ;
; Ignore CARRY Buffers                                             ; Off                ; Off                ;
; Ignore CASCADE Buffers                                           ; Off                ; Off                ;
; Ignore GLOBAL Buffers                                            ; Off                ; Off                ;
; Ignore ROW GLOBAL Buffers                                        ; Off                ; Off                ;
; Ignore LCELL Buffers                                             ; Off                ; Off                ;
; Ignore SOFT Buffers                                              ; On                 ; On                 ;
; Limit AHDL Integers to 32 Bits                                   ; Off                ; Off                ;
; Optimization Technique                                           ; Balanced           ; Balanced           ;
; Carry Chain Length                                               ; 70                 ; 70                 ;
; Auto Carry Chains                                                ; On                 ; On                 ;
; Auto Open-Drain Pins                                             ; On                 ; On                 ;
; Perform WYSIWYG Primitive Resynthesis                            ; Off                ; Off                ;
; Auto ROM Replacement                                             ; On                 ; On                 ;
; Auto RAM Replacement                                             ; On                 ; On                 ;
; Auto DSP Block Replacement                                       ; On                 ; On                 ;
; Auto Shift Register Replacement                                  ; Auto               ; Auto               ;
; Allow Shift Register Merging across Hierarchies                  ; Auto               ; Auto               ;
; Auto Clock Enable Replacement                                    ; On                 ; On                 ;
; Strict RAM Replacement                                           ; Off                ; Off                ;
; Allow Synchronous Control Signals                                ; On                 ; On                 ;
; Force Use of Synchronous Clear Signals                           ; Off                ; Off                ;
; Auto RAM Block Balancing                                         ; On                 ; On                 ;
; Auto RAM to Logic Cell Conversion                                ; Off                ; Off                ;
; Auto Resource Sharing                                            ; Off                ; Off                ;
; Allow Any RAM Size For Recognition                               ; Off                ; Off                ;
; Allow Any ROM Size For Recognition                               ; Off                ; Off                ;
; Allow Any Shift Register Size For Recognition                    ; Off                ; Off                ;
; Use LogicLock Constraints during Resource Balancing              ; On                 ; On                 ;
; Ignore translate_off and synthesis_off directives                ; Off                ; Off                ;
; Timing-Driven Synthesis                                          ; On                 ; On                 ;
; Report Parameter Settings                                        ; On                 ; On                 ;
; Report Source Assignments                                        ; On                 ; On                 ;
; Report Connectivity Checks                                       ; On                 ; On                 ;
; Ignore Maximum Fan-Out Assignments                               ; Off                ; Off                ;
; Synchronization Register Chain Length                            ; 2                  ; 2                  ;
; Power Optimization During Synthesis                              ; Normal compilation ; Normal compilation ;
; HDL message level                                                ; Level2             ; Level2             ;
; Suppress Register Optimization Related Messages                  ; Off                ; Off                ;
; Number of Removed Registers Reported in Synthesis Report         ; 5000               ; 5000               ;
; Number of Swept Nodes Reported in Synthesis Report               ; 5000               ; 5000               ;
; Number of Inverted Registers Reported in Synthesis Report        ; 100                ; 100                ;
; Clock MUX Protection                                             ; On                 ; On                 ;
; Auto Gated Clock Conversion                                      ; Off                ; Off                ;
; Block Design Naming                                              ; Auto               ; Auto               ;
; SDC constraint protection                                        ; Off                ; Off                ;
; Synthesis Effort                                                 ; Auto               ; Auto               ;
; Shift Register Replacement - Allow Asynchronous Clear Signal     ; On                 ; On                 ;
; Pre-Mapping Resynthesis Optimization                             ; Off                ; Off                ;
; Analysis & Synthesis Message Level                               ; Medium             ; Medium             ;
; Disable Register Merging Across Hierarchies                      ; Auto               ; Auto               ;
; Resource Aware Inference For Block RAM                           ; On                 ; On                 ;
+------------------------------------------------------------------+--------------------+--------------------+


+------------------------------------------+
; Parallel Compilation                     ;
+----------------------------+-------------+
; Processors                 ; Number      ;
+----------------------------+-------------+
; Number detected on machine ; 16          ;
; Maximum allowed            ; 12          ;
;                            ;             ;
; Average used               ; 1.00        ;
; Maximum used               ; 12          ;
;                            ;             ;
; Usage by Processor         ; % Time Used ;
;     Processor 1            ; 100.0%      ;
;     Processor 2            ;   0.1%      ;
;     Processor 3            ;   0.0%      ;
;     Processor 4            ;   0.0%      ;
;     Processor 5            ;   0.0%      ;
;     Processor 6            ;   0.0%      ;
;     Processor 7            ;   0.0%      ;
;     Processor 8            ;   0.0%      ;
;     Processors 9-12        ;   0.0%      ;
+----------------------------+-------------+


+----------------------------------------------------------------------------------------------------------------------------------------------------------------------------------------------------------+
; Analysis & Synthesis Source Files Read                                                                                                                                                                   ;
+------------------------------------------------------+-----------------+----------------------------------------+------------------------------------------------------------------------------+---------+
; File Name with User-Entered Path                     ; Used in Netlist ; File Type                              ; File Name with Absolute Path                                                 ; Library ;
+------------------------------------------------------+-----------------+----------------------------------------+------------------------------------------------------------------------------+---------+
; ../rtl/dual_port_C.v                                 ; yes             ; User Verilog HDL File                  ; C:/final/project-group-63-thursday/rtl/dual_port_C.v                         ;         ;
; ../rtl/dual_port_s.v                                 ; yes             ; User Verilog HDL File                  ; C:/final/project-group-63-thursday/rtl/dual_port_s.v                         ;         ;
; ../rtl/dual_port_T.v                                 ; yes             ; User Verilog HDL File                  ; C:/final/project-group-63-thursday/rtl/dual_port_T.v                         ;         ;
; ../rtl/Clock_100_PLL.v                               ; yes             ; User Wizard-Generated File             ; C:/final/project-group-63-thursday/rtl/Clock_100_PLL.v                       ;         ;
; ../rtl/convert_hex_to_seven_segment.sv               ; yes             ; User SystemVerilog HDL File            ; C:/final/project-group-63-thursday/rtl/convert_hex_to_seven_segment.sv       ;         ;
; ../rtl/project.sv                                    ; yes             ; User SystemVerilog HDL File            ; C:/final/project-group-63-thursday/rtl/project.sv                            ;         ;
; ../rtl/UART_receive_controller.sv                    ; yes             ; User SystemVerilog HDL File            ; C:/final/project-group-63-thursday/rtl/UART_receive_controller.sv            ;         ;
; ../rtl/SRAM_controller.sv                            ; yes             ; User SystemVerilog HDL File            ; C:/final/project-group-63-thursday/rtl/SRAM_controller.sv                    ;         ;
; ../rtl/VGA_controller.sv                             ; yes             ; User SystemVerilog HDL File            ; C:/final/project-group-63-thursday/rtl/VGA_controller.sv                     ;         ;
; ../rtl/PB_controller.sv                              ; yes             ; User SystemVerilog HDL File            ; C:/final/project-group-63-thursday/rtl/PB_controller.sv                      ;         ;
; ../rtl/UART_SRAM_interface.sv                        ; yes             ; User SystemVerilog HDL File            ; C:/final/project-group-63-thursday/rtl/UART_SRAM_interface.sv                ;         ;
; ../rtl/VGA_SRAM_interface.sv                         ; yes             ; User SystemVerilog HDL File            ; C:/final/project-group-63-thursday/rtl/VGA_SRAM_interface.sv                 ;         ;
; ../rtl/Milestone1.sv                                 ; yes             ; User SystemVerilog HDL File            ; C:/final/project-group-63-thursday/rtl/Milestone1.sv                         ;         ;
; ../rtl/Milestone2.sv                                 ; yes             ; User SystemVerilog HDL File            ; C:/final/project-group-63-thursday/rtl/Milestone2.sv                         ;         ;
; ../rtl/dual_port_Cs.v                                ; yes             ; User Verilog HDL File                  ; C:/final/project-group-63-thursday/rtl/dual_port_Cs.v                        ;         ;
; ../rtl/Milestone3.sv                                 ; yes             ; User SystemVerilog HDL File            ; C:/final/project-group-63-thursday/rtl/Milestone3.sv                         ;         ;
; /final/project-group-63-thursday/rtl/define_state.h  ; yes             ; Auto-Found File                        ; /final/project-group-63-thursday/rtl/define_state.h                          ;         ;
; /final/project-group-63-thursday/rtl/vga_param.h     ; yes             ; Auto-Found File                        ; /final/project-group-63-thursday/rtl/vga_param.h                             ;         ;
; altpll.tdf                                           ; yes             ; Megafunction                           ; c:/intelfpga_lite/19.1/quartus/libraries/megafunctions/altpll.tdf            ;         ;
; aglobal191.inc                                       ; yes             ; Megafunction                           ; c:/intelfpga_lite/19.1/quartus/libraries/megafunctions/aglobal191.inc        ;         ;
; stratix_pll.inc                                      ; yes             ; Megafunction                           ; c:/intelfpga_lite/19.1/quartus/libraries/megafunctions/stratix_pll.inc       ;         ;
; stratixii_pll.inc                                    ; yes             ; Megafunction                           ; c:/intelfpga_lite/19.1/quartus/libraries/megafunctions/stratixii_pll.inc     ;         ;
; cycloneii_pll.inc                                    ; yes             ; Megafunction                           ; c:/intelfpga_lite/19.1/quartus/libraries/megafunctions/cycloneii_pll.inc     ;         ;
; db/clock_100_pll_altpll.v                            ; yes             ; Auto-Generated Megafunction            ; C:/final/project-group-63-thursday/syn/db/clock_100_pll_altpll.v             ;         ;
; altsyncram.tdf                                       ; yes             ; Megafunction                           ; c:/intelfpga_lite/19.1/quartus/libraries/megafunctions/altsyncram.tdf        ;         ;
; stratix_ram_block.inc                                ; yes             ; Megafunction                           ; c:/intelfpga_lite/19.1/quartus/libraries/megafunctions/stratix_ram_block.inc ;         ;
; lpm_mux.inc                                          ; yes             ; Megafunction                           ; c:/intelfpga_lite/19.1/quartus/libraries/megafunctions/lpm_mux.inc           ;         ;
; lpm_decode.inc                                       ; yes             ; Megafunction                           ; c:/intelfpga_lite/19.1/quartus/libraries/megafunctions/lpm_decode.inc        ;         ;
; a_rdenreg.inc                                        ; yes             ; Megafunction                           ; c:/intelfpga_lite/19.1/quartus/libraries/megafunctions/a_rdenreg.inc         ;         ;
; altrom.inc                                           ; yes             ; Megafunction                           ; c:/intelfpga_lite/19.1/quartus/libraries/megafunctions/altrom.inc            ;         ;
; altram.inc                                           ; yes             ; Megafunction                           ; c:/intelfpga_lite/19.1/quartus/libraries/megafunctions/altram.inc            ;         ;
; altdpram.inc                                         ; yes             ; Megafunction                           ; c:/intelfpga_lite/19.1/quartus/libraries/megafunctions/altdpram.inc          ;         ;
; db/altsyncram_3vk2.tdf                               ; yes             ; Auto-Generated Megafunction            ; C:/final/project-group-63-thursday/syn/db/altsyncram_3vk2.tdf                ;         ;
; /final/project-group-63-thursday/rtl/ram_fetch_s.mif ; yes             ; Auto-Found Memory Initialization File  ; /final/project-group-63-thursday/rtl/ram_fetch_s.mif                         ;         ;
; db/altsyncram_abk2.tdf                               ; yes             ; Auto-Generated Megafunction            ; C:/final/project-group-63-thursday/syn/db/altsyncram_abk2.tdf                ;         ;
; /final/project-group-63-thursday/rtl/ram_c.mif       ; yes             ; Auto-Found Memory Initialization File  ; /final/project-group-63-thursday/rtl/ram_c.mif                               ;         ;
; db/altsyncram_rbk2.tdf                               ; yes             ; Auto-Generated Megafunction            ; C:/final/project-group-63-thursday/syn/db/altsyncram_rbk2.tdf                ;         ;
; /final/project-group-63-thursday/rtl/ram_t.mif       ; yes             ; Auto-Found Memory Initialization File  ; /final/project-group-63-thursday/rtl/ram_t.mif                               ;         ;
; db/altsyncram_tek2.tdf                               ; yes             ; Auto-Generated Megafunction            ; C:/final/project-group-63-thursday/syn/db/altsyncram_tek2.tdf                ;         ;
; /final/project-group-63-thursday/rtl/ram_cs.mif      ; yes             ; Auto-Found Memory Initialization File  ; /final/project-group-63-thursday/rtl/ram_cs.mif                              ;         ;
; lpm_mult.tdf                                         ; yes             ; Megafunction                           ; c:/intelfpga_lite/19.1/quartus/libraries/megafunctions/lpm_mult.tdf          ;         ;
; lpm_add_sub.inc                                      ; yes             ; Megafunction                           ; c:/intelfpga_lite/19.1/quartus/libraries/megafunctions/lpm_add_sub.inc       ;         ;
; multcore.inc                                         ; yes             ; Megafunction                           ; c:/intelfpga_lite/19.1/quartus/libraries/megafunctions/multcore.inc          ;         ;
; bypassff.inc                                         ; yes             ; Megafunction                           ; c:/intelfpga_lite/19.1/quartus/libraries/megafunctions/bypassff.inc          ;         ;
; altshift.inc                                         ; yes             ; Megafunction                           ; c:/intelfpga_lite/19.1/quartus/libraries/megafunctions/altshift.inc          ;         ;
; db/mult_ddt.tdf                                      ; yes             ; Auto-Generated Megafunction            ; C:/final/project-group-63-thursday/syn/db/mult_ddt.tdf                       ;         ;
; db/mult_bdt.tdf                                      ; yes             ; Auto-Generated Megafunction            ; C:/final/project-group-63-thursday/syn/db/mult_bdt.tdf                       ;         ;
; db/mult_9dt.tdf                                      ; yes             ; Auto-Generated Megafunction            ; C:/final/project-group-63-thursday/syn/db/mult_9dt.tdf                       ;         ;
; db/mult_7dt.tdf                                      ; yes             ; Auto-Generated Megafunction            ; C:/final/project-group-63-thursday/syn/db/mult_7dt.tdf                       ;         ;
+------------------------------------------------------+-----------------+----------------------------------------+------------------------------------------------------------------------------+---------+


+----------------------------------------------------------------+
; Analysis & Synthesis Resource Usage Summary                    ;
+---------------------------------------------+------------------+
; Resource                                    ; Usage            ;
+---------------------------------------------+------------------+
; Estimated Total logic elements              ; 6,386            ;
;                                             ;                  ;
; Total combinational functions               ; 5762             ;
; Logic element usage by number of LUT inputs ;                  ;
;     -- 4 input functions                    ; 2367             ;
;     -- 3 input functions                    ; 2281             ;
;     -- <=2 input functions                  ; 1114             ;
;                                             ;                  ;
; Logic elements by mode                      ;                  ;
;     -- normal mode                          ; 3764             ;
;     -- arithmetic mode                      ; 1998             ;
;                                             ;                  ;
; Total registers                             ; 2414             ;
;     -- Dedicated logic registers            ; 2414             ;
;     -- I/O registers                        ; 0                ;
;                                             ;                  ;
; I/O pins                                    ; 160              ;
; Total memory bits                           ; 32256            ;
;                                             ;                  ;
; Embedded Multiplier 9-bit elements          ; 34               ;
;                                             ;                  ;
; Total PLLs                                  ; 1                ;
;     -- PLLs                                 ; 1                ;
;                                             ;                  ;
; Maximum fan-out node                        ; CLOCK_50_I~input ;
; Maximum fan-out                             ; 2540             ;
; Total fan-out                               ; 31611            ;
; Average fan-out                             ; 3.64             ;
+---------------------------------------------+------------------+


+--------------------------------------------------------------------------------------------------------------------------------------------------------------------------------------------------------------------------------------------------------------------------------------------------------------------------------------------------------------+
; Analysis & Synthesis Resource Utilization by Entity                                                                                                                                                                                                                                                                                                          ;
+---------------------------------------------------+---------------------+---------------------------+-------------+--------------+---------+-----------+------+--------------+---------------------------------------------------------------------------------------------------------------------------------+------------------------------+--------------+
; Compilation Hierarchy Node                        ; Combinational ALUTs ; Dedicated Logic Registers ; Memory Bits ; DSP Elements ; DSP 9x9 ; DSP 18x18 ; Pins ; Virtual Pins ; Full Hierarchy Name                                                                                                             ; Entity Name                  ; Library Name ;
+---------------------------------------------------+---------------------+---------------------------+-------------+--------------+---------+-----------+------+--------------+---------------------------------------------------------------------------------------------------------------------------------+------------------------------+--------------+
; |project                                          ; 5762 (213)          ; 2414 (35)                 ; 32256       ; 34           ; 0       ; 17        ; 160  ; 0            ; |project                                                                                                                        ; project                      ; work         ;
;    |Milestone1:M1_unit|                           ; 2031 (1975)         ; 757 (757)                 ; 0           ; 16           ; 0       ; 8         ; 0    ; 0            ; |project|Milestone1:M1_unit                                                                                                     ; Milestone1                   ; work         ;
;       |lpm_mult:Mult0|                            ; 14 (0)              ; 0 (0)                     ; 0           ; 4            ; 0       ; 2         ; 0    ; 0            ; |project|Milestone1:M1_unit|lpm_mult:Mult0                                                                                      ; lpm_mult                     ; work         ;
;          |mult_ddt:auto_generated|                ; 14 (14)             ; 0 (0)                     ; 0           ; 4            ; 0       ; 2         ; 0    ; 0            ; |project|Milestone1:M1_unit|lpm_mult:Mult0|mult_ddt:auto_generated                                                              ; mult_ddt                     ; work         ;
;       |lpm_mult:Mult1|                            ; 14 (0)              ; 0 (0)                     ; 0           ; 4            ; 0       ; 2         ; 0    ; 0            ; |project|Milestone1:M1_unit|lpm_mult:Mult1                                                                                      ; lpm_mult                     ; work         ;
;          |mult_bdt:auto_generated|                ; 14 (14)             ; 0 (0)                     ; 0           ; 4            ; 0       ; 2         ; 0    ; 0            ; |project|Milestone1:M1_unit|lpm_mult:Mult1|mult_bdt:auto_generated                                                              ; mult_bdt                     ; work         ;
;       |lpm_mult:Mult2|                            ; 14 (0)              ; 0 (0)                     ; 0           ; 4            ; 0       ; 2         ; 0    ; 0            ; |project|Milestone1:M1_unit|lpm_mult:Mult2                                                                                      ; lpm_mult                     ; work         ;
;          |mult_ddt:auto_generated|                ; 14 (14)             ; 0 (0)                     ; 0           ; 4            ; 0       ; 2         ; 0    ; 0            ; |project|Milestone1:M1_unit|lpm_mult:Mult2|mult_ddt:auto_generated                                                              ; mult_ddt                     ; work         ;
;       |lpm_mult:Mult3|                            ; 14 (0)              ; 0 (0)                     ; 0           ; 4            ; 0       ; 2         ; 0    ; 0            ; |project|Milestone1:M1_unit|lpm_mult:Mult3                                                                                      ; lpm_mult                     ; work         ;
;          |mult_9dt:auto_generated|                ; 14 (14)             ; 0 (0)                     ; 0           ; 4            ; 0       ; 2         ; 0    ; 0            ; |project|Milestone1:M1_unit|lpm_mult:Mult3|mult_9dt:auto_generated                                                              ; mult_9dt                     ; work         ;
;    |Milestone2:M2_unit|                           ; 2187 (2103)         ; 1093 (1093)               ; 32256       ; 18           ; 0       ; 9         ; 0    ; 0            ; |project|Milestone2:M2_unit                                                                                                     ; Milestone2                   ; work         ;
;       |dual_port_C:RAM_inst1|                     ; 0 (0)               ; 0 (0)                     ; 7680        ; 0            ; 0       ; 0         ; 0    ; 0            ; |project|Milestone2:M2_unit|dual_port_C:RAM_inst1                                                                               ; dual_port_C                  ; work         ;
;          |altsyncram:altsyncram_component|        ; 0 (0)               ; 0 (0)                     ; 7680        ; 0            ; 0       ; 0         ; 0    ; 0            ; |project|Milestone2:M2_unit|dual_port_C:RAM_inst1|altsyncram:altsyncram_component                                               ; altsyncram                   ; work         ;
;             |altsyncram_abk2:auto_generated|      ; 0 (0)               ; 0 (0)                     ; 7680        ; 0            ; 0       ; 0         ; 0    ; 0            ; |project|Milestone2:M2_unit|dual_port_C:RAM_inst1|altsyncram:altsyncram_component|altsyncram_abk2:auto_generated                ; altsyncram_abk2              ; work         ;
;       |dual_port_Cs:RAM_inst3|                    ; 0 (0)               ; 0 (0)                     ; 8192        ; 0            ; 0       ; 0         ; 0    ; 0            ; |project|Milestone2:M2_unit|dual_port_Cs:RAM_inst3                                                                              ; dual_port_Cs                 ; work         ;
;          |altsyncram:altsyncram_component|        ; 0 (0)               ; 0 (0)                     ; 8192        ; 0            ; 0       ; 0         ; 0    ; 0            ; |project|Milestone2:M2_unit|dual_port_Cs:RAM_inst3|altsyncram:altsyncram_component                                              ; altsyncram                   ; work         ;
;             |altsyncram_tek2:auto_generated|      ; 0 (0)               ; 0 (0)                     ; 8192        ; 0            ; 0       ; 0         ; 0    ; 0            ; |project|Milestone2:M2_unit|dual_port_Cs:RAM_inst3|altsyncram:altsyncram_component|altsyncram_tek2:auto_generated               ; altsyncram_tek2              ; work         ;
;       |dual_port_T:RAM_inst2|                     ; 0 (0)               ; 0 (0)                     ; 8192        ; 0            ; 0       ; 0         ; 0    ; 0            ; |project|Milestone2:M2_unit|dual_port_T:RAM_inst2                                                                               ; dual_port_T                  ; work         ;
;          |altsyncram:altsyncram_component|        ; 0 (0)               ; 0 (0)                     ; 8192        ; 0            ; 0       ; 0         ; 0    ; 0            ; |project|Milestone2:M2_unit|dual_port_T:RAM_inst2|altsyncram:altsyncram_component                                               ; altsyncram                   ; work         ;
;             |altsyncram_rbk2:auto_generated|      ; 0 (0)               ; 0 (0)                     ; 8192        ; 0            ; 0       ; 0         ; 0    ; 0            ; |project|Milestone2:M2_unit|dual_port_T:RAM_inst2|altsyncram:altsyncram_component|altsyncram_rbk2:auto_generated                ; altsyncram_rbk2              ; work         ;
;       |dual_port_s:RAM_inst0|                     ; 0 (0)               ; 0 (0)                     ; 8192        ; 0            ; 0       ; 0         ; 0    ; 0            ; |project|Milestone2:M2_unit|dual_port_s:RAM_inst0                                                                               ; dual_port_s                  ; work         ;
;          |altsyncram:altsyncram_component|        ; 0 (0)               ; 0 (0)                     ; 8192        ; 0            ; 0       ; 0         ; 0    ; 0            ; |project|Milestone2:M2_unit|dual_port_s:RAM_inst0|altsyncram:altsyncram_component                                               ; altsyncram                   ; work         ;
;             |altsyncram_3vk2:auto_generated|      ; 0 (0)               ; 0 (0)                     ; 8192        ; 0            ; 0       ; 0         ; 0    ; 0            ; |project|Milestone2:M2_unit|dual_port_s:RAM_inst0|altsyncram:altsyncram_component|altsyncram_3vk2:auto_generated                ; altsyncram_3vk2              ; work         ;
;       |lpm_mult:Mult0|                            ; 28 (0)              ; 0 (0)                     ; 0           ; 6            ; 0       ; 3         ; 0    ; 0            ; |project|Milestone2:M2_unit|lpm_mult:Mult0                                                                                      ; lpm_mult                     ; work         ;
;          |mult_7dt:auto_generated|                ; 28 (28)             ; 0 (0)                     ; 0           ; 6            ; 0       ; 3         ; 0    ; 0            ; |project|Milestone2:M2_unit|lpm_mult:Mult0|mult_7dt:auto_generated                                                              ; mult_7dt                     ; work         ;
;       |lpm_mult:Mult1|                            ; 28 (0)              ; 0 (0)                     ; 0           ; 6            ; 0       ; 3         ; 0    ; 0            ; |project|Milestone2:M2_unit|lpm_mult:Mult1                                                                                      ; lpm_mult                     ; work         ;
;          |mult_7dt:auto_generated|                ; 28 (28)             ; 0 (0)                     ; 0           ; 6            ; 0       ; 3         ; 0    ; 0            ; |project|Milestone2:M2_unit|lpm_mult:Mult1|mult_7dt:auto_generated                                                              ; mult_7dt                     ; work         ;
;       |lpm_mult:Mult2|                            ; 28 (0)              ; 0 (0)                     ; 0           ; 6            ; 0       ; 3         ; 0    ; 0            ; |project|Milestone2:M2_unit|lpm_mult:Mult2                                                                                      ; lpm_mult                     ; work         ;
;          |mult_7dt:auto_generated|                ; 28 (28)             ; 0 (0)                     ; 0           ; 6            ; 0       ; 3         ; 0    ; 0            ; |project|Milestone2:M2_unit|lpm_mult:Mult2|mult_7dt:auto_generated                                                              ; mult_7dt                     ; work         ;
;    |Milestone3:M3_unit|                           ; 883 (883)           ; 192 (192)                 ; 0           ; 0            ; 0       ; 0         ; 0    ; 0            ; |project|Milestone3:M3_unit                                                                                                     ; Milestone3                   ; work         ;
;    |PB_controller:PB_unit|                        ; 47 (47)             ; 66 (66)                   ; 0           ; 0            ; 0       ; 0         ; 0    ; 0            ; |project|PB_controller:PB_unit                                                                                                  ; PB_controller                ; work         ;
;    |SRAM_controller:SRAM_unit|                    ; 7 (7)               ; 56 (55)                   ; 0           ; 0            ; 0       ; 0         ; 0    ; 0            ; |project|SRAM_controller:SRAM_unit                                                                                              ; SRAM_controller              ; work         ;
;       |Clock_100_PLL:Clock_100_PLL_inst|          ; 0 (0)               ; 1 (0)                     ; 0           ; 0            ; 0       ; 0         ; 0    ; 0            ; |project|SRAM_controller:SRAM_unit|Clock_100_PLL:Clock_100_PLL_inst                                                             ; Clock_100_PLL                ; work         ;
;          |altpll:altpll_component|                ; 0 (0)               ; 1 (0)                     ; 0           ; 0            ; 0       ; 0         ; 0    ; 0            ; |project|SRAM_controller:SRAM_unit|Clock_100_PLL:Clock_100_PLL_inst|altpll:altpll_component                                     ; altpll                       ; work         ;
;             |Clock_100_PLL_altpll:auto_generated| ; 0 (0)               ; 1 (1)                     ; 0           ; 0            ; 0       ; 0         ; 0    ; 0            ; |project|SRAM_controller:SRAM_unit|Clock_100_PLL:Clock_100_PLL_inst|altpll:altpll_component|Clock_100_PLL_altpll:auto_generated ; Clock_100_PLL_altpll         ; work         ;
;    |UART_SRAM_interface:UART_unit|                ; 115 (70)            ; 74 (40)                   ; 0           ; 0            ; 0       ; 0         ; 0    ; 0            ; |project|UART_SRAM_interface:UART_unit                                                                                          ; UART_SRAM_interface          ; work         ;
;       |UART_receive_controller:UART_RX|           ; 45 (45)             ; 34 (34)                   ; 0           ; 0            ; 0       ; 0         ; 0    ; 0            ; |project|UART_SRAM_interface:UART_unit|UART_receive_controller:UART_RX                                                          ; UART_receive_controller      ; work         ;
;    |VGA_SRAM_interface:VGA_unit|                  ; 227 (148)           ; 141 (95)                  ; 0           ; 0            ; 0       ; 0         ; 0    ; 0            ; |project|VGA_SRAM_interface:VGA_unit                                                                                            ; VGA_SRAM_interface           ; work         ;
;       |VGA_controller:VGA_unit|                   ; 79 (79)             ; 46 (46)                   ; 0           ; 0            ; 0       ; 0         ; 0    ; 0            ; |project|VGA_SRAM_interface:VGA_unit|VGA_controller:VGA_unit                                                                    ; VGA_controller               ; work         ;
;    |convert_hex_to_seven_segment:unit0|           ; 7 (7)               ; 0 (0)                     ; 0           ; 0            ; 0       ; 0         ; 0    ; 0            ; |project|convert_hex_to_seven_segment:unit0                                                                                     ; convert_hex_to_seven_segment ; work         ;
;    |convert_hex_to_seven_segment:unit1|           ; 7 (7)               ; 0 (0)                     ; 0           ; 0            ; 0       ; 0         ; 0    ; 0            ; |project|convert_hex_to_seven_segment:unit1                                                                                     ; convert_hex_to_seven_segment ; work         ;
;    |convert_hex_to_seven_segment:unit2|           ; 7 (7)               ; 0 (0)                     ; 0           ; 0            ; 0       ; 0         ; 0    ; 0            ; |project|convert_hex_to_seven_segment:unit2                                                                                     ; convert_hex_to_seven_segment ; work         ;
;    |convert_hex_to_seven_segment:unit3|           ; 3 (3)               ; 0 (0)                     ; 0           ; 0            ; 0       ; 0         ; 0    ; 0            ; |project|convert_hex_to_seven_segment:unit3                                                                                     ; convert_hex_to_seven_segment ; work         ;
;    |convert_hex_to_seven_segment:unit4|           ; 7 (7)               ; 0 (0)                     ; 0           ; 0            ; 0       ; 0         ; 0    ; 0            ; |project|convert_hex_to_seven_segment:unit4                                                                                     ; convert_hex_to_seven_segment ; work         ;
;    |convert_hex_to_seven_segment:unit5|           ; 7 (7)               ; 0 (0)                     ; 0           ; 0            ; 0       ; 0         ; 0    ; 0            ; |project|convert_hex_to_seven_segment:unit5                                                                                     ; convert_hex_to_seven_segment ; work         ;
;    |convert_hex_to_seven_segment:unit6|           ; 7 (7)               ; 0 (0)                     ; 0           ; 0            ; 0       ; 0         ; 0    ; 0            ; |project|convert_hex_to_seven_segment:unit6                                                                                     ; convert_hex_to_seven_segment ; work         ;
;    |convert_hex_to_seven_segment:unit7|           ; 7 (7)               ; 0 (0)                     ; 0           ; 0            ; 0       ; 0         ; 0    ; 0            ; |project|convert_hex_to_seven_segment:unit7                                                                                     ; convert_hex_to_seven_segment ; work         ;
+---------------------------------------------------+---------------------+---------------------------+-------------+--------------+---------+-----------+------+--------------+---------------------------------------------------------------------------------------------------------------------------------+------------------------------+--------------+
Note: For table entries with two numbers listed, the numbers in parentheses indicate the number of resources of the given type used by the specific entity alone. The numbers listed outside of parentheses indicate the total resources of the given type used by the specific entity and all of its sub-entities in the hierarchy.


+-----------------------------------------------------------------------------------------------------------------------------------------------------------------------------------------------------------------------------------------+
; Analysis & Synthesis RAM Summary                                                                                                                                                                                                        ;
+---------------------------------------------------------------------------------------------------------------------+------+----------------+--------------+--------------+--------------+--------------+------+------------------------+
; Name                                                                                                                ; Type ; Mode           ; Port A Depth ; Port A Width ; Port B Depth ; Port B Width ; Size ; MIF                    ;
+---------------------------------------------------------------------------------------------------------------------+------+----------------+--------------+--------------+--------------+--------------+------+------------------------+
; Milestone2:M2_unit|dual_port_C:RAM_inst1|altsyncram:altsyncram_component|altsyncram_abk2:auto_generated|ALTSYNCRAM  ; AUTO ; True Dual Port ; 256          ; 32           ; 256          ; 32           ; 8192 ; ../rtl/RAM_C.mif       ;
; Milestone2:M2_unit|dual_port_Cs:RAM_inst3|altsyncram:altsyncram_component|altsyncram_tek2:auto_generated|ALTSYNCRAM ; AUTO ; True Dual Port ; 256          ; 32           ; 256          ; 32           ; 8192 ; ../rtl/RAM_Cs.mif      ;
; Milestone2:M2_unit|dual_port_T:RAM_inst2|altsyncram:altsyncram_component|altsyncram_rbk2:auto_generated|ALTSYNCRAM  ; AUTO ; True Dual Port ; 256          ; 32           ; 256          ; 32           ; 8192 ; ../rtl/RAM_T.mif       ;
; Milestone2:M2_unit|dual_port_s:RAM_inst0|altsyncram:altsyncram_component|altsyncram_3vk2:auto_generated|ALTSYNCRAM  ; AUTO ; True Dual Port ; 256          ; 32           ; 256          ; 32           ; 8192 ; ../rtl/RAM_fetch_S.mif ;
+---------------------------------------------------------------------------------------------------------------------+------+----------------+--------------+--------------+--------------+--------------+------+------------------------+


+-----------------------------------------------------+
; Analysis & Synthesis DSP Block Usage Summary        ;
+---------------------------------------+-------------+
; Statistic                             ; Number Used ;
+---------------------------------------+-------------+
; Simple Multipliers (9-bit)            ; 0           ;
; Simple Multipliers (18-bit)           ; 17          ;
; Embedded Multiplier Blocks            ; --          ;
; Embedded Multiplier 9-bit elements    ; 34          ;
; Signed Embedded Multipliers           ; 0           ;
; Unsigned Embedded Multipliers         ; 17          ;
; Mixed Sign Embedded Multipliers       ; 0           ;
; Variable Sign Embedded Multipliers    ; 0           ;
; Dedicated Input Shift Register Chains ; 0           ;
+---------------------------------------+-------------+
Note: number of Embedded Multiplier Blocks used is only available after a successful fit.


Encoding Type:  Minimal Bits
+---------------------------------------------------------------------------------------------+
; State Machine - |project|top_state                                                          ;
+---------------------+-----------------------+-----------------------+-----------------------+
; Name                ; top_state.state_bit_2 ; top_state.state_bit_1 ; top_state.state_bit_0 ;
+---------------------+-----------------------+-----------------------+-----------------------+
; top_state.S_IDLE    ; 0                     ; 0                     ; 0                     ;
; top_state.S_UART_RX ; 0                     ; 0                     ; 1                     ;
; top_state.S_M1      ; 1                     ; 0                     ; 1                     ;
; top_state.S_M2      ; 0                     ; 1                     ; 1                     ;
; top_state.S_M3      ; 0                     ; 1                     ; 0                     ;
+---------------------+-----------------------+-----------------------+-----------------------+


Encoding Type:  Minimal Bits
+----------------------------------------------------+
; State Machine - |project|Milestone3:M3_unit|flag_8 ;
+------------+---------------------------------------+
; Name       ; flag_8.state_bit_0                    ;
+------------+---------------------------------------+
; flag_8.000 ; 0                                     ;
; flag_8.001 ; 1                                     ;
+------------+---------------------------------------+


Encoding Type:  Minimal Bits
+----------------------------------------------------+
; State Machine - |project|Milestone3:M3_unit|flag_2 ;
+-----------------+----------------------------------+
; Name            ; flag_2.state_bit_0               ;
+-----------------+----------------------------------+
; flag_2.00000000 ; 0                                ;
; flag_2.00000001 ; 1                                ;
+-----------------+----------------------------------+


Encoding Type:  Minimal Bits
+--------------------------------------------------+
; State Machine - |project|Milestone3:M3_unit|flag ;
+---------------+----------------------------------+
; Name          ; flag.state_bit_0                 ;
+---------------+----------------------------------+
; flag.00000000 ; 0                                ;
; flag.00000001 ; 1                                ;
+---------------+----------------------------------+


Encoding Type:  Minimal Bits
+-------------------------------------------------------------------------------------------------------------------------+
; State Machine - |project|Milestone3:M3_unit|M3_state                                                                    ;
+-----------------------------+----------------------+----------------------+----------------------+----------------------+
; Name                        ; M3_state.state_bit_3 ; M3_state.state_bit_2 ; M3_state.state_bit_1 ; M3_state.state_bit_0 ;
+-----------------------------+----------------------+----------------------+----------------------+----------------------+
; M3_state.M3_IDLE            ; 0                    ; 0                    ; 0                    ; 0                    ;
; M3_state.M3_IDLE_1          ; 0                    ; 0                    ; 0                    ; 1                    ;
; M3_state.S_READ_INITIAL_0   ; 0                    ; 0                    ; 1                    ; 0                    ;
; M3_state.S_READ_INITIAL_1   ; 0                    ; 0                    ; 1                    ; 1                    ;
; M3_state.S_READ_INITIAL_2   ; 0                    ; 1                    ; 0                    ; 0                    ;
; M3_state.S_READ_2BIT        ; 0                    ; 1                    ; 0                    ; 1                    ;
; M3_state.S_00               ; 0                    ; 1                    ; 1                    ; 0                    ;
; M3_state.S_01               ; 0                    ; 1                    ; 1                    ; 1                    ;
; M3_state.S_10               ; 1                    ; 0                    ; 0                    ; 0                    ;
; M3_state.S_11               ; 1                    ; 0                    ; 0                    ; 1                    ;
; M3_state.S_shift_DETECT     ; 1                    ; 0                    ; 1                    ; 0                    ;
; M3_state.S_BLOCK_END_DETECT ; 1                    ; 0                    ; 1                    ; 1                    ;
; M3_state.S_WAIT             ; 1                    ; 1                    ; 0                    ; 0                    ;
+-----------------------------+----------------------+----------------------+----------------------+----------------------+


Encoding Type:  Minimal Bits
+------------------------------------------------------------------------------------------------------+
; State Machine - |project|Milestone2:M2_unit|M2_state_3                                               ;
+---------------------------+------------------------+------------------------+------------------------+
; Name                      ; M2_state_3.state_bit_2 ; M2_state_3.state_bit_1 ; M2_state_3.state_bit_0 ;
+---------------------------+------------------------+------------------------+------------------------+
; M2_state_3.S_write_IDLE   ; 0                      ; 0                      ; 0                      ;
; M2_state_3.S_Delay        ; 0                      ; 1                      ; 0                      ;
; M2_state_3.S_write_1      ; 1                      ; 0                      ; 0                      ;
; M2_state_3.S_write_2      ; 1                      ; 0                      ; 1                      ;
; M2_state_3.S_write_3      ; 0                      ; 0                      ; 1                      ;
; M2_state_3.S_write_4      ; 0                      ; 1                      ; 1                      ;
; M2_state_3.S_write_5      ; 1                      ; 1                      ; 1                      ;
; M2_state_3.S_write_Delay2 ; 1                      ; 1                      ; 0                      ;
+---------------------------+------------------------+------------------------+------------------------+


Encoding Type:  Minimal Bits
+---------------------------------------------------------------------------------------------------------------------------+
; State Machine - |project|Milestone2:M2_unit|M2_state_2                                                                    ;
+-----------------------+------------------------+------------------------+------------------------+------------------------+
; Name                  ; M2_state_2.state_bit_3 ; M2_state_2.state_bit_2 ; M2_state_2.state_bit_1 ; M2_state_2.state_bit_0 ;
+-----------------------+------------------------+------------------------+------------------------+------------------------+
; M2_state_2.S_CS_DELAY ; 0                      ; 0                      ; 0                      ; 0                      ;
; M2_state_2.S_CS_IDLE  ; 0                      ; 0                      ; 1                      ; 0                      ;
; M2_state_2.S_LI_S     ; 1                      ; 0                      ; 1                      ; 0                      ;
; M2_state_2.S_CS_0     ; 1                      ; 1                      ; 1                      ; 0                      ;
; M2_state_2.S_CS_1     ; 0                      ; 1                      ; 0                      ; 0                      ;
; M2_state_2.S_CS_2     ; 0                      ; 1                      ; 1                      ; 0                      ;
; M2_state_2.S_CS_3     ; 1                      ; 0                      ; 0                      ; 0                      ;
; M2_state_2.S_CS_4     ; 1                      ; 1                      ; 0                      ; 0                      ;
; M2_state_2.S_CS_5     ; 0                      ; 0                      ; 0                      ; 1                      ;
; M2_state_2.S_CS_6     ; 0                      ; 0                      ; 1                      ; 1                      ;
; M2_state_2.S_CS_7     ; 0                      ; 1                      ; 0                      ; 1                      ;
+-----------------------+------------------------+------------------------+------------------------+------------------------+


Encoding Type:  Minimal Bits
+---------------------------------------------------------------------------------------------------------------------------+
; State Machine - |project|Milestone2:M2_unit|M2_state_1                                                                    ;
+-----------------------+------------------------+------------------------+------------------------+------------------------+
; Name                  ; M2_state_1.state_bit_3 ; M2_state_1.state_bit_2 ; M2_state_1.state_bit_1 ; M2_state_1.state_bit_0 ;
+-----------------------+------------------------+------------------------+------------------------+------------------------+
; M2_state_1.S_CT_IDLE  ; 0                      ; 0                      ; 0                      ; 0                      ;
; M2_state_1.S_CT_DELAY ; 0                      ; 1                      ; 0                      ; 0                      ;
; M2_state_1.S_LI_T     ; 1                      ; 0                      ; 0                      ; 0                      ;
; M2_state_1.S_CT_0     ; 1                      ; 1                      ; 0                      ; 0                      ;
; M2_state_1.S_CT_1     ; 1                      ; 0                      ; 0                      ; 1                      ;
; M2_state_1.S_CT_2     ; 1                      ; 1                      ; 0                      ; 1                      ;
; M2_state_1.S_CT_3     ; 0                      ; 0                      ; 0                      ; 1                      ;
; M2_state_1.S_CT_4     ; 0                      ; 1                      ; 0                      ; 1                      ;
; M2_state_1.S_CT_5     ; 0                      ; 0                      ; 1                      ; 0                      ;
; M2_state_1.S_CT_6     ; 0                      ; 1                      ; 1                      ; 0                      ;
; M2_state_1.S_CT_7     ; 1                      ; 0                      ; 1                      ; 0                      ;
+-----------------------+------------------------+------------------------+------------------------+------------------------+


Encoding Type:  Minimal Bits
+-------------------------------------------------------------------------------------------------------------------+
; State Machine - |project|Milestone2:M2_unit|M2_state                                                              ;
+-----------------------+----------------------+----------------------+----------------------+----------------------+
; Name                  ; M2_state.state_bit_3 ; M2_state.state_bit_2 ; M2_state.state_bit_1 ; M2_state.state_bit_0 ;
+-----------------------+----------------------+----------------------+----------------------+----------------------+
; M2_state.S_fetch_IDLE ; 0                    ; 0                    ; 0                    ; 0                    ;
; M2_state.Delay        ; 0                    ; 0                    ; 0                    ; 1                    ;
; M2_state.S_fetch_0    ; 0                    ; 0                    ; 1                    ; 0                    ;
; M2_state.S_fetch_1    ; 0                    ; 1                    ; 1                    ; 0                    ;
; M2_state.S_fetch_2    ; 1                    ; 0                    ; 1                    ; 0                    ;
; M2_state.S_fetch_3    ; 1                    ; 1                    ; 1                    ; 0                    ;
; M2_state.S_fetch_4    ; 1                    ; 0                    ; 0                    ; 0                    ;
; M2_state.S_fetch_5    ; 0                    ; 1                    ; 0                    ; 0                    ;
; M2_state.S_fetch_6    ; 1                    ; 1                    ; 0                    ; 0                    ;
; M2_state.S_fetch_7    ; 0                    ; 0                    ; 1                    ; 1                    ;
+-----------------------+----------------------+----------------------+----------------------+----------------------+


Encoding Type:  Minimal Bits
+---------------------------------------------------------------------------------+
; State Machine - |project|Milestone2:M2_unit|state                               ;
+---------------------+-------------------+-------------------+-------------------+
; Name                ; state.state_bit_2 ; state.state_bit_1 ; state.state_bit_0 ;
+---------------------+-------------------+-------------------+-------------------+
; state.S_M2_IDLE     ; 0                 ; 0                 ; 0                 ;
; state.S_M2_fetch_LI ; 0                 ; 0                 ; 1                 ;
; state.S_M2_Ct_LI    ; 1                 ; 0                 ; 0                 ;
; state.S_M2_CC1      ; 1                 ; 0                 ; 1                 ;
; state.S_M2_CC2      ; 1                 ; 1                 ; 0                 ;
; state.S_M2_Cs_LO    ; 1                 ; 1                 ; 1                 ;
; state.S_M2_Write_LO ; 0                 ; 1                 ; 0                 ;
+---------------------+-------------------+-------------------+-------------------+


Encoding Type:  Minimal Bits
+---------------------------------------------------------------------------------------------------------------------------------------+
; State Machine - |project|Milestone1:M1_unit|M1_state                                                                                  ;
+--------------------+----------------------+----------------------+----------------------+----------------------+----------------------+
; Name               ; M1_state.state_bit_4 ; M1_state.state_bit_3 ; M1_state.state_bit_2 ; M1_state.state_bit_1 ; M1_state.state_bit_0 ;
+--------------------+----------------------+----------------------+----------------------+----------------------+----------------------+
; M1_state.S_IDLE_M1 ; 0                    ; 0                    ; 0                    ; 0                    ; 0                    ;
; M1_state.S_LI0     ; 0                    ; 0                    ; 0                    ; 0                    ; 1                    ;
; M1_state.S_LI1     ; 0                    ; 0                    ; 0                    ; 1                    ; 1                    ;
; M1_state.S_LI2     ; 0                    ; 0                    ; 1                    ; 0                    ; 1                    ;
; M1_state.S_LI3     ; 0                    ; 0                    ; 1                    ; 1                    ; 1                    ;
; M1_state.S_LI4     ; 0                    ; 0                    ; 1                    ; 0                    ; 0                    ;
; M1_state.S_LI5     ; 0                    ; 0                    ; 1                    ; 1                    ; 0                    ;
; M1_state.S_LI6     ; 0                    ; 1                    ; 0                    ; 0                    ; 0                    ;
; M1_state.S_LI7     ; 0                    ; 1                    ; 0                    ; 1                    ; 0                    ;
; M1_state.S_LI8     ; 0                    ; 1                    ; 0                    ; 0                    ; 1                    ;
; M1_state.S_LI9     ; 0                    ; 1                    ; 0                    ; 1                    ; 1                    ;
; M1_state.S_CC0     ; 0                    ; 1                    ; 1                    ; 0                    ; 0                    ;
; M1_state.S_CC1     ; 0                    ; 1                    ; 1                    ; 0                    ; 1                    ;
; M1_state.S_CC2     ; 0                    ; 0                    ; 0                    ; 1                    ; 0                    ;
; M1_state.S_CC3     ; 0                    ; 1                    ; 1                    ; 1                    ; 0                    ;
; M1_state.S_CC4     ; 0                    ; 1                    ; 1                    ; 1                    ; 1                    ;
; M1_state.S_CC5     ; 1                    ; 0                    ; 0                    ; 0                    ; 0                    ;
; M1_state.S_CC6     ; 1                    ; 0                    ; 0                    ; 0                    ; 1                    ;
; M1_state.S_CC7     ; 1                    ; 0                    ; 0                    ; 1                    ; 0                    ;
+--------------------+----------------------+----------------------+----------------------+----------------------+----------------------+


Encoding Type:  Minimal Bits
+------------------------------------------------------------------------------------------------------------------------------------------+
; State Machine - |project|UART_SRAM_interface:UART_unit|UART_SRAM_state                                                                   ;
+------------------------------------------------+-----------------------------+-----------------------------+-----------------------------+
; Name                                           ; UART_SRAM_state.state_bit_2 ; UART_SRAM_state.state_bit_1 ; UART_SRAM_state.state_bit_0 ;
+------------------------------------------------+-----------------------------+-----------------------------+-----------------------------+
; UART_SRAM_state.S_US_IDLE                      ; 0                           ; 0                           ; 0                           ;
; UART_SRAM_state.S_US_STRIP_FILE_HEADER_1       ; 1                           ; 0                           ; 1                           ;
; UART_SRAM_state.S_US_STRIP_FILE_HEADER_2       ; 0                           ; 1                           ; 0                           ;
; UART_SRAM_state.S_US_START_FIRST_BYTE_RECEIVE  ; 0                           ; 0                           ; 1                           ;
; UART_SRAM_state.S_US_WRITE_FIRST_BYTE          ; 1                           ; 0                           ; 0                           ;
; UART_SRAM_state.S_US_START_SECOND_BYTE_RECEIVE ; 1                           ; 1                           ; 0                           ;
; UART_SRAM_state.S_US_WRITE_SECOND_BYTE         ; 0                           ; 1                           ; 1                           ;
+------------------------------------------------+-----------------------------+-----------------------------+-----------------------------+


Encoding Type:  Minimal Bits
+--------------------------------------------------------------------------------------------------+
; State Machine - |project|UART_SRAM_interface:UART_unit|UART_receive_controller:UART_RX|RXC_state ;
+-------------------------------+-----------------------+------------------------------------------+
; Name                          ; RXC_state.state_bit_1 ; RXC_state.state_bit_0                    ;
+-------------------------------+-----------------------+------------------------------------------+
; RXC_state.S_RXC_IDLE          ; 0                     ; 0                                        ;
; RXC_state.S_RXC_SYNC          ; 0                     ; 1                                        ;
; RXC_state.S_RXC_ASSEMBLE_DATA ; 1                     ; 0                                        ;
; RXC_state.S_RXC_STOP_BIT      ; 1                     ; 1                                        ;
+-------------------------------+-----------------------+------------------------------------------+


Encoding Type:  Minimal Bits
+---------------------------------------------------------------------------------------------------------------------------------------------------------------+
; State Machine - |project|VGA_SRAM_interface:VGA_unit|VGA_SRAM_state                                                                                           ;
+-------------------------------------------+----------------------------+----------------------------+----------------------------+----------------------------+
; Name                                      ; VGA_SRAM_state.state_bit_3 ; VGA_SRAM_state.state_bit_2 ; VGA_SRAM_state.state_bit_1 ; VGA_SRAM_state.state_bit_0 ;
+-------------------------------------------+----------------------------+----------------------------+----------------------------+----------------------------+
; VGA_SRAM_state.S_VS_WAIT_NEW_PIXEL_ROW    ; 0                          ; 0                          ; 0                          ; 0                          ;
; VGA_SRAM_state.S_VS_NEW_PIXEL_ROW_DELAY_1 ; 1                          ; 0                          ; 0                          ; 0                          ;
; VGA_SRAM_state.S_VS_NEW_PIXEL_ROW_DELAY_2 ; 1                          ; 0                          ; 0                          ; 1                          ;
; VGA_SRAM_state.S_VS_NEW_PIXEL_ROW_DELAY_3 ; 0                          ; 0                          ; 0                          ; 1                          ;
; VGA_SRAM_state.S_VS_NEW_PIXEL_ROW_DELAY_4 ; 0                          ; 0                          ; 1                          ; 0                          ;
; VGA_SRAM_state.S_VS_NEW_PIXEL_ROW_DELAY_5 ; 1                          ; 0                          ; 1                          ; 0                          ;
; VGA_SRAM_state.S_VS_FETCH_PIXEL_DATA_0    ; 0                          ; 0                          ; 1                          ; 1                          ;
; VGA_SRAM_state.S_VS_FETCH_PIXEL_DATA_1    ; 1                          ; 0                          ; 1                          ; 1                          ;
; VGA_SRAM_state.S_VS_FETCH_PIXEL_DATA_2    ; 1                          ; 1                          ; 0                          ; 0                          ;
; VGA_SRAM_state.S_VS_FETCH_PIXEL_DATA_3    ; 0                          ; 1                          ; 0                          ; 0                          ;
+-------------------------------------------+----------------------------+----------------------------+----------------------------+----------------------------+


+--------------------------------------------------------------------------------------------+
; Registers Removed During Synthesis                                                         ;
+---------------------------------------------------+----------------------------------------+
; Register name                                     ; Reason for Removal                     ;
+---------------------------------------------------+----------------------------------------+
; Milestone1:M1_unit|mult_op_1_1[11,14,17..31]      ; Stuck at GND due to stuck port data_in ;
; Milestone1:M1_unit|mult_op_3_1[17..31]            ; Stuck at GND due to stuck port data_in ;
; Milestone1:M1_unit|mult_op_4_1[12,15..31]         ; Stuck at GND due to stuck port data_in ;
; Milestone1:M1_unit|mult_op_2_1[16..31]            ; Stuck at GND due to stuck port data_in ;
; Milestone1:M1_unit|V_odd[8..31]                   ; Stuck at GND due to stuck port data_in ;
; top_state~9                                       ; Lost fanout                            ;
; top_state~10                                      ; Lost fanout                            ;
; top_state~11                                      ; Lost fanout                            ;
; Milestone3:M3_unit|flag_8~7                       ; Lost fanout                            ;
; Milestone3:M3_unit|flag_8~8                       ; Lost fanout                            ;
; Milestone3:M3_unit|flag_2~7                       ; Lost fanout                            ;
; Milestone3:M3_unit|flag_2~8                       ; Lost fanout                            ;
; Milestone3:M3_unit|flag_2~9                       ; Lost fanout                            ;
; Milestone3:M3_unit|flag_2~10                      ; Lost fanout                            ;
; Milestone3:M3_unit|flag_2~11                      ; Lost fanout                            ;
; Milestone3:M3_unit|flag_2~12                      ; Lost fanout                            ;
; Milestone3:M3_unit|flag_2~13                      ; Lost fanout                            ;
; Milestone3:M3_unit|flag~6                         ; Lost fanout                            ;
; Milestone3:M3_unit|flag~7                         ; Lost fanout                            ;
; Milestone3:M3_unit|flag~8                         ; Lost fanout                            ;
; Milestone3:M3_unit|flag~9                         ; Lost fanout                            ;
; Milestone3:M3_unit|flag~10                        ; Lost fanout                            ;
; Milestone3:M3_unit|flag~11                        ; Lost fanout                            ;
; Milestone3:M3_unit|flag~12                        ; Lost fanout                            ;
; Milestone3:M3_unit|M3_state~17                    ; Lost fanout                            ;
; Milestone3:M3_unit|M3_state~18                    ; Lost fanout                            ;
; Milestone3:M3_unit|M3_state~19                    ; Lost fanout                            ;
; Milestone3:M3_unit|M3_state~20                    ; Lost fanout                            ;
; Milestone3:M3_unit|M3_state~21                    ; Lost fanout                            ;
; Milestone2:M2_unit|M2_state_3~12                  ; Lost fanout                            ;
; Milestone2:M2_unit|M2_state_3~13                  ; Lost fanout                            ;
; Milestone2:M2_unit|M2_state_3~15                  ; Lost fanout                            ;
; Milestone2:M2_unit|M2_state_2~13                  ; Lost fanout                            ;
; Milestone2:M2_unit|M2_state_2~14                  ; Lost fanout                            ;
; Milestone2:M2_unit|M2_state_2~15                  ; Lost fanout                            ;
; Milestone2:M2_unit|M2_state_2~17                  ; Lost fanout                            ;
; Milestone2:M2_unit|M2_state_1~15                  ; Lost fanout                            ;
; Milestone2:M2_unit|M2_state_1~16                  ; Lost fanout                            ;
; Milestone2:M2_unit|M2_state_1~19                  ; Lost fanout                            ;
; Milestone2:M2_unit|M2_state~14                    ; Lost fanout                            ;
; Milestone2:M2_unit|M2_state~15                    ; Lost fanout                            ;
; Milestone2:M2_unit|M2_state~16                    ; Lost fanout                            ;
; Milestone2:M2_unit|M2_state~17                    ; Lost fanout                            ;
; Milestone2:M2_unit|M2_state~18                    ; Lost fanout                            ;
; Milestone2:M2_unit|M2_state~19                    ; Lost fanout                            ;
; Milestone2:M2_unit|state~6                        ; Lost fanout                            ;
; Milestone2:M2_unit|state~8                        ; Lost fanout                            ;
; Milestone2:M2_unit|state~9                        ; Lost fanout                            ;
; Milestone1:M1_unit|M1_state~23                    ; Lost fanout                            ;
; Milestone1:M1_unit|M1_state~24                    ; Lost fanout                            ;
; Milestone1:M1_unit|M1_state~25                    ; Lost fanout                            ;
; Milestone1:M1_unit|M1_state~26                    ; Lost fanout                            ;
; Milestone1:M1_unit|M1_state~27                    ; Lost fanout                            ;
; Milestone1:M1_unit|M1_state~28                    ; Lost fanout                            ;
; UART_SRAM_interface:UART_unit|UART_SRAM_state~11  ; Lost fanout                            ;
; UART_SRAM_interface:UART_unit|UART_SRAM_state~12  ; Lost fanout                            ;
; UART_SRAM_interface:UART_unit|UART_SRAM_state~13  ; Lost fanout                            ;
; VGA_SRAM_interface:VGA_unit|VGA_SRAM_state~14     ; Lost fanout                            ;
; UART_SRAM_interface:UART_unit|new_line_count[0,1] ; Lost fanout                            ;
; Milestone1:M1_unit|V_reg[0][8]                    ; Stuck at GND due to stuck port data_in ;
; Milestone1:M1_unit|V_reg[0][9]                    ; Stuck at GND due to stuck port data_in ;
; Milestone1:M1_unit|V_reg[0][10]                   ; Stuck at GND due to stuck port data_in ;
; Milestone1:M1_unit|V_reg[0][11]                   ; Stuck at GND due to stuck port data_in ;
; Milestone1:M1_unit|V_reg[0][12]                   ; Stuck at GND due to stuck port data_in ;
; Milestone1:M1_unit|V_reg[0][13]                   ; Stuck at GND due to stuck port data_in ;
; Milestone1:M1_unit|V_reg[0][14]                   ; Stuck at GND due to stuck port data_in ;
; Milestone1:M1_unit|V_reg[0][15]                   ; Stuck at GND due to stuck port data_in ;
; Milestone1:M1_unit|V_reg[0][16]                   ; Stuck at GND due to stuck port data_in ;
; Milestone1:M1_unit|V_reg[0][17]                   ; Stuck at GND due to stuck port data_in ;
; Milestone1:M1_unit|V_reg[0][18]                   ; Stuck at GND due to stuck port data_in ;
; Milestone1:M1_unit|V_reg[0][19]                   ; Stuck at GND due to stuck port data_in ;
; Milestone1:M1_unit|V_reg[0][20]                   ; Stuck at GND due to stuck port data_in ;
; Milestone1:M1_unit|V_reg[0][21]                   ; Stuck at GND due to stuck port data_in ;
; Milestone1:M1_unit|V_reg[0][22]                   ; Stuck at GND due to stuck port data_in ;
; Milestone1:M1_unit|V_reg[0][23]                   ; Stuck at GND due to stuck port data_in ;
; Milestone1:M1_unit|V_reg[0][24]                   ; Stuck at GND due to stuck port data_in ;
; Milestone1:M1_unit|V_reg[0][25]                   ; Stuck at GND due to stuck port data_in ;
; Milestone1:M1_unit|V_reg[0][26]                   ; Stuck at GND due to stuck port data_in ;
; Milestone1:M1_unit|V_reg[0][27]                   ; Stuck at GND due to stuck port data_in ;
; Milestone1:M1_unit|V_reg[0][28]                   ; Stuck at GND due to stuck port data_in ;
; Milestone1:M1_unit|V_reg[0][29]                   ; Stuck at GND due to stuck port data_in ;
; Milestone1:M1_unit|V_reg[0][30]                   ; Stuck at GND due to stuck port data_in ;
; Milestone1:M1_unit|V_reg[0][31]                   ; Stuck at GND due to stuck port data_in ;
; Milestone1:M1_unit|V_reg[1][8]                    ; Stuck at GND due to stuck port data_in ;
; Milestone1:M1_unit|V_reg[1][9]                    ; Stuck at GND due to stuck port data_in ;
; Milestone1:M1_unit|V_reg[1][10]                   ; Stuck at GND due to stuck port data_in ;
; Milestone1:M1_unit|V_reg[1][11]                   ; Stuck at GND due to stuck port data_in ;
; Milestone1:M1_unit|V_reg[1][12]                   ; Stuck at GND due to stuck port data_in ;
; Milestone1:M1_unit|V_reg[1][13]                   ; Stuck at GND due to stuck port data_in ;
; Milestone1:M1_unit|V_reg[1][14]                   ; Stuck at GND due to stuck port data_in ;
; Milestone1:M1_unit|V_reg[1][15]                   ; Stuck at GND due to stuck port data_in ;
; Milestone1:M1_unit|V_reg[1][16]                   ; Stuck at GND due to stuck port data_in ;
; Milestone1:M1_unit|V_reg[1][17]                   ; Stuck at GND due to stuck port data_in ;
; Milestone1:M1_unit|V_reg[1][18]                   ; Stuck at GND due to stuck port data_in ;
; Milestone1:M1_unit|V_reg[1][19]                   ; Stuck at GND due to stuck port data_in ;
; Milestone1:M1_unit|V_reg[1][20]                   ; Stuck at GND due to stuck port data_in ;
; Milestone1:M1_unit|V_reg[1][21]                   ; Stuck at GND due to stuck port data_in ;
; Milestone1:M1_unit|V_reg[1][22]                   ; Stuck at GND due to stuck port data_in ;
; Milestone1:M1_unit|V_reg[1][23]                   ; Stuck at GND due to stuck port data_in ;
; Milestone1:M1_unit|V_reg[1][24]                   ; Stuck at GND due to stuck port data_in ;
; Milestone1:M1_unit|V_reg[1][25]                   ; Stuck at GND due to stuck port data_in ;
; Milestone1:M1_unit|V_reg[1][26]                   ; Stuck at GND due to stuck port data_in ;
; Milestone1:M1_unit|V_reg[1][27]                   ; Stuck at GND due to stuck port data_in ;
; Milestone1:M1_unit|V_reg[1][28]                   ; Stuck at GND due to stuck port data_in ;
; Milestone1:M1_unit|V_reg[1][29]                   ; Stuck at GND due to stuck port data_in ;
; Milestone1:M1_unit|V_reg[1][30]                   ; Stuck at GND due to stuck port data_in ;
; Milestone1:M1_unit|V_reg[1][31]                   ; Stuck at GND due to stuck port data_in ;
; Milestone1:M1_unit|V_reg[2][8]                    ; Stuck at GND due to stuck port data_in ;
; Milestone1:M1_unit|V_reg[2][9]                    ; Stuck at GND due to stuck port data_in ;
; Milestone1:M1_unit|V_reg[2][10]                   ; Stuck at GND due to stuck port data_in ;
; Milestone1:M1_unit|V_reg[2][11]                   ; Stuck at GND due to stuck port data_in ;
; Milestone1:M1_unit|V_reg[2][12]                   ; Stuck at GND due to stuck port data_in ;
; Milestone1:M1_unit|V_reg[2][13]                   ; Stuck at GND due to stuck port data_in ;
; Milestone1:M1_unit|V_reg[2][14]                   ; Stuck at GND due to stuck port data_in ;
; Milestone1:M1_unit|V_reg[2][15]                   ; Stuck at GND due to stuck port data_in ;
; Milestone1:M1_unit|V_reg[2][16]                   ; Stuck at GND due to stuck port data_in ;
; Milestone1:M1_unit|V_reg[2][17]                   ; Stuck at GND due to stuck port data_in ;
; Milestone1:M1_unit|V_reg[2][18]                   ; Stuck at GND due to stuck port data_in ;
; Milestone1:M1_unit|V_reg[2][19]                   ; Stuck at GND due to stuck port data_in ;
; Milestone1:M1_unit|V_reg[2][20]                   ; Stuck at GND due to stuck port data_in ;
; Milestone1:M1_unit|V_reg[2][21]                   ; Stuck at GND due to stuck port data_in ;
; Milestone1:M1_unit|V_reg[2][22]                   ; Stuck at GND due to stuck port data_in ;
; Milestone1:M1_unit|V_reg[2][23]                   ; Stuck at GND due to stuck port data_in ;
; Milestone1:M1_unit|V_reg[2][24]                   ; Stuck at GND due to stuck port data_in ;
; Milestone1:M1_unit|V_reg[2][25]                   ; Stuck at GND due to stuck port data_in ;
; Milestone1:M1_unit|V_reg[2][26]                   ; Stuck at GND due to stuck port data_in ;
; Milestone1:M1_unit|V_reg[2][27]                   ; Stuck at GND due to stuck port data_in ;
; Milestone1:M1_unit|V_reg[2][28]                   ; Stuck at GND due to stuck port data_in ;
; Milestone1:M1_unit|V_reg[2][29]                   ; Stuck at GND due to stuck port data_in ;
; Milestone1:M1_unit|V_reg[2][30]                   ; Stuck at GND due to stuck port data_in ;
; Milestone1:M1_unit|V_reg[2][31]                   ; Stuck at GND due to stuck port data_in ;
; Milestone1:M1_unit|V_reg[3][8]                    ; Stuck at GND due to stuck port data_in ;
; Milestone1:M1_unit|V_reg[3][9]                    ; Stuck at GND due to stuck port data_in ;
; Milestone1:M1_unit|V_reg[3][10]                   ; Stuck at GND due to stuck port data_in ;
; Milestone1:M1_unit|V_reg[3][11]                   ; Stuck at GND due to stuck port data_in ;
; Milestone1:M1_unit|V_reg[3][12]                   ; Stuck at GND due to stuck port data_in ;
; Milestone1:M1_unit|V_reg[3][13]                   ; Stuck at GND due to stuck port data_in ;
; Milestone1:M1_unit|V_reg[3][14]                   ; Stuck at GND due to stuck port data_in ;
; Milestone1:M1_unit|V_reg[3][15]                   ; Stuck at GND due to stuck port data_in ;
; Milestone1:M1_unit|V_reg[3][16]                   ; Stuck at GND due to stuck port data_in ;
; Milestone1:M1_unit|V_reg[3][17]                   ; Stuck at GND due to stuck port data_in ;
; Milestone1:M1_unit|V_reg[3][18]                   ; Stuck at GND due to stuck port data_in ;
; Milestone1:M1_unit|V_reg[3][19]                   ; Stuck at GND due to stuck port data_in ;
; Milestone1:M1_unit|V_reg[3][20]                   ; Stuck at GND due to stuck port data_in ;
; Milestone1:M1_unit|V_reg[3][21]                   ; Stuck at GND due to stuck port data_in ;
; Milestone1:M1_unit|V_reg[3][22]                   ; Stuck at GND due to stuck port data_in ;
; Milestone1:M1_unit|V_reg[3][23]                   ; Stuck at GND due to stuck port data_in ;
; Milestone1:M1_unit|V_reg[3][24]                   ; Stuck at GND due to stuck port data_in ;
; Milestone1:M1_unit|V_reg[3][25]                   ; Stuck at GND due to stuck port data_in ;
; Milestone1:M1_unit|V_reg[3][26]                   ; Stuck at GND due to stuck port data_in ;
; Milestone1:M1_unit|V_reg[3][27]                   ; Stuck at GND due to stuck port data_in ;
; Milestone1:M1_unit|V_reg[3][28]                   ; Stuck at GND due to stuck port data_in ;
; Milestone1:M1_unit|V_reg[3][29]                   ; Stuck at GND due to stuck port data_in ;
; Milestone1:M1_unit|V_reg[3][30]                   ; Stuck at GND due to stuck port data_in ;
; Milestone1:M1_unit|V_reg[3][31]                   ; Stuck at GND due to stuck port data_in ;
; Milestone1:M1_unit|V_reg[4][8]                    ; Stuck at GND due to stuck port data_in ;
; Milestone1:M1_unit|V_reg[4][9]                    ; Stuck at GND due to stuck port data_in ;
; Milestone1:M1_unit|V_reg[4][10]                   ; Stuck at GND due to stuck port data_in ;
; Milestone1:M1_unit|V_reg[4][11]                   ; Stuck at GND due to stuck port data_in ;
; Milestone1:M1_unit|V_reg[4][12]                   ; Stuck at GND due to stuck port data_in ;
; Milestone1:M1_unit|V_reg[4][13]                   ; Stuck at GND due to stuck port data_in ;
; Milestone1:M1_unit|V_reg[4][14]                   ; Stuck at GND due to stuck port data_in ;
; Milestone1:M1_unit|V_reg[4][15]                   ; Stuck at GND due to stuck port data_in ;
; Milestone1:M1_unit|V_reg[4][16]                   ; Stuck at GND due to stuck port data_in ;
; Milestone1:M1_unit|V_reg[4][17]                   ; Stuck at GND due to stuck port data_in ;
; Milestone1:M1_unit|V_reg[4][18]                   ; Stuck at GND due to stuck port data_in ;
; Milestone1:M1_unit|V_reg[4][19]                   ; Stuck at GND due to stuck port data_in ;
; Milestone1:M1_unit|V_reg[4][20]                   ; Stuck at GND due to stuck port data_in ;
; Milestone1:M1_unit|V_reg[4][21]                   ; Stuck at GND due to stuck port data_in ;
; Milestone1:M1_unit|V_reg[4][22]                   ; Stuck at GND due to stuck port data_in ;
; Milestone1:M1_unit|V_reg[4][23]                   ; Stuck at GND due to stuck port data_in ;
; Milestone1:M1_unit|V_reg[4][24]                   ; Stuck at GND due to stuck port data_in ;
; Milestone1:M1_unit|V_reg[4][25]                   ; Stuck at GND due to stuck port data_in ;
; Milestone1:M1_unit|V_reg[4][26]                   ; Stuck at GND due to stuck port data_in ;
; Milestone1:M1_unit|V_reg[4][27]                   ; Stuck at GND due to stuck port data_in ;
; Milestone1:M1_unit|V_reg[4][28]                   ; Stuck at GND due to stuck port data_in ;
; Milestone1:M1_unit|V_reg[4][29]                   ; Stuck at GND due to stuck port data_in ;
; Milestone1:M1_unit|V_reg[4][30]                   ; Stuck at GND due to stuck port data_in ;
; Milestone1:M1_unit|V_reg[4][31]                   ; Stuck at GND due to stuck port data_in ;
; Milestone1:M1_unit|V_reg[5][8]                    ; Stuck at GND due to stuck port data_in ;
; Milestone1:M1_unit|V_reg[5][9]                    ; Stuck at GND due to stuck port data_in ;
; Milestone1:M1_unit|V_reg[5][10]                   ; Stuck at GND due to stuck port data_in ;
; Milestone1:M1_unit|V_reg[5][11]                   ; Stuck at GND due to stuck port data_in ;
; Milestone1:M1_unit|V_reg[5][12]                   ; Stuck at GND due to stuck port data_in ;
; Milestone1:M1_unit|V_reg[5][13]                   ; Stuck at GND due to stuck port data_in ;
; Milestone1:M1_unit|V_reg[5][14]                   ; Stuck at GND due to stuck port data_in ;
; Milestone1:M1_unit|V_reg[5][15]                   ; Stuck at GND due to stuck port data_in ;
; Milestone1:M1_unit|V_reg[5][16]                   ; Stuck at GND due to stuck port data_in ;
; Milestone1:M1_unit|V_reg[5][17]                   ; Stuck at GND due to stuck port data_in ;
; Milestone1:M1_unit|V_reg[5][18]                   ; Stuck at GND due to stuck port data_in ;
; Milestone1:M1_unit|V_reg[5][19]                   ; Stuck at GND due to stuck port data_in ;
; Milestone1:M1_unit|V_reg[5][20]                   ; Stuck at GND due to stuck port data_in ;
; Milestone1:M1_unit|V_reg[5][21]                   ; Stuck at GND due to stuck port data_in ;
; Milestone1:M1_unit|V_reg[5][22]                   ; Stuck at GND due to stuck port data_in ;
; Milestone1:M1_unit|V_reg[5][23]                   ; Stuck at GND due to stuck port data_in ;
; Milestone1:M1_unit|V_reg[5][24]                   ; Stuck at GND due to stuck port data_in ;
; Milestone1:M1_unit|V_reg[5][25]                   ; Stuck at GND due to stuck port data_in ;
; Milestone1:M1_unit|V_reg[5][26]                   ; Stuck at GND due to stuck port data_in ;
; Milestone1:M1_unit|V_reg[5][27]                   ; Stuck at GND due to stuck port data_in ;
; Milestone1:M1_unit|V_reg[5][28]                   ; Stuck at GND due to stuck port data_in ;
; Milestone1:M1_unit|V_reg[5][29]                   ; Stuck at GND due to stuck port data_in ;
; Milestone1:M1_unit|V_reg[5][30]                   ; Stuck at GND due to stuck port data_in ;
; Milestone1:M1_unit|V_reg[5][31]                   ; Stuck at GND due to stuck port data_in ;
; Milestone1:M1_unit|V_reg[6][8]                    ; Stuck at GND due to stuck port data_in ;
; Milestone1:M1_unit|V_reg[6][9]                    ; Stuck at GND due to stuck port data_in ;
; Milestone1:M1_unit|V_reg[6][10]                   ; Stuck at GND due to stuck port data_in ;
; Milestone1:M1_unit|V_reg[6][11]                   ; Stuck at GND due to stuck port data_in ;
; Milestone1:M1_unit|V_reg[6][12]                   ; Stuck at GND due to stuck port data_in ;
; Milestone1:M1_unit|V_reg[6][13]                   ; Stuck at GND due to stuck port data_in ;
; Milestone1:M1_unit|V_reg[6][14]                   ; Stuck at GND due to stuck port data_in ;
; Milestone1:M1_unit|V_reg[6][15]                   ; Stuck at GND due to stuck port data_in ;
; Milestone1:M1_unit|V_reg[6][16]                   ; Stuck at GND due to stuck port data_in ;
; Milestone1:M1_unit|V_reg[6][17]                   ; Stuck at GND due to stuck port data_in ;
; Milestone1:M1_unit|V_reg[6][18]                   ; Stuck at GND due to stuck port data_in ;
; Milestone1:M1_unit|V_reg[6][19]                   ; Stuck at GND due to stuck port data_in ;
; Milestone1:M1_unit|V_reg[6][20]                   ; Stuck at GND due to stuck port data_in ;
; Milestone1:M1_unit|V_reg[6][21]                   ; Stuck at GND due to stuck port data_in ;
; Milestone1:M1_unit|V_reg[6][22]                   ; Stuck at GND due to stuck port data_in ;
; Milestone1:M1_unit|V_reg[6][23]                   ; Stuck at GND due to stuck port data_in ;
; Milestone1:M1_unit|V_reg[6][24]                   ; Stuck at GND due to stuck port data_in ;
; Milestone1:M1_unit|V_reg[6][25]                   ; Stuck at GND due to stuck port data_in ;
; Milestone1:M1_unit|V_reg[6][26]                   ; Stuck at GND due to stuck port data_in ;
; Milestone1:M1_unit|V_reg[6][27]                   ; Stuck at GND due to stuck port data_in ;
; Milestone1:M1_unit|V_reg[6][28]                   ; Stuck at GND due to stuck port data_in ;
; Milestone1:M1_unit|V_reg[6][29]                   ; Stuck at GND due to stuck port data_in ;
; Milestone1:M1_unit|V_reg[6][30]                   ; Stuck at GND due to stuck port data_in ;
; Milestone1:M1_unit|V_reg[6][31]                   ; Stuck at GND due to stuck port data_in ;
; Milestone1:M1_unit|V_reg[7][8]                    ; Stuck at GND due to stuck port data_in ;
; Milestone1:M1_unit|V_reg[7][9]                    ; Stuck at GND due to stuck port data_in ;
; Milestone1:M1_unit|V_reg[7][10]                   ; Stuck at GND due to stuck port data_in ;
; Milestone1:M1_unit|V_reg[7][11]                   ; Stuck at GND due to stuck port data_in ;
; Milestone1:M1_unit|V_reg[7][12]                   ; Stuck at GND due to stuck port data_in ;
; Milestone1:M1_unit|V_reg[7][13]                   ; Stuck at GND due to stuck port data_in ;
; Milestone1:M1_unit|V_reg[7][14]                   ; Stuck at GND due to stuck port data_in ;
; Milestone1:M1_unit|V_reg[7][15]                   ; Stuck at GND due to stuck port data_in ;
; Milestone1:M1_unit|V_reg[7][16]                   ; Stuck at GND due to stuck port data_in ;
; Milestone1:M1_unit|V_reg[7][17]                   ; Stuck at GND due to stuck port data_in ;
; Milestone1:M1_unit|V_reg[7][18]                   ; Stuck at GND due to stuck port data_in ;
; Milestone1:M1_unit|V_reg[7][19]                   ; Stuck at GND due to stuck port data_in ;
; Milestone1:M1_unit|V_reg[7][20]                   ; Stuck at GND due to stuck port data_in ;
; Milestone1:M1_unit|V_reg[7][21]                   ; Stuck at GND due to stuck port data_in ;
; Milestone1:M1_unit|V_reg[7][22]                   ; Stuck at GND due to stuck port data_in ;
; Milestone1:M1_unit|V_reg[7][23]                   ; Stuck at GND due to stuck port data_in ;
; Milestone1:M1_unit|V_reg[7][24]                   ; Stuck at GND due to stuck port data_in ;
; Milestone1:M1_unit|V_reg[7][25]                   ; Stuck at GND due to stuck port data_in ;
; Milestone1:M1_unit|V_reg[7][26]                   ; Stuck at GND due to stuck port data_in ;
; Milestone1:M1_unit|V_reg[7][27]                   ; Stuck at GND due to stuck port data_in ;
; Milestone1:M1_unit|V_reg[7][28]                   ; Stuck at GND due to stuck port data_in ;
; Milestone1:M1_unit|V_reg[7][29]                   ; Stuck at GND due to stuck port data_in ;
; Milestone1:M1_unit|V_reg[7][30]                   ; Stuck at GND due to stuck port data_in ;
; Milestone1:M1_unit|V_reg[7][31]                   ; Stuck at GND due to stuck port data_in ;
; Milestone1:M1_unit|V_reg[8][8]                    ; Stuck at GND due to stuck port data_in ;
; Milestone1:M1_unit|V_reg[8][9]                    ; Stuck at GND due to stuck port data_in ;
; Milestone1:M1_unit|V_reg[8][10]                   ; Stuck at GND due to stuck port data_in ;
; Milestone1:M1_unit|V_reg[8][11]                   ; Stuck at GND due to stuck port data_in ;
; Milestone1:M1_unit|V_reg[8][12]                   ; Stuck at GND due to stuck port data_in ;
; Milestone1:M1_unit|V_reg[8][13]                   ; Stuck at GND due to stuck port data_in ;
; Milestone1:M1_unit|V_reg[8][14]                   ; Stuck at GND due to stuck port data_in ;
; Milestone1:M1_unit|V_reg[8][15]                   ; Stuck at GND due to stuck port data_in ;
; Milestone1:M1_unit|V_reg[8][16]                   ; Stuck at GND due to stuck port data_in ;
; Milestone1:M1_unit|V_reg[8][17]                   ; Stuck at GND due to stuck port data_in ;
; Milestone1:M1_unit|V_reg[8][18]                   ; Stuck at GND due to stuck port data_in ;
; Milestone1:M1_unit|V_reg[8][19]                   ; Stuck at GND due to stuck port data_in ;
; Milestone1:M1_unit|V_reg[8][20]                   ; Stuck at GND due to stuck port data_in ;
; Milestone1:M1_unit|V_reg[8][21]                   ; Stuck at GND due to stuck port data_in ;
; Milestone1:M1_unit|V_reg[8][22]                   ; Stuck at GND due to stuck port data_in ;
; Milestone1:M1_unit|V_reg[8][23]                   ; Stuck at GND due to stuck port data_in ;
; Milestone1:M1_unit|V_reg[8][24]                   ; Stuck at GND due to stuck port data_in ;
; Milestone1:M1_unit|V_reg[8][25]                   ; Stuck at GND due to stuck port data_in ;
; Milestone1:M1_unit|V_reg[8][26]                   ; Stuck at GND due to stuck port data_in ;
; Milestone1:M1_unit|V_reg[8][27]                   ; Stuck at GND due to stuck port data_in ;
; Milestone1:M1_unit|V_reg[8][28]                   ; Stuck at GND due to stuck port data_in ;
; Milestone1:M1_unit|V_reg[8][29]                   ; Stuck at GND due to stuck port data_in ;
; Milestone1:M1_unit|V_reg[8][30]                   ; Stuck at GND due to stuck port data_in ;
; Milestone1:M1_unit|V_reg[8][31]                   ; Stuck at GND due to stuck port data_in ;
; Milestone1:M1_unit|V_reg[9][8]                    ; Stuck at GND due to stuck port data_in ;
; Milestone1:M1_unit|V_reg[9][9]                    ; Stuck at GND due to stuck port data_in ;
; Milestone1:M1_unit|V_reg[9][10]                   ; Stuck at GND due to stuck port data_in ;
; Milestone1:M1_unit|V_reg[9][11]                   ; Stuck at GND due to stuck port data_in ;
; Milestone1:M1_unit|V_reg[9][12]                   ; Stuck at GND due to stuck port data_in ;
; Milestone1:M1_unit|V_reg[9][13]                   ; Stuck at GND due to stuck port data_in ;
; Milestone1:M1_unit|V_reg[9][14]                   ; Stuck at GND due to stuck port data_in ;
; Milestone1:M1_unit|V_reg[9][15]                   ; Stuck at GND due to stuck port data_in ;
; Milestone1:M1_unit|V_reg[9][16]                   ; Stuck at GND due to stuck port data_in ;
; Milestone1:M1_unit|V_reg[9][17]                   ; Stuck at GND due to stuck port data_in ;
; Milestone1:M1_unit|V_reg[9][18]                   ; Stuck at GND due to stuck port data_in ;
; Milestone1:M1_unit|V_reg[9][19]                   ; Stuck at GND due to stuck port data_in ;
; Milestone1:M1_unit|V_reg[9][20]                   ; Stuck at GND due to stuck port data_in ;
; Milestone1:M1_unit|V_reg[9][21]                   ; Stuck at GND due to stuck port data_in ;
; Milestone1:M1_unit|V_reg[9][22]                   ; Stuck at GND due to stuck port data_in ;
; Milestone1:M1_unit|V_reg[9][23]                   ; Stuck at GND due to stuck port data_in ;
; Milestone1:M1_unit|V_reg[9][24]                   ; Stuck at GND due to stuck port data_in ;
; Milestone1:M1_unit|V_reg[9][25]                   ; Stuck at GND due to stuck port data_in ;
; Milestone1:M1_unit|V_reg[9][26]                   ; Stuck at GND due to stuck port data_in ;
; Milestone1:M1_unit|V_reg[9][27]                   ; Stuck at GND due to stuck port data_in ;
; Milestone1:M1_unit|V_reg[9][28]                   ; Stuck at GND due to stuck port data_in ;
; Milestone1:M1_unit|V_reg[9][29]                   ; Stuck at GND due to stuck port data_in ;
; Milestone1:M1_unit|V_reg[9][30]                   ; Stuck at GND due to stuck port data_in ;
; Milestone1:M1_unit|V_reg[9][31]                   ; Stuck at GND due to stuck port data_in ;
; Milestone3:M3_unit|SRAM_write_data[0..2]          ; Stuck at GND due to stuck port data_in ;
; Milestone3:M3_unit|SRAM_address[17]               ; Stuck at GND due to stuck port data_in ;
; Milestone1:M1_unit|U_odd[8..31]                   ; Stuck at GND due to stuck port data_in ;
; Milestone1:M1_unit|U_reg[0][8]                    ; Stuck at GND due to stuck port data_in ;
; Milestone1:M1_unit|U_reg[0][9]                    ; Stuck at GND due to stuck port data_in ;
; Milestone1:M1_unit|U_reg[0][10]                   ; Stuck at GND due to stuck port data_in ;
; Milestone1:M1_unit|U_reg[0][11]                   ; Stuck at GND due to stuck port data_in ;
; Milestone1:M1_unit|U_reg[0][12]                   ; Stuck at GND due to stuck port data_in ;
; Milestone1:M1_unit|U_reg[0][13]                   ; Stuck at GND due to stuck port data_in ;
; Milestone1:M1_unit|U_reg[0][14]                   ; Stuck at GND due to stuck port data_in ;
; Milestone1:M1_unit|U_reg[0][15]                   ; Stuck at GND due to stuck port data_in ;
; Milestone1:M1_unit|U_reg[0][16]                   ; Stuck at GND due to stuck port data_in ;
; Milestone1:M1_unit|U_reg[0][17]                   ; Stuck at GND due to stuck port data_in ;
; Milestone1:M1_unit|U_reg[0][18]                   ; Stuck at GND due to stuck port data_in ;
; Milestone1:M1_unit|U_reg[0][19]                   ; Stuck at GND due to stuck port data_in ;
; Milestone1:M1_unit|U_reg[0][20]                   ; Stuck at GND due to stuck port data_in ;
; Milestone1:M1_unit|U_reg[0][21]                   ; Stuck at GND due to stuck port data_in ;
; Milestone1:M1_unit|U_reg[0][22]                   ; Stuck at GND due to stuck port data_in ;
; Milestone1:M1_unit|U_reg[0][23]                   ; Stuck at GND due to stuck port data_in ;
; Milestone1:M1_unit|U_reg[0][24]                   ; Stuck at GND due to stuck port data_in ;
; Milestone1:M1_unit|U_reg[0][25]                   ; Stuck at GND due to stuck port data_in ;
; Milestone1:M1_unit|U_reg[0][26]                   ; Stuck at GND due to stuck port data_in ;
; Milestone1:M1_unit|U_reg[0][27]                   ; Stuck at GND due to stuck port data_in ;
; Milestone1:M1_unit|U_reg[0][28]                   ; Stuck at GND due to stuck port data_in ;
; Milestone1:M1_unit|U_reg[0][29]                   ; Stuck at GND due to stuck port data_in ;
; Milestone1:M1_unit|U_reg[0][30]                   ; Stuck at GND due to stuck port data_in ;
; Milestone1:M1_unit|U_reg[0][31]                   ; Stuck at GND due to stuck port data_in ;
; Milestone1:M1_unit|U_reg[1][8]                    ; Stuck at GND due to stuck port data_in ;
; Milestone1:M1_unit|U_reg[1][9]                    ; Stuck at GND due to stuck port data_in ;
; Milestone1:M1_unit|U_reg[1][10]                   ; Stuck at GND due to stuck port data_in ;
; Milestone1:M1_unit|U_reg[1][11]                   ; Stuck at GND due to stuck port data_in ;
; Milestone1:M1_unit|U_reg[1][12]                   ; Stuck at GND due to stuck port data_in ;
; Milestone1:M1_unit|U_reg[1][13]                   ; Stuck at GND due to stuck port data_in ;
; Milestone1:M1_unit|U_reg[1][14]                   ; Stuck at GND due to stuck port data_in ;
; Milestone1:M1_unit|U_reg[1][15]                   ; Stuck at GND due to stuck port data_in ;
; Milestone1:M1_unit|U_reg[1][16]                   ; Stuck at GND due to stuck port data_in ;
; Milestone1:M1_unit|U_reg[1][17]                   ; Stuck at GND due to stuck port data_in ;
; Milestone1:M1_unit|U_reg[1][18]                   ; Stuck at GND due to stuck port data_in ;
; Milestone1:M1_unit|U_reg[1][19]                   ; Stuck at GND due to stuck port data_in ;
; Milestone1:M1_unit|U_reg[1][20]                   ; Stuck at GND due to stuck port data_in ;
; Milestone1:M1_unit|U_reg[1][21]                   ; Stuck at GND due to stuck port data_in ;
; Milestone1:M1_unit|U_reg[1][22]                   ; Stuck at GND due to stuck port data_in ;
; Milestone1:M1_unit|U_reg[1][23]                   ; Stuck at GND due to stuck port data_in ;
; Milestone1:M1_unit|U_reg[1][24]                   ; Stuck at GND due to stuck port data_in ;
; Milestone1:M1_unit|U_reg[1][25]                   ; Stuck at GND due to stuck port data_in ;
; Milestone1:M1_unit|U_reg[1][26]                   ; Stuck at GND due to stuck port data_in ;
; Milestone1:M1_unit|U_reg[1][27]                   ; Stuck at GND due to stuck port data_in ;
; Milestone1:M1_unit|U_reg[1][28]                   ; Stuck at GND due to stuck port data_in ;
; Milestone1:M1_unit|U_reg[1][29]                   ; Stuck at GND due to stuck port data_in ;
; Milestone1:M1_unit|U_reg[1][30]                   ; Stuck at GND due to stuck port data_in ;
; Milestone1:M1_unit|U_reg[1][31]                   ; Stuck at GND due to stuck port data_in ;
; Milestone1:M1_unit|U_reg[2][8]                    ; Stuck at GND due to stuck port data_in ;
; Milestone1:M1_unit|U_reg[2][9]                    ; Stuck at GND due to stuck port data_in ;
; Milestone1:M1_unit|U_reg[2][10]                   ; Stuck at GND due to stuck port data_in ;
; Milestone1:M1_unit|U_reg[2][11]                   ; Stuck at GND due to stuck port data_in ;
; Milestone1:M1_unit|U_reg[2][12]                   ; Stuck at GND due to stuck port data_in ;
; Milestone1:M1_unit|U_reg[2][13]                   ; Stuck at GND due to stuck port data_in ;
; Milestone1:M1_unit|U_reg[2][14]                   ; Stuck at GND due to stuck port data_in ;
; Milestone1:M1_unit|U_reg[2][15]                   ; Stuck at GND due to stuck port data_in ;
; Milestone1:M1_unit|U_reg[2][16]                   ; Stuck at GND due to stuck port data_in ;
; Milestone1:M1_unit|U_reg[2][17]                   ; Stuck at GND due to stuck port data_in ;
; Milestone1:M1_unit|U_reg[2][18]                   ; Stuck at GND due to stuck port data_in ;
; Milestone1:M1_unit|U_reg[2][19]                   ; Stuck at GND due to stuck port data_in ;
; Milestone1:M1_unit|U_reg[2][20]                   ; Stuck at GND due to stuck port data_in ;
; Milestone1:M1_unit|U_reg[2][21]                   ; Stuck at GND due to stuck port data_in ;
; Milestone1:M1_unit|U_reg[2][22]                   ; Stuck at GND due to stuck port data_in ;
; Milestone1:M1_unit|U_reg[2][23]                   ; Stuck at GND due to stuck port data_in ;
; Milestone1:M1_unit|U_reg[2][24]                   ; Stuck at GND due to stuck port data_in ;
; Milestone1:M1_unit|U_reg[2][25]                   ; Stuck at GND due to stuck port data_in ;
; Milestone1:M1_unit|U_reg[2][26]                   ; Stuck at GND due to stuck port data_in ;
; Milestone1:M1_unit|U_reg[2][27]                   ; Stuck at GND due to stuck port data_in ;
; Milestone1:M1_unit|U_reg[2][28]                   ; Stuck at GND due to stuck port data_in ;
; Milestone1:M1_unit|U_reg[2][29]                   ; Stuck at GND due to stuck port data_in ;
; Milestone1:M1_unit|U_reg[2][30]                   ; Stuck at GND due to stuck port data_in ;
; Milestone1:M1_unit|U_reg[2][31]                   ; Stuck at GND due to stuck port data_in ;
; Milestone1:M1_unit|U_reg[3][8]                    ; Stuck at GND due to stuck port data_in ;
; Milestone1:M1_unit|U_reg[3][9]                    ; Stuck at GND due to stuck port data_in ;
; Milestone1:M1_unit|U_reg[3][10]                   ; Stuck at GND due to stuck port data_in ;
; Milestone1:M1_unit|U_reg[3][11]                   ; Stuck at GND due to stuck port data_in ;
; Milestone1:M1_unit|U_reg[3][12]                   ; Stuck at GND due to stuck port data_in ;
; Milestone1:M1_unit|U_reg[3][13]                   ; Stuck at GND due to stuck port data_in ;
; Milestone1:M1_unit|U_reg[3][14]                   ; Stuck at GND due to stuck port data_in ;
; Milestone1:M1_unit|U_reg[3][15]                   ; Stuck at GND due to stuck port data_in ;
; Milestone1:M1_unit|U_reg[3][16]                   ; Stuck at GND due to stuck port data_in ;
; Milestone1:M1_unit|U_reg[3][17]                   ; Stuck at GND due to stuck port data_in ;
; Milestone1:M1_unit|U_reg[3][18]                   ; Stuck at GND due to stuck port data_in ;
; Milestone1:M1_unit|U_reg[3][19]                   ; Stuck at GND due to stuck port data_in ;
; Milestone1:M1_unit|U_reg[3][20]                   ; Stuck at GND due to stuck port data_in ;
; Milestone1:M1_unit|U_reg[3][21]                   ; Stuck at GND due to stuck port data_in ;
; Milestone1:M1_unit|U_reg[3][22]                   ; Stuck at GND due to stuck port data_in ;
; Milestone1:M1_unit|U_reg[3][23]                   ; Stuck at GND due to stuck port data_in ;
; Milestone1:M1_unit|U_reg[3][24]                   ; Stuck at GND due to stuck port data_in ;
; Milestone1:M1_unit|U_reg[3][25]                   ; Stuck at GND due to stuck port data_in ;
; Milestone1:M1_unit|U_reg[3][26]                   ; Stuck at GND due to stuck port data_in ;
; Milestone1:M1_unit|U_reg[3][27]                   ; Stuck at GND due to stuck port data_in ;
; Milestone1:M1_unit|U_reg[3][28]                   ; Stuck at GND due to stuck port data_in ;
; Milestone1:M1_unit|U_reg[3][29]                   ; Stuck at GND due to stuck port data_in ;
; Milestone1:M1_unit|U_reg[3][30]                   ; Stuck at GND due to stuck port data_in ;
; Milestone1:M1_unit|U_reg[3][31]                   ; Stuck at GND due to stuck port data_in ;
; Milestone1:M1_unit|U_reg[4][8]                    ; Stuck at GND due to stuck port data_in ;
; Milestone1:M1_unit|U_reg[4][9]                    ; Stuck at GND due to stuck port data_in ;
; Milestone1:M1_unit|U_reg[4][10]                   ; Stuck at GND due to stuck port data_in ;
; Milestone1:M1_unit|U_reg[4][11]                   ; Stuck at GND due to stuck port data_in ;
; Milestone1:M1_unit|U_reg[4][12]                   ; Stuck at GND due to stuck port data_in ;
; Milestone1:M1_unit|U_reg[4][13]                   ; Stuck at GND due to stuck port data_in ;
; Milestone1:M1_unit|U_reg[4][14]                   ; Stuck at GND due to stuck port data_in ;
; Milestone1:M1_unit|U_reg[4][15]                   ; Stuck at GND due to stuck port data_in ;
; Milestone1:M1_unit|U_reg[4][16]                   ; Stuck at GND due to stuck port data_in ;
; Milestone1:M1_unit|U_reg[4][17]                   ; Stuck at GND due to stuck port data_in ;
; Milestone1:M1_unit|U_reg[4][18]                   ; Stuck at GND due to stuck port data_in ;
; Milestone1:M1_unit|U_reg[4][19]                   ; Stuck at GND due to stuck port data_in ;
; Milestone1:M1_unit|U_reg[4][20]                   ; Stuck at GND due to stuck port data_in ;
; Milestone1:M1_unit|U_reg[4][21]                   ; Stuck at GND due to stuck port data_in ;
; Milestone1:M1_unit|U_reg[4][22]                   ; Stuck at GND due to stuck port data_in ;
; Milestone1:M1_unit|U_reg[4][23]                   ; Stuck at GND due to stuck port data_in ;
; Milestone1:M1_unit|U_reg[4][24]                   ; Stuck at GND due to stuck port data_in ;
; Milestone1:M1_unit|U_reg[4][25]                   ; Stuck at GND due to stuck port data_in ;
; Milestone1:M1_unit|U_reg[4][26]                   ; Stuck at GND due to stuck port data_in ;
; Milestone1:M1_unit|U_reg[4][27]                   ; Stuck at GND due to stuck port data_in ;
; Milestone1:M1_unit|U_reg[4][28]                   ; Stuck at GND due to stuck port data_in ;
; Milestone1:M1_unit|U_reg[4][29]                   ; Stuck at GND due to stuck port data_in ;
; Milestone1:M1_unit|U_reg[4][30]                   ; Stuck at GND due to stuck port data_in ;
; Milestone1:M1_unit|U_reg[4][31]                   ; Stuck at GND due to stuck port data_in ;
; Milestone1:M1_unit|U_reg[5][8]                    ; Stuck at GND due to stuck port data_in ;
; Milestone1:M1_unit|U_reg[5][9]                    ; Stuck at GND due to stuck port data_in ;
; Milestone1:M1_unit|U_reg[5][10]                   ; Stuck at GND due to stuck port data_in ;
; Milestone1:M1_unit|U_reg[5][11]                   ; Stuck at GND due to stuck port data_in ;
; Milestone1:M1_unit|U_reg[5][12]                   ; Stuck at GND due to stuck port data_in ;
; Milestone1:M1_unit|U_reg[5][13]                   ; Stuck at GND due to stuck port data_in ;
; Milestone1:M1_unit|U_reg[5][14]                   ; Stuck at GND due to stuck port data_in ;
; Milestone1:M1_unit|U_reg[5][15]                   ; Stuck at GND due to stuck port data_in ;
; Milestone1:M1_unit|U_reg[5][16]                   ; Stuck at GND due to stuck port data_in ;
; Milestone1:M1_unit|U_reg[5][17]                   ; Stuck at GND due to stuck port data_in ;
; Milestone1:M1_unit|U_reg[5][18]                   ; Stuck at GND due to stuck port data_in ;
; Milestone1:M1_unit|U_reg[5][19]                   ; Stuck at GND due to stuck port data_in ;
; Milestone1:M1_unit|U_reg[5][20]                   ; Stuck at GND due to stuck port data_in ;
; Milestone1:M1_unit|U_reg[5][21]                   ; Stuck at GND due to stuck port data_in ;
; Milestone1:M1_unit|U_reg[5][22]                   ; Stuck at GND due to stuck port data_in ;
; Milestone1:M1_unit|U_reg[5][23]                   ; Stuck at GND due to stuck port data_in ;
; Milestone1:M1_unit|U_reg[5][24]                   ; Stuck at GND due to stuck port data_in ;
; Milestone1:M1_unit|U_reg[5][25]                   ; Stuck at GND due to stuck port data_in ;
; Milestone1:M1_unit|U_reg[5][26]                   ; Stuck at GND due to stuck port data_in ;
; Milestone1:M1_unit|U_reg[5][27]                   ; Stuck at GND due to stuck port data_in ;
; Milestone1:M1_unit|U_reg[5][28]                   ; Stuck at GND due to stuck port data_in ;
; Milestone1:M1_unit|U_reg[5][29]                   ; Stuck at GND due to stuck port data_in ;
; Milestone1:M1_unit|U_reg[5][30]                   ; Stuck at GND due to stuck port data_in ;
; Milestone1:M1_unit|U_reg[5][31]                   ; Stuck at GND due to stuck port data_in ;
; Milestone1:M1_unit|U_reg[6][8]                    ; Stuck at GND due to stuck port data_in ;
; Milestone1:M1_unit|U_reg[6][9]                    ; Stuck at GND due to stuck port data_in ;
; Milestone1:M1_unit|U_reg[6][10]                   ; Stuck at GND due to stuck port data_in ;
; Milestone1:M1_unit|U_reg[6][11]                   ; Stuck at GND due to stuck port data_in ;
; Milestone1:M1_unit|U_reg[6][12]                   ; Stuck at GND due to stuck port data_in ;
; Milestone1:M1_unit|U_reg[6][13]                   ; Stuck at GND due to stuck port data_in ;
; Milestone1:M1_unit|U_reg[6][14]                   ; Stuck at GND due to stuck port data_in ;
; Milestone1:M1_unit|U_reg[6][15]                   ; Stuck at GND due to stuck port data_in ;
; Milestone1:M1_unit|U_reg[6][16]                   ; Stuck at GND due to stuck port data_in ;
; Milestone1:M1_unit|U_reg[6][17]                   ; Stuck at GND due to stuck port data_in ;
; Milestone1:M1_unit|U_reg[6][18]                   ; Stuck at GND due to stuck port data_in ;
; Milestone1:M1_unit|U_reg[6][19]                   ; Stuck at GND due to stuck port data_in ;
; Milestone1:M1_unit|U_reg[6][20]                   ; Stuck at GND due to stuck port data_in ;
; Milestone1:M1_unit|U_reg[6][21]                   ; Stuck at GND due to stuck port data_in ;
; Milestone1:M1_unit|U_reg[6][22]                   ; Stuck at GND due to stuck port data_in ;
; Milestone1:M1_unit|U_reg[6][23]                   ; Stuck at GND due to stuck port data_in ;
; Milestone1:M1_unit|U_reg[6][24]                   ; Stuck at GND due to stuck port data_in ;
; Milestone1:M1_unit|U_reg[6][25]                   ; Stuck at GND due to stuck port data_in ;
; Milestone1:M1_unit|U_reg[6][26]                   ; Stuck at GND due to stuck port data_in ;
; Milestone1:M1_unit|U_reg[6][27]                   ; Stuck at GND due to stuck port data_in ;
; Milestone1:M1_unit|U_reg[6][28]                   ; Stuck at GND due to stuck port data_in ;
; Milestone1:M1_unit|U_reg[6][29]                   ; Stuck at GND due to stuck port data_in ;
; Milestone1:M1_unit|U_reg[6][30]                   ; Stuck at GND due to stuck port data_in ;
; Milestone1:M1_unit|U_reg[6][31]                   ; Stuck at GND due to stuck port data_in ;
; Milestone1:M1_unit|U_reg[7][8]                    ; Stuck at GND due to stuck port data_in ;
; Milestone1:M1_unit|U_reg[7][9]                    ; Stuck at GND due to stuck port data_in ;
; Milestone1:M1_unit|U_reg[7][10]                   ; Stuck at GND due to stuck port data_in ;
; Milestone1:M1_unit|U_reg[7][11]                   ; Stuck at GND due to stuck port data_in ;
; Milestone1:M1_unit|U_reg[7][12]                   ; Stuck at GND due to stuck port data_in ;
; Milestone1:M1_unit|U_reg[7][13]                   ; Stuck at GND due to stuck port data_in ;
; Milestone1:M1_unit|U_reg[7][14]                   ; Stuck at GND due to stuck port data_in ;
; Milestone1:M1_unit|U_reg[7][15]                   ; Stuck at GND due to stuck port data_in ;
; Milestone1:M1_unit|U_reg[7][16]                   ; Stuck at GND due to stuck port data_in ;
; Milestone1:M1_unit|U_reg[7][17]                   ; Stuck at GND due to stuck port data_in ;
; Milestone1:M1_unit|U_reg[7][18]                   ; Stuck at GND due to stuck port data_in ;
; Milestone1:M1_unit|U_reg[7][19]                   ; Stuck at GND due to stuck port data_in ;
; Milestone1:M1_unit|U_reg[7][20]                   ; Stuck at GND due to stuck port data_in ;
; Milestone1:M1_unit|U_reg[7][21]                   ; Stuck at GND due to stuck port data_in ;
; Milestone1:M1_unit|U_reg[7][22]                   ; Stuck at GND due to stuck port data_in ;
; Milestone1:M1_unit|U_reg[7][23]                   ; Stuck at GND due to stuck port data_in ;
; Milestone1:M1_unit|U_reg[7][24]                   ; Stuck at GND due to stuck port data_in ;
; Milestone1:M1_unit|U_reg[7][25]                   ; Stuck at GND due to stuck port data_in ;
; Milestone1:M1_unit|U_reg[7][26]                   ; Stuck at GND due to stuck port data_in ;
; Milestone1:M1_unit|U_reg[7][27]                   ; Stuck at GND due to stuck port data_in ;
; Milestone1:M1_unit|U_reg[7][28]                   ; Stuck at GND due to stuck port data_in ;
; Milestone1:M1_unit|U_reg[7][29]                   ; Stuck at GND due to stuck port data_in ;
; Milestone1:M1_unit|U_reg[7][30]                   ; Stuck at GND due to stuck port data_in ;
; Milestone1:M1_unit|U_reg[7][31]                   ; Stuck at GND due to stuck port data_in ;
; Milestone1:M1_unit|U_reg[8][8]                    ; Stuck at GND due to stuck port data_in ;
; Milestone1:M1_unit|U_reg[8][9]                    ; Stuck at GND due to stuck port data_in ;
; Milestone1:M1_unit|U_reg[8][10]                   ; Stuck at GND due to stuck port data_in ;
; Milestone1:M1_unit|U_reg[8][11]                   ; Stuck at GND due to stuck port data_in ;
; Milestone1:M1_unit|U_reg[8][12]                   ; Stuck at GND due to stuck port data_in ;
; Milestone1:M1_unit|U_reg[8][13]                   ; Stuck at GND due to stuck port data_in ;
; Milestone1:M1_unit|U_reg[8][14]                   ; Stuck at GND due to stuck port data_in ;
; Milestone1:M1_unit|U_reg[8][15]                   ; Stuck at GND due to stuck port data_in ;
; Milestone1:M1_unit|U_reg[8][16]                   ; Stuck at GND due to stuck port data_in ;
; Milestone1:M1_unit|U_reg[8][17]                   ; Stuck at GND due to stuck port data_in ;
; Milestone1:M1_unit|U_reg[8][18]                   ; Stuck at GND due to stuck port data_in ;
; Milestone1:M1_unit|U_reg[8][19]                   ; Stuck at GND due to stuck port data_in ;
; Milestone1:M1_unit|U_reg[8][20]                   ; Stuck at GND due to stuck port data_in ;
; Milestone1:M1_unit|U_reg[8][21]                   ; Stuck at GND due to stuck port data_in ;
; Milestone1:M1_unit|U_reg[8][22]                   ; Stuck at GND due to stuck port data_in ;
; Milestone1:M1_unit|U_reg[8][23]                   ; Stuck at GND due to stuck port data_in ;
; Milestone1:M1_unit|U_reg[8][24]                   ; Stuck at GND due to stuck port data_in ;
; Milestone1:M1_unit|U_reg[8][25]                   ; Stuck at GND due to stuck port data_in ;
; Milestone1:M1_unit|U_reg[8][26]                   ; Stuck at GND due to stuck port data_in ;
; Milestone1:M1_unit|U_reg[8][27]                   ; Stuck at GND due to stuck port data_in ;
; Milestone1:M1_unit|U_reg[8][28]                   ; Stuck at GND due to stuck port data_in ;
; Milestone1:M1_unit|U_reg[8][29]                   ; Stuck at GND due to stuck port data_in ;
; Milestone1:M1_unit|U_reg[8][30]                   ; Stuck at GND due to stuck port data_in ;
; Milestone1:M1_unit|U_reg[8][31]                   ; Stuck at GND due to stuck port data_in ;
; Milestone1:M1_unit|U_reg[9][8]                    ; Stuck at GND due to stuck port data_in ;
; Milestone1:M1_unit|U_reg[9][9]                    ; Stuck at GND due to stuck port data_in ;
; Milestone1:M1_unit|U_reg[9][10]                   ; Stuck at GND due to stuck port data_in ;
; Milestone1:M1_unit|U_reg[9][11]                   ; Stuck at GND due to stuck port data_in ;
; Milestone1:M1_unit|U_reg[9][12]                   ; Stuck at GND due to stuck port data_in ;
; Milestone1:M1_unit|U_reg[9][13]                   ; Stuck at GND due to stuck port data_in ;
; Milestone1:M1_unit|U_reg[9][14]                   ; Stuck at GND due to stuck port data_in ;
; Milestone1:M1_unit|U_reg[9][15]                   ; Stuck at GND due to stuck port data_in ;
; Milestone1:M1_unit|U_reg[9][16]                   ; Stuck at GND due to stuck port data_in ;
; Milestone1:M1_unit|U_reg[9][17]                   ; Stuck at GND due to stuck port data_in ;
; Milestone1:M1_unit|U_reg[9][18]                   ; Stuck at GND due to stuck port data_in ;
; Milestone1:M1_unit|U_reg[9][19]                   ; Stuck at GND due to stuck port data_in ;
; Milestone1:M1_unit|U_reg[9][20]                   ; Stuck at GND due to stuck port data_in ;
; Milestone1:M1_unit|U_reg[9][21]                   ; Stuck at GND due to stuck port data_in ;
; Milestone1:M1_unit|U_reg[9][22]                   ; Stuck at GND due to stuck port data_in ;
; Milestone1:M1_unit|U_reg[9][23]                   ; Stuck at GND due to stuck port data_in ;
; Milestone1:M1_unit|U_reg[9][24]                   ; Stuck at GND due to stuck port data_in ;
; Milestone1:M1_unit|U_reg[9][25]                   ; Stuck at GND due to stuck port data_in ;
; Milestone1:M1_unit|U_reg[9][26]                   ; Stuck at GND due to stuck port data_in ;
; Milestone1:M1_unit|U_reg[9][27]                   ; Stuck at GND due to stuck port data_in ;
; Milestone1:M1_unit|U_reg[9][28]                   ; Stuck at GND due to stuck port data_in ;
; Milestone1:M1_unit|U_reg[9][29]                   ; Stuck at GND due to stuck port data_in ;
; Milestone1:M1_unit|U_reg[9][30]                   ; Stuck at GND due to stuck port data_in ;
; Milestone1:M1_unit|U_reg[9][31]                   ; Stuck at GND due to stuck port data_in ;
; Total Number of Removed Registers = 653           ;                                        ;
+---------------------------------------------------+----------------------------------------+


+--------------------------------------------------------------------------------------------------------------------------------------------------+
; Removed Registers Triggering Further Register Optimizations                                                                                      ;
+--------------------------------------------------+---------------------------+-------------------------------------------------------------------+
; Register name                                    ; Reason for Removal        ; Registers Removed due to This Register                            ;
+--------------------------------------------------+---------------------------+-------------------------------------------------------------------+
; Milestone1:M1_unit|V_odd[31]                     ; Stuck at GND              ; Milestone1:M1_unit|V_reg[0][31], Milestone1:M1_unit|V_reg[1][31], ;
;                                                  ; due to stuck port data_in ; Milestone1:M1_unit|V_reg[2][31], Milestone1:M1_unit|V_reg[3][31], ;
;                                                  ;                           ; Milestone1:M1_unit|V_reg[4][31], Milestone1:M1_unit|V_reg[5][31], ;
;                                                  ;                           ; Milestone1:M1_unit|V_reg[6][31], Milestone1:M1_unit|V_reg[7][31], ;
;                                                  ;                           ; Milestone1:M1_unit|V_reg[8][31], Milestone1:M1_unit|V_reg[9][31]  ;
; Milestone1:M1_unit|V_odd[30]                     ; Stuck at GND              ; Milestone1:M1_unit|V_reg[0][30], Milestone1:M1_unit|V_reg[1][30], ;
;                                                  ; due to stuck port data_in ; Milestone1:M1_unit|V_reg[2][30], Milestone1:M1_unit|V_reg[3][30], ;
;                                                  ;                           ; Milestone1:M1_unit|V_reg[4][30], Milestone1:M1_unit|V_reg[5][30], ;
;                                                  ;                           ; Milestone1:M1_unit|V_reg[6][30], Milestone1:M1_unit|V_reg[7][30], ;
;                                                  ;                           ; Milestone1:M1_unit|V_reg[8][30], Milestone1:M1_unit|V_reg[9][30]  ;
; Milestone1:M1_unit|V_odd[29]                     ; Stuck at GND              ; Milestone1:M1_unit|V_reg[0][29], Milestone1:M1_unit|V_reg[1][29], ;
;                                                  ; due to stuck port data_in ; Milestone1:M1_unit|V_reg[2][29], Milestone1:M1_unit|V_reg[3][29], ;
;                                                  ;                           ; Milestone1:M1_unit|V_reg[4][29], Milestone1:M1_unit|V_reg[5][29], ;
;                                                  ;                           ; Milestone1:M1_unit|V_reg[6][29], Milestone1:M1_unit|V_reg[7][29], ;
;                                                  ;                           ; Milestone1:M1_unit|V_reg[8][29], Milestone1:M1_unit|V_reg[9][29]  ;
; Milestone1:M1_unit|V_odd[28]                     ; Stuck at GND              ; Milestone1:M1_unit|V_reg[0][28], Milestone1:M1_unit|V_reg[1][28], ;
;                                                  ; due to stuck port data_in ; Milestone1:M1_unit|V_reg[2][28], Milestone1:M1_unit|V_reg[3][28], ;
;                                                  ;                           ; Milestone1:M1_unit|V_reg[4][28], Milestone1:M1_unit|V_reg[5][28], ;
;                                                  ;                           ; Milestone1:M1_unit|V_reg[6][28], Milestone1:M1_unit|V_reg[7][28], ;
;                                                  ;                           ; Milestone1:M1_unit|V_reg[8][28], Milestone1:M1_unit|V_reg[9][28]  ;
; Milestone1:M1_unit|V_odd[27]                     ; Stuck at GND              ; Milestone1:M1_unit|V_reg[0][27], Milestone1:M1_unit|V_reg[1][27], ;
;                                                  ; due to stuck port data_in ; Milestone1:M1_unit|V_reg[2][27], Milestone1:M1_unit|V_reg[3][27], ;
;                                                  ;                           ; Milestone1:M1_unit|V_reg[4][27], Milestone1:M1_unit|V_reg[5][27], ;
;                                                  ;                           ; Milestone1:M1_unit|V_reg[6][27], Milestone1:M1_unit|V_reg[7][27], ;
;                                                  ;                           ; Milestone1:M1_unit|V_reg[8][27], Milestone1:M1_unit|V_reg[9][27]  ;
; Milestone1:M1_unit|V_odd[26]                     ; Stuck at GND              ; Milestone1:M1_unit|V_reg[0][26], Milestone1:M1_unit|V_reg[1][26], ;
;                                                  ; due to stuck port data_in ; Milestone1:M1_unit|V_reg[2][26], Milestone1:M1_unit|V_reg[3][26], ;
;                                                  ;                           ; Milestone1:M1_unit|V_reg[4][26], Milestone1:M1_unit|V_reg[5][26], ;
;                                                  ;                           ; Milestone1:M1_unit|V_reg[6][26], Milestone1:M1_unit|V_reg[7][26], ;
;                                                  ;                           ; Milestone1:M1_unit|V_reg[8][26], Milestone1:M1_unit|V_reg[9][26]  ;
; Milestone1:M1_unit|V_odd[25]                     ; Stuck at GND              ; Milestone1:M1_unit|V_reg[0][25], Milestone1:M1_unit|V_reg[1][25], ;
;                                                  ; due to stuck port data_in ; Milestone1:M1_unit|V_reg[2][25], Milestone1:M1_unit|V_reg[3][25], ;
;                                                  ;                           ; Milestone1:M1_unit|V_reg[4][25], Milestone1:M1_unit|V_reg[5][25], ;
;                                                  ;                           ; Milestone1:M1_unit|V_reg[6][25], Milestone1:M1_unit|V_reg[7][25], ;
;                                                  ;                           ; Milestone1:M1_unit|V_reg[8][25], Milestone1:M1_unit|V_reg[9][25]  ;
; Milestone1:M1_unit|V_odd[24]                     ; Stuck at GND              ; Milestone1:M1_unit|V_reg[0][24], Milestone1:M1_unit|V_reg[1][24], ;
;                                                  ; due to stuck port data_in ; Milestone1:M1_unit|V_reg[2][24], Milestone1:M1_unit|V_reg[3][24], ;
;                                                  ;                           ; Milestone1:M1_unit|V_reg[4][24], Milestone1:M1_unit|V_reg[5][24], ;
;                                                  ;                           ; Milestone1:M1_unit|V_reg[6][24], Milestone1:M1_unit|V_reg[7][24], ;
;                                                  ;                           ; Milestone1:M1_unit|V_reg[8][24], Milestone1:M1_unit|V_reg[9][24]  ;
; Milestone1:M1_unit|V_odd[23]                     ; Stuck at GND              ; Milestone1:M1_unit|V_reg[0][23], Milestone1:M1_unit|V_reg[1][23], ;
;                                                  ; due to stuck port data_in ; Milestone1:M1_unit|V_reg[2][23], Milestone1:M1_unit|V_reg[3][23], ;
;                                                  ;                           ; Milestone1:M1_unit|V_reg[4][23], Milestone1:M1_unit|V_reg[5][23], ;
;                                                  ;                           ; Milestone1:M1_unit|V_reg[6][23], Milestone1:M1_unit|V_reg[7][23], ;
;                                                  ;                           ; Milestone1:M1_unit|V_reg[8][23], Milestone1:M1_unit|V_reg[9][23]  ;
; Milestone1:M1_unit|V_odd[22]                     ; Stuck at GND              ; Milestone1:M1_unit|V_reg[0][22], Milestone1:M1_unit|V_reg[1][22], ;
;                                                  ; due to stuck port data_in ; Milestone1:M1_unit|V_reg[2][22], Milestone1:M1_unit|V_reg[3][22], ;
;                                                  ;                           ; Milestone1:M1_unit|V_reg[4][22], Milestone1:M1_unit|V_reg[5][22], ;
;                                                  ;                           ; Milestone1:M1_unit|V_reg[6][22], Milestone1:M1_unit|V_reg[7][22], ;
;                                                  ;                           ; Milestone1:M1_unit|V_reg[8][22], Milestone1:M1_unit|V_reg[9][22]  ;
; Milestone1:M1_unit|V_odd[21]                     ; Stuck at GND              ; Milestone1:M1_unit|V_reg[0][21], Milestone1:M1_unit|V_reg[1][21], ;
;                                                  ; due to stuck port data_in ; Milestone1:M1_unit|V_reg[2][21], Milestone1:M1_unit|V_reg[3][21], ;
;                                                  ;                           ; Milestone1:M1_unit|V_reg[4][21], Milestone1:M1_unit|V_reg[5][21], ;
;                                                  ;                           ; Milestone1:M1_unit|V_reg[6][21], Milestone1:M1_unit|V_reg[7][21], ;
;                                                  ;                           ; Milestone1:M1_unit|V_reg[8][21], Milestone1:M1_unit|V_reg[9][21]  ;
; Milestone1:M1_unit|V_odd[20]                     ; Stuck at GND              ; Milestone1:M1_unit|V_reg[0][20], Milestone1:M1_unit|V_reg[1][20], ;
;                                                  ; due to stuck port data_in ; Milestone1:M1_unit|V_reg[2][20], Milestone1:M1_unit|V_reg[3][20], ;
;                                                  ;                           ; Milestone1:M1_unit|V_reg[4][20], Milestone1:M1_unit|V_reg[5][20], ;
;                                                  ;                           ; Milestone1:M1_unit|V_reg[6][20], Milestone1:M1_unit|V_reg[7][20], ;
;                                                  ;                           ; Milestone1:M1_unit|V_reg[8][20], Milestone1:M1_unit|V_reg[9][20]  ;
; Milestone1:M1_unit|V_odd[19]                     ; Stuck at GND              ; Milestone1:M1_unit|V_reg[0][19], Milestone1:M1_unit|V_reg[1][19], ;
;                                                  ; due to stuck port data_in ; Milestone1:M1_unit|V_reg[2][19], Milestone1:M1_unit|V_reg[3][19], ;
;                                                  ;                           ; Milestone1:M1_unit|V_reg[4][19], Milestone1:M1_unit|V_reg[5][19], ;
;                                                  ;                           ; Milestone1:M1_unit|V_reg[6][19], Milestone1:M1_unit|V_reg[7][19], ;
;                                                  ;                           ; Milestone1:M1_unit|V_reg[8][19], Milestone1:M1_unit|V_reg[9][19]  ;
; Milestone1:M1_unit|V_odd[18]                     ; Stuck at GND              ; Milestone1:M1_unit|V_reg[0][18], Milestone1:M1_unit|V_reg[1][18], ;
;                                                  ; due to stuck port data_in ; Milestone1:M1_unit|V_reg[2][18], Milestone1:M1_unit|V_reg[3][18], ;
;                                                  ;                           ; Milestone1:M1_unit|V_reg[4][18], Milestone1:M1_unit|V_reg[5][18], ;
;                                                  ;                           ; Milestone1:M1_unit|V_reg[6][18], Milestone1:M1_unit|V_reg[7][18], ;
;                                                  ;                           ; Milestone1:M1_unit|V_reg[8][18], Milestone1:M1_unit|V_reg[9][18]  ;
; Milestone1:M1_unit|V_odd[17]                     ; Stuck at GND              ; Milestone1:M1_unit|V_reg[0][17], Milestone1:M1_unit|V_reg[1][17], ;
;                                                  ; due to stuck port data_in ; Milestone1:M1_unit|V_reg[2][17], Milestone1:M1_unit|V_reg[3][17], ;
;                                                  ;                           ; Milestone1:M1_unit|V_reg[4][17], Milestone1:M1_unit|V_reg[5][17], ;
;                                                  ;                           ; Milestone1:M1_unit|V_reg[6][17], Milestone1:M1_unit|V_reg[7][17], ;
;                                                  ;                           ; Milestone1:M1_unit|V_reg[8][17], Milestone1:M1_unit|V_reg[9][17]  ;
; Milestone1:M1_unit|V_odd[16]                     ; Stuck at GND              ; Milestone1:M1_unit|V_reg[0][16], Milestone1:M1_unit|V_reg[1][16], ;
;                                                  ; due to stuck port data_in ; Milestone1:M1_unit|V_reg[2][16], Milestone1:M1_unit|V_reg[3][16], ;
;                                                  ;                           ; Milestone1:M1_unit|V_reg[4][16], Milestone1:M1_unit|V_reg[5][16], ;
;                                                  ;                           ; Milestone1:M1_unit|V_reg[6][16], Milestone1:M1_unit|V_reg[7][16], ;
;                                                  ;                           ; Milestone1:M1_unit|V_reg[8][16], Milestone1:M1_unit|V_reg[9][16]  ;
; Milestone1:M1_unit|V_odd[15]                     ; Stuck at GND              ; Milestone1:M1_unit|V_reg[0][15], Milestone1:M1_unit|V_reg[1][15], ;
;                                                  ; due to stuck port data_in ; Milestone1:M1_unit|V_reg[2][15], Milestone1:M1_unit|V_reg[3][15], ;
;                                                  ;                           ; Milestone1:M1_unit|V_reg[4][15], Milestone1:M1_unit|V_reg[5][15], ;
;                                                  ;                           ; Milestone1:M1_unit|V_reg[6][15], Milestone1:M1_unit|V_reg[7][15], ;
;                                                  ;                           ; Milestone1:M1_unit|V_reg[8][15], Milestone1:M1_unit|V_reg[9][15]  ;
; Milestone1:M1_unit|V_odd[14]                     ; Stuck at GND              ; Milestone1:M1_unit|V_reg[0][14], Milestone1:M1_unit|V_reg[1][14], ;
;                                                  ; due to stuck port data_in ; Milestone1:M1_unit|V_reg[2][14], Milestone1:M1_unit|V_reg[3][14], ;
;                                                  ;                           ; Milestone1:M1_unit|V_reg[4][14], Milestone1:M1_unit|V_reg[5][14], ;
;                                                  ;                           ; Milestone1:M1_unit|V_reg[6][14], Milestone1:M1_unit|V_reg[7][14], ;
;                                                  ;                           ; Milestone1:M1_unit|V_reg[8][14], Milestone1:M1_unit|V_reg[9][14]  ;
; Milestone1:M1_unit|V_odd[13]                     ; Stuck at GND              ; Milestone1:M1_unit|V_reg[0][13], Milestone1:M1_unit|V_reg[1][13], ;
;                                                  ; due to stuck port data_in ; Milestone1:M1_unit|V_reg[2][13], Milestone1:M1_unit|V_reg[3][13], ;
;                                                  ;                           ; Milestone1:M1_unit|V_reg[4][13], Milestone1:M1_unit|V_reg[5][13], ;
;                                                  ;                           ; Milestone1:M1_unit|V_reg[6][13], Milestone1:M1_unit|V_reg[7][13], ;
;                                                  ;                           ; Milestone1:M1_unit|V_reg[8][13], Milestone1:M1_unit|V_reg[9][13]  ;
; Milestone1:M1_unit|V_odd[12]                     ; Stuck at GND              ; Milestone1:M1_unit|V_reg[0][12], Milestone1:M1_unit|V_reg[1][12], ;
;                                                  ; due to stuck port data_in ; Milestone1:M1_unit|V_reg[2][12], Milestone1:M1_unit|V_reg[3][12], ;
;                                                  ;                           ; Milestone1:M1_unit|V_reg[4][12], Milestone1:M1_unit|V_reg[5][12], ;
;                                                  ;                           ; Milestone1:M1_unit|V_reg[6][12], Milestone1:M1_unit|V_reg[7][12], ;
;                                                  ;                           ; Milestone1:M1_unit|V_reg[8][12], Milestone1:M1_unit|V_reg[9][12]  ;
; Milestone1:M1_unit|V_odd[11]                     ; Stuck at GND              ; Milestone1:M1_unit|V_reg[0][11], Milestone1:M1_unit|V_reg[1][11], ;
;                                                  ; due to stuck port data_in ; Milestone1:M1_unit|V_reg[2][11], Milestone1:M1_unit|V_reg[3][11], ;
;                                                  ;                           ; Milestone1:M1_unit|V_reg[4][11], Milestone1:M1_unit|V_reg[5][11], ;
;                                                  ;                           ; Milestone1:M1_unit|V_reg[6][11], Milestone1:M1_unit|V_reg[7][11], ;
;                                                  ;                           ; Milestone1:M1_unit|V_reg[8][11], Milestone1:M1_unit|V_reg[9][11]  ;
; Milestone1:M1_unit|V_odd[10]                     ; Stuck at GND              ; Milestone1:M1_unit|V_reg[0][10], Milestone1:M1_unit|V_reg[1][10], ;
;                                                  ; due to stuck port data_in ; Milestone1:M1_unit|V_reg[2][10], Milestone1:M1_unit|V_reg[3][10], ;
;                                                  ;                           ; Milestone1:M1_unit|V_reg[4][10], Milestone1:M1_unit|V_reg[5][10], ;
;                                                  ;                           ; Milestone1:M1_unit|V_reg[6][10], Milestone1:M1_unit|V_reg[7][10], ;
;                                                  ;                           ; Milestone1:M1_unit|V_reg[8][10], Milestone1:M1_unit|V_reg[9][10]  ;
; Milestone1:M1_unit|V_odd[9]                      ; Stuck at GND              ; Milestone1:M1_unit|V_reg[0][9], Milestone1:M1_unit|V_reg[1][9],   ;
;                                                  ; due to stuck port data_in ; Milestone1:M1_unit|V_reg[2][9], Milestone1:M1_unit|V_reg[3][9],   ;
;                                                  ;                           ; Milestone1:M1_unit|V_reg[4][9], Milestone1:M1_unit|V_reg[5][9],   ;
;                                                  ;                           ; Milestone1:M1_unit|V_reg[6][9], Milestone1:M1_unit|V_reg[7][9],   ;
;                                                  ;                           ; Milestone1:M1_unit|V_reg[8][9], Milestone1:M1_unit|V_reg[9][9]    ;
; Milestone1:M1_unit|V_odd[8]                      ; Stuck at GND              ; Milestone1:M1_unit|V_reg[0][8], Milestone1:M1_unit|V_reg[1][8],   ;
;                                                  ; due to stuck port data_in ; Milestone1:M1_unit|V_reg[2][8], Milestone1:M1_unit|V_reg[3][8],   ;
;                                                  ;                           ; Milestone1:M1_unit|V_reg[4][8], Milestone1:M1_unit|V_reg[5][8],   ;
;                                                  ;                           ; Milestone1:M1_unit|V_reg[6][8], Milestone1:M1_unit|V_reg[7][8],   ;
;                                                  ;                           ; Milestone1:M1_unit|V_reg[8][8], Milestone1:M1_unit|V_reg[9][8]    ;
; Milestone1:M1_unit|U_odd[31]                     ; Stuck at GND              ; Milestone1:M1_unit|U_reg[0][31], Milestone1:M1_unit|U_reg[1][31], ;
;                                                  ; due to stuck port data_in ; Milestone1:M1_unit|U_reg[2][31], Milestone1:M1_unit|U_reg[3][31], ;
;                                                  ;                           ; Milestone1:M1_unit|U_reg[4][31]                                   ;
; Milestone1:M1_unit|U_odd[8]                      ; Stuck at GND              ; Milestone1:M1_unit|U_reg[0][8], Milestone1:M1_unit|U_reg[1][8],   ;
;                                                  ; due to stuck port data_in ; Milestone1:M1_unit|U_reg[2][8], Milestone1:M1_unit|U_reg[3][8],   ;
;                                                  ;                           ; Milestone1:M1_unit|U_reg[4][8]                                    ;
; Milestone1:M1_unit|U_odd[9]                      ; Stuck at GND              ; Milestone1:M1_unit|U_reg[0][9], Milestone1:M1_unit|U_reg[1][9],   ;
;                                                  ; due to stuck port data_in ; Milestone1:M1_unit|U_reg[2][9], Milestone1:M1_unit|U_reg[3][9],   ;
;                                                  ;                           ; Milestone1:M1_unit|U_reg[4][9]                                    ;
; Milestone1:M1_unit|U_odd[10]                     ; Stuck at GND              ; Milestone1:M1_unit|U_reg[0][10], Milestone1:M1_unit|U_reg[1][10], ;
;                                                  ; due to stuck port data_in ; Milestone1:M1_unit|U_reg[2][10], Milestone1:M1_unit|U_reg[3][10], ;
;                                                  ;                           ; Milestone1:M1_unit|U_reg[4][10]                                   ;
; Milestone1:M1_unit|U_odd[11]                     ; Stuck at GND              ; Milestone1:M1_unit|U_reg[0][11], Milestone1:M1_unit|U_reg[1][11], ;
;                                                  ; due to stuck port data_in ; Milestone1:M1_unit|U_reg[2][11], Milestone1:M1_unit|U_reg[3][11], ;
;                                                  ;                           ; Milestone1:M1_unit|U_reg[4][11]                                   ;
; Milestone1:M1_unit|U_odd[12]                     ; Stuck at GND              ; Milestone1:M1_unit|U_reg[0][12], Milestone1:M1_unit|U_reg[1][12], ;
;                                                  ; due to stuck port data_in ; Milestone1:M1_unit|U_reg[2][12], Milestone1:M1_unit|U_reg[3][12], ;
;                                                  ;                           ; Milestone1:M1_unit|U_reg[4][12]                                   ;
; Milestone1:M1_unit|U_odd[13]                     ; Stuck at GND              ; Milestone1:M1_unit|U_reg[0][13], Milestone1:M1_unit|U_reg[1][13], ;
;                                                  ; due to stuck port data_in ; Milestone1:M1_unit|U_reg[2][13], Milestone1:M1_unit|U_reg[3][13], ;
;                                                  ;                           ; Milestone1:M1_unit|U_reg[4][13]                                   ;
; Milestone1:M1_unit|U_odd[14]                     ; Stuck at GND              ; Milestone1:M1_unit|U_reg[0][14], Milestone1:M1_unit|U_reg[1][14], ;
;                                                  ; due to stuck port data_in ; Milestone1:M1_unit|U_reg[2][14], Milestone1:M1_unit|U_reg[3][14], ;
;                                                  ;                           ; Milestone1:M1_unit|U_reg[4][14]                                   ;
; Milestone1:M1_unit|U_odd[15]                     ; Stuck at GND              ; Milestone1:M1_unit|U_reg[0][15], Milestone1:M1_unit|U_reg[1][15], ;
;                                                  ; due to stuck port data_in ; Milestone1:M1_unit|U_reg[2][15], Milestone1:M1_unit|U_reg[3][15], ;
;                                                  ;                           ; Milestone1:M1_unit|U_reg[4][15]                                   ;
; Milestone1:M1_unit|U_odd[16]                     ; Stuck at GND              ; Milestone1:M1_unit|U_reg[0][16], Milestone1:M1_unit|U_reg[1][16], ;
;                                                  ; due to stuck port data_in ; Milestone1:M1_unit|U_reg[2][16], Milestone1:M1_unit|U_reg[3][16], ;
;                                                  ;                           ; Milestone1:M1_unit|U_reg[4][16]                                   ;
; Milestone1:M1_unit|U_odd[17]                     ; Stuck at GND              ; Milestone1:M1_unit|U_reg[0][17], Milestone1:M1_unit|U_reg[1][17], ;
;                                                  ; due to stuck port data_in ; Milestone1:M1_unit|U_reg[2][17], Milestone1:M1_unit|U_reg[3][17], ;
;                                                  ;                           ; Milestone1:M1_unit|U_reg[4][17]                                   ;
; Milestone1:M1_unit|U_odd[18]                     ; Stuck at GND              ; Milestone1:M1_unit|U_reg[0][18], Milestone1:M1_unit|U_reg[1][18], ;
;                                                  ; due to stuck port data_in ; Milestone1:M1_unit|U_reg[2][18], Milestone1:M1_unit|U_reg[3][18], ;
;                                                  ;                           ; Milestone1:M1_unit|U_reg[4][18]                                   ;
; Milestone1:M1_unit|U_odd[19]                     ; Stuck at GND              ; Milestone1:M1_unit|U_reg[0][19], Milestone1:M1_unit|U_reg[1][19], ;
;                                                  ; due to stuck port data_in ; Milestone1:M1_unit|U_reg[2][19], Milestone1:M1_unit|U_reg[3][19], ;
;                                                  ;                           ; Milestone1:M1_unit|U_reg[4][19]                                   ;
; Milestone1:M1_unit|U_odd[20]                     ; Stuck at GND              ; Milestone1:M1_unit|U_reg[0][20], Milestone1:M1_unit|U_reg[1][20], ;
;                                                  ; due to stuck port data_in ; Milestone1:M1_unit|U_reg[2][20], Milestone1:M1_unit|U_reg[3][20], ;
;                                                  ;                           ; Milestone1:M1_unit|U_reg[4][20]                                   ;
; Milestone1:M1_unit|U_odd[21]                     ; Stuck at GND              ; Milestone1:M1_unit|U_reg[0][21], Milestone1:M1_unit|U_reg[1][21], ;
;                                                  ; due to stuck port data_in ; Milestone1:M1_unit|U_reg[2][21], Milestone1:M1_unit|U_reg[3][21], ;
;                                                  ;                           ; Milestone1:M1_unit|U_reg[4][21]                                   ;
; Milestone1:M1_unit|U_odd[22]                     ; Stuck at GND              ; Milestone1:M1_unit|U_reg[0][22], Milestone1:M1_unit|U_reg[1][22], ;
;                                                  ; due to stuck port data_in ; Milestone1:M1_unit|U_reg[2][22], Milestone1:M1_unit|U_reg[3][22], ;
;                                                  ;                           ; Milestone1:M1_unit|U_reg[4][22]                                   ;
; Milestone1:M1_unit|U_odd[23]                     ; Stuck at GND              ; Milestone1:M1_unit|U_reg[0][23], Milestone1:M1_unit|U_reg[1][23], ;
;                                                  ; due to stuck port data_in ; Milestone1:M1_unit|U_reg[2][23], Milestone1:M1_unit|U_reg[3][23], ;
;                                                  ;                           ; Milestone1:M1_unit|U_reg[4][23]                                   ;
; Milestone1:M1_unit|U_odd[24]                     ; Stuck at GND              ; Milestone1:M1_unit|U_reg[0][24], Milestone1:M1_unit|U_reg[1][24], ;
;                                                  ; due to stuck port data_in ; Milestone1:M1_unit|U_reg[2][24], Milestone1:M1_unit|U_reg[3][24], ;
;                                                  ;                           ; Milestone1:M1_unit|U_reg[4][24]                                   ;
; Milestone1:M1_unit|U_odd[25]                     ; Stuck at GND              ; Milestone1:M1_unit|U_reg[0][25], Milestone1:M1_unit|U_reg[1][25], ;
;                                                  ; due to stuck port data_in ; Milestone1:M1_unit|U_reg[2][25], Milestone1:M1_unit|U_reg[3][25], ;
;                                                  ;                           ; Milestone1:M1_unit|U_reg[4][25]                                   ;
; Milestone1:M1_unit|U_odd[26]                     ; Stuck at GND              ; Milestone1:M1_unit|U_reg[0][26], Milestone1:M1_unit|U_reg[1][26], ;
;                                                  ; due to stuck port data_in ; Milestone1:M1_unit|U_reg[2][26], Milestone1:M1_unit|U_reg[3][26], ;
;                                                  ;                           ; Milestone1:M1_unit|U_reg[4][26]                                   ;
; Milestone1:M1_unit|U_odd[27]                     ; Stuck at GND              ; Milestone1:M1_unit|U_reg[0][27], Milestone1:M1_unit|U_reg[1][27], ;
;                                                  ; due to stuck port data_in ; Milestone1:M1_unit|U_reg[2][27], Milestone1:M1_unit|U_reg[3][27], ;
;                                                  ;                           ; Milestone1:M1_unit|U_reg[4][27]                                   ;
; Milestone1:M1_unit|U_odd[28]                     ; Stuck at GND              ; Milestone1:M1_unit|U_reg[0][28], Milestone1:M1_unit|U_reg[1][28], ;
;                                                  ; due to stuck port data_in ; Milestone1:M1_unit|U_reg[2][28], Milestone1:M1_unit|U_reg[3][28], ;
;                                                  ;                           ; Milestone1:M1_unit|U_reg[4][28]                                   ;
; Milestone1:M1_unit|U_odd[29]                     ; Stuck at GND              ; Milestone1:M1_unit|U_reg[0][29], Milestone1:M1_unit|U_reg[1][29], ;
;                                                  ; due to stuck port data_in ; Milestone1:M1_unit|U_reg[2][29], Milestone1:M1_unit|U_reg[3][29], ;
;                                                  ;                           ; Milestone1:M1_unit|U_reg[4][29]                                   ;
; Milestone1:M1_unit|U_odd[30]                     ; Stuck at GND              ; Milestone1:M1_unit|U_reg[0][30], Milestone1:M1_unit|U_reg[1][30], ;
;                                                  ; due to stuck port data_in ; Milestone1:M1_unit|U_reg[2][30], Milestone1:M1_unit|U_reg[3][30], ;
;                                                  ;                           ; Milestone1:M1_unit|U_reg[4][30]                                   ;
; Milestone1:M1_unit|U_reg[5][8]                   ; Stuck at GND              ; Milestone1:M1_unit|U_reg[6][8], Milestone1:M1_unit|U_reg[7][8],   ;
;                                                  ; due to stuck port data_in ; Milestone1:M1_unit|U_reg[8][8], Milestone1:M1_unit|U_reg[9][8]    ;
; Milestone1:M1_unit|U_reg[5][9]                   ; Stuck at GND              ; Milestone1:M1_unit|U_reg[6][9], Milestone1:M1_unit|U_reg[7][9],   ;
;                                                  ; due to stuck port data_in ; Milestone1:M1_unit|U_reg[8][9], Milestone1:M1_unit|U_reg[9][9]    ;
; Milestone1:M1_unit|U_reg[5][10]                  ; Stuck at GND              ; Milestone1:M1_unit|U_reg[6][10], Milestone1:M1_unit|U_reg[7][10], ;
;                                                  ; due to stuck port data_in ; Milestone1:M1_unit|U_reg[8][10], Milestone1:M1_unit|U_reg[9][10]  ;
; Milestone1:M1_unit|U_reg[5][11]                  ; Stuck at GND              ; Milestone1:M1_unit|U_reg[6][11], Milestone1:M1_unit|U_reg[7][11], ;
;                                                  ; due to stuck port data_in ; Milestone1:M1_unit|U_reg[8][11], Milestone1:M1_unit|U_reg[9][11]  ;
; Milestone1:M1_unit|U_reg[5][12]                  ; Stuck at GND              ; Milestone1:M1_unit|U_reg[6][12], Milestone1:M1_unit|U_reg[7][12], ;
;                                                  ; due to stuck port data_in ; Milestone1:M1_unit|U_reg[8][12], Milestone1:M1_unit|U_reg[9][12]  ;
; Milestone1:M1_unit|U_reg[5][13]                  ; Stuck at GND              ; Milestone1:M1_unit|U_reg[6][13], Milestone1:M1_unit|U_reg[7][13], ;
;                                                  ; due to stuck port data_in ; Milestone1:M1_unit|U_reg[8][13], Milestone1:M1_unit|U_reg[9][13]  ;
; Milestone1:M1_unit|U_reg[5][14]                  ; Stuck at GND              ; Milestone1:M1_unit|U_reg[6][14], Milestone1:M1_unit|U_reg[7][14], ;
;                                                  ; due to stuck port data_in ; Milestone1:M1_unit|U_reg[8][14], Milestone1:M1_unit|U_reg[9][14]  ;
; Milestone1:M1_unit|U_reg[5][15]                  ; Stuck at GND              ; Milestone1:M1_unit|U_reg[6][15], Milestone1:M1_unit|U_reg[7][15], ;
;                                                  ; due to stuck port data_in ; Milestone1:M1_unit|U_reg[8][15], Milestone1:M1_unit|U_reg[9][15]  ;
; Milestone1:M1_unit|U_reg[5][16]                  ; Stuck at GND              ; Milestone1:M1_unit|U_reg[6][16], Milestone1:M1_unit|U_reg[7][16], ;
;                                                  ; due to stuck port data_in ; Milestone1:M1_unit|U_reg[8][16], Milestone1:M1_unit|U_reg[9][16]  ;
; Milestone1:M1_unit|U_reg[5][17]                  ; Stuck at GND              ; Milestone1:M1_unit|U_reg[6][17], Milestone1:M1_unit|U_reg[7][17], ;
;                                                  ; due to stuck port data_in ; Milestone1:M1_unit|U_reg[8][17], Milestone1:M1_unit|U_reg[9][17]  ;
; Milestone1:M1_unit|U_reg[5][18]                  ; Stuck at GND              ; Milestone1:M1_unit|U_reg[6][18], Milestone1:M1_unit|U_reg[7][18], ;
;                                                  ; due to stuck port data_in ; Milestone1:M1_unit|U_reg[8][18], Milestone1:M1_unit|U_reg[9][18]  ;
; Milestone1:M1_unit|U_reg[5][19]                  ; Stuck at GND              ; Milestone1:M1_unit|U_reg[6][19], Milestone1:M1_unit|U_reg[7][19], ;
;                                                  ; due to stuck port data_in ; Milestone1:M1_unit|U_reg[8][19], Milestone1:M1_unit|U_reg[9][19]  ;
; Milestone1:M1_unit|U_reg[5][20]                  ; Stuck at GND              ; Milestone1:M1_unit|U_reg[6][20], Milestone1:M1_unit|U_reg[7][20], ;
;                                                  ; due to stuck port data_in ; Milestone1:M1_unit|U_reg[8][20], Milestone1:M1_unit|U_reg[9][20]  ;
; Milestone1:M1_unit|U_reg[5][21]                  ; Stuck at GND              ; Milestone1:M1_unit|U_reg[6][21], Milestone1:M1_unit|U_reg[7][21], ;
;                                                  ; due to stuck port data_in ; Milestone1:M1_unit|U_reg[8][21], Milestone1:M1_unit|U_reg[9][21]  ;
; Milestone1:M1_unit|U_reg[5][22]                  ; Stuck at GND              ; Milestone1:M1_unit|U_reg[6][22], Milestone1:M1_unit|U_reg[7][22], ;
;                                                  ; due to stuck port data_in ; Milestone1:M1_unit|U_reg[8][22], Milestone1:M1_unit|U_reg[9][22]  ;
; Milestone1:M1_unit|U_reg[5][23]                  ; Stuck at GND              ; Milestone1:M1_unit|U_reg[6][23], Milestone1:M1_unit|U_reg[7][23], ;
;                                                  ; due to stuck port data_in ; Milestone1:M1_unit|U_reg[8][23], Milestone1:M1_unit|U_reg[9][23]  ;
; Milestone1:M1_unit|U_reg[5][24]                  ; Stuck at GND              ; Milestone1:M1_unit|U_reg[6][24], Milestone1:M1_unit|U_reg[7][24], ;
;                                                  ; due to stuck port data_in ; Milestone1:M1_unit|U_reg[8][24], Milestone1:M1_unit|U_reg[9][24]  ;
; Milestone1:M1_unit|U_reg[5][25]                  ; Stuck at GND              ; Milestone1:M1_unit|U_reg[6][25], Milestone1:M1_unit|U_reg[7][25], ;
;                                                  ; due to stuck port data_in ; Milestone1:M1_unit|U_reg[8][25], Milestone1:M1_unit|U_reg[9][25]  ;
; Milestone1:M1_unit|U_reg[5][26]                  ; Stuck at GND              ; Milestone1:M1_unit|U_reg[6][26], Milestone1:M1_unit|U_reg[7][26], ;
;                                                  ; due to stuck port data_in ; Milestone1:M1_unit|U_reg[8][26], Milestone1:M1_unit|U_reg[9][26]  ;
; Milestone1:M1_unit|U_reg[5][27]                  ; Stuck at GND              ; Milestone1:M1_unit|U_reg[6][27], Milestone1:M1_unit|U_reg[7][27], ;
;                                                  ; due to stuck port data_in ; Milestone1:M1_unit|U_reg[8][27], Milestone1:M1_unit|U_reg[9][27]  ;
; Milestone1:M1_unit|U_reg[5][28]                  ; Stuck at GND              ; Milestone1:M1_unit|U_reg[6][28], Milestone1:M1_unit|U_reg[7][28], ;
;                                                  ; due to stuck port data_in ; Milestone1:M1_unit|U_reg[8][28], Milestone1:M1_unit|U_reg[9][28]  ;
; Milestone1:M1_unit|U_reg[5][29]                  ; Stuck at GND              ; Milestone1:M1_unit|U_reg[6][29], Milestone1:M1_unit|U_reg[7][29], ;
;                                                  ; due to stuck port data_in ; Milestone1:M1_unit|U_reg[8][29], Milestone1:M1_unit|U_reg[9][29]  ;
; Milestone1:M1_unit|U_reg[5][30]                  ; Stuck at GND              ; Milestone1:M1_unit|U_reg[6][30], Milestone1:M1_unit|U_reg[7][30], ;
;                                                  ; due to stuck port data_in ; Milestone1:M1_unit|U_reg[8][30], Milestone1:M1_unit|U_reg[9][30]  ;
; Milestone1:M1_unit|U_reg[5][31]                  ; Stuck at GND              ; Milestone1:M1_unit|U_reg[6][31], Milestone1:M1_unit|U_reg[7][31], ;
;                                                  ; due to stuck port data_in ; Milestone1:M1_unit|U_reg[8][31], Milestone1:M1_unit|U_reg[9][31]  ;
; UART_SRAM_interface:UART_unit|UART_SRAM_state~11 ; Lost Fanouts              ; UART_SRAM_interface:UART_unit|new_line_count[1],                  ;
;                                                  ;                           ; UART_SRAM_interface:UART_unit|new_line_count[0]                   ;
+--------------------------------------------------+---------------------------+-------------------------------------------------------------------+


+------------------------------------------------------+
; General Register Statistics                          ;
+----------------------------------------------+-------+
; Statistic                                    ; Value ;
+----------------------------------------------+-------+
; Total registers                              ; 2414  ;
; Number of registers using Synchronous Clear  ; 162   ;
; Number of registers using Synchronous Load   ; 279   ;
; Number of registers using Asynchronous Clear ; 2258  ;
; Number of registers using Asynchronous Load  ; 0     ;
; Number of registers using Clock Enable       ; 2064  ;
; Number of registers using Preset             ; 0     ;
+----------------------------------------------+-------+


+-------------------------------------------------------------------------------+
; Inverted Register Statistics                                                  ;
+---------------------------------------------------------------------+---------+
; Inverted Register                                                   ; Fan out ;
+---------------------------------------------------------------------+---------+
; UART_SRAM_interface:UART_unit|SRAM_we_n                             ; 3       ;
; Milestone1:M1_unit|SRAM_w_en                                        ; 3       ;
; Milestone2:M2_unit|SRAM_w_en_M2_write                               ; 2       ;
; Milestone3:M3_unit|SRAM_we_n                                        ; 3       ;
; VGA_enable                                                          ; 14      ;
; SRAM_controller:SRAM_unit|SRAM_WE_N_O                               ; 17      ;
; SRAM_controller:SRAM_unit|SRAM_CE_N_O                               ; 1       ;
; SRAM_controller:SRAM_unit|SRAM_OE_N_O                               ; 1       ;
; Milestone1:M1_unit|flag_2                                           ; 4       ;
; Milestone1:M1_unit|flag_1                                           ; 12      ;
; UART_SRAM_interface:UART_unit|UART_receive_controller:UART_RX|Empty ; 11      ;
; Milestone2:M2_unit|start_flag_1                                     ; 2       ;
; PB_controller:PB_unit|clock_1kHz_buf                                ; 1       ;
; PB_controller:PB_unit|clock_1kHz                                    ; 3       ;
; Milestone2:M2_unit|Cs_address_b[2][0]                               ; 4       ;
; Milestone2:M2_unit|offset[0]                                        ; 3       ;
; Milestone2:M2_unit|Ct_address_b[2][0]                               ; 4       ;
; Milestone2:M2_unit|Ct_address_b[1][5]                               ; 2       ;
; Milestone2:M2_unit|Cs_address_b[0][5]                               ; 2       ;
; Milestone2:M2_unit|Ct_address_b[1][6]                               ; 2       ;
; Milestone2:M2_unit|Cs_address_b[0][6]                               ; 2       ;
; Total number of inverted registers = 21                             ;         ;
+---------------------------------------------------------------------+---------+


+-----------------------------------------------------------------------------------------------------------------------------------------------------------------------------------------------------+
; Multiplexer Restructuring Statistics (Restructuring Performed)                                                                                                                                      ;
+--------------------+-----------+---------------+----------------------+------------------------+------------+---------------------------------------------------------------------------------------+
; Multiplexer Inputs ; Bus Width ; Baseline Area ; Area if Restructured ; Saving if Restructured ; Registered ; Example Multiplexer Output                                                            ;
+--------------------+-----------+---------------+----------------------+------------------------+------------+---------------------------------------------------------------------------------------+
; 3:1                ; 4 bits    ; 8 LEs         ; 4 LEs                ; 4 LEs                  ; Yes        ; |project|Milestone2:M2_unit|col_block_F[3]                                            ;
; 3:1                ; 2 bits    ; 4 LEs         ; 2 LEs                ; 2 LEs                  ; Yes        ; |project|UART_SRAM_interface:UART_unit|new_line_count[1]                              ;
; 3:1                ; 8 bits    ; 16 LEs        ; 8 LEs                ; 8 LEs                  ; Yes        ; |project|UART_SRAM_interface:UART_unit|SRAM_write_data[5]                             ;
; 3:1                ; 8 bits    ; 16 LEs        ; 8 LEs                ; 8 LEs                  ; Yes        ; |project|UART_SRAM_interface:UART_unit|SRAM_write_data[15]                            ;
; 3:1                ; 48 bits   ; 96 LEs        ; 48 LEs               ; 48 LEs                 ; Yes        ; |project|Milestone1:M1_unit|U_reg[8][4]                                               ;
; 3:1                ; 16 bits   ; 32 LEs        ; 16 LEs               ; 16 LEs                 ; Yes        ; |project|Milestone1:M1_unit|U_reg[2][2]                                               ;
; 3:1                ; 8 bits    ; 16 LEs        ; 8 LEs                ; 8 LEs                  ; Yes        ; |project|Milestone1:M1_unit|U_reg[1][1]                                               ;
; 3:1                ; 32 bits   ; 64 LEs        ; 32 LEs               ; 32 LEs                 ; Yes        ; |project|Milestone1:M1_unit|B_even[29]                                                ;
; 3:1                ; 96 bits   ; 192 LEs       ; 96 LEs               ; 96 LEs                 ; Yes        ; |project|Milestone2:M2_unit|mult_op_1_1_Ct[8]                                         ;
; 4:1                ; 8 bits    ; 16 LEs        ; 16 LEs               ; 0 LEs                  ; Yes        ; |project|Milestone1:M1_unit|U_reg[0][3]                                               ;
; 5:1                ; 5 bits    ; 15 LEs        ; 5 LEs                ; 10 LEs                 ; Yes        ; |project|Milestone2:M2_unit|row_block_F[1]                                            ;
; 4:1                ; 48 bits   ; 96 LEs        ; 48 LEs               ; 48 LEs                 ; Yes        ; |project|Milestone1:M1_unit|V_reg[4][3]                                               ;
; 4:1                ; 16 bits   ; 32 LEs        ; 16 LEs               ; 16 LEs                 ; Yes        ; |project|Milestone1:M1_unit|V_reg[3][6]                                               ;
; 4:1                ; 8 bits    ; 16 LEs        ; 8 LEs                ; 8 LEs                  ; Yes        ; |project|Milestone1:M1_unit|V_reg[1][5]                                               ;
; 4:1                ; 49 bits   ; 98 LEs        ; 49 LEs               ; 49 LEs                 ; Yes        ; |project|Milestone1:M1_unit|G_odd[7]                                                  ;
; 5:1                ; 18 bits   ; 54 LEs        ; 18 LEs               ; 36 LEs                 ; Yes        ; |project|Milestone1:M1_unit|RGB_offset[6]                                             ;
; 5:1                ; 12 bits   ; 36 LEs        ; 24 LEs               ; 12 LEs                 ; Yes        ; |project|Milestone1:M1_unit|accum_1[21]                                               ;
; 5:1                ; 8 bits    ; 24 LEs        ; 8 LEs                ; 16 LEs                 ; Yes        ; |project|UART_SRAM_interface:UART_unit|UART_receive_controller:UART_RX|data_buffer[4] ;
; 5:1                ; 8 bits    ; 24 LEs        ; 16 LEs               ; 8 LEs                  ; Yes        ; |project|Milestone1:M1_unit|V_reg[0][1]                                               ;
; 5:1                ; 64 bits   ; 192 LEs       ; 64 LEs               ; 128 LEs                ; Yes        ; |project|Milestone1:M1_unit|Y_even[30]                                                ;
; 5:1                ; 8 bits    ; 24 LEs        ; 8 LEs                ; 16 LEs                 ; Yes        ; |project|Milestone2:M2_unit|fetch_address_a[6]                                        ;
; 5:1                ; 18 bits   ; 54 LEs        ; 18 LEs               ; 36 LEs                 ; Yes        ; |project|Milestone1:M1_unit|Y_offset[11]                                              ;
; 7:1                ; 2 bits    ; 8 LEs         ; 8 LEs                ; 0 LEs                  ; Yes        ; |project|SRAM_controller:SRAM_unit|SRAM_ADDRESS_O[1]                                  ;
; 6:1                ; 5 bits    ; 20 LEs        ; 5 LEs                ; 15 LEs                 ; Yes        ; |project|Milestone3:M3_unit|bits_left[2]                                              ;
; 6:1                ; 4 bits    ; 16 LEs        ; 4 LEs                ; 12 LEs                 ; Yes        ; |project|Milestone2:M2_unit|col_index_F[3]                                            ;
; 6:1                ; 24 bits   ; 96 LEs        ; 72 LEs               ; 24 LEs                 ; Yes        ; |project|VGA_SRAM_interface:VGA_unit|VGA_green[7]                                     ;
; 6:1                ; 10 bits   ; 40 LEs        ; 10 LEs               ; 30 LEs                 ; Yes        ; |project|Milestone2:M2_unit|block_counter[6]                                          ;
; 6:1                ; 20 bits   ; 80 LEs        ; 40 LEs               ; 40 LEs                 ; Yes        ; |project|Milestone1:M1_unit|accum_1[9]                                                ;
; 6:1                ; 12 bits   ; 48 LEs        ; 24 LEs               ; 24 LEs                 ; Yes        ; |project|Milestone1:M1_unit|accum_2[26]                                               ;
; 6:1                ; 20 bits   ; 80 LEs        ; 40 LEs               ; 40 LEs                 ; Yes        ; |project|Milestone1:M1_unit|accum_2[4]                                                ;
; 6:1                ; 16 bits   ; 64 LEs        ; 16 LEs               ; 48 LEs                 ; Yes        ; |project|Milestone3:M3_unit|mem_offset[2]                                             ;
; 6:1                ; 32 bits   ; 128 LEs       ; 32 LEs               ; 96 LEs                 ; Yes        ; |project|Milestone2:M2_unit|Cs_write_data_a[8]                                        ;
; 6:1                ; 32 bits   ; 128 LEs       ; 32 LEs               ; 96 LEs                 ; Yes        ; |project|Milestone2:M2_unit|Ct_write_data_a[31]                                       ;
; 6:1                ; 26 bits   ; 104 LEs       ; 26 LEs               ; 78 LEs                 ; Yes        ; |project|UART_timer[1]                                                                ;
; 7:1                ; 4 bits    ; 16 LEs        ; 4 LEs                ; 12 LEs                 ; Yes        ; |project|Milestone2:M2_unit|col_index[3]                                              ;
; 7:1                ; 18 bits   ; 72 LEs        ; 18 LEs               ; 54 LEs                 ; Yes        ; |project|Milestone1:M1_unit|U_offset[8]                                               ;
; 7:1                ; 18 bits   ; 72 LEs        ; 18 LEs               ; 54 LEs                 ; Yes        ; |project|Milestone1:M1_unit|V_offset[5]                                               ;
; 7:1                ; 3 bits    ; 12 LEs        ; 3 LEs                ; 9 LEs                  ; Yes        ; |project|UART_SRAM_interface:UART_unit|UART_receive_controller:UART_RX|data_count[0]  ;
; 7:1                ; 7 bits    ; 28 LEs        ; 14 LEs               ; 14 LEs                 ; Yes        ; |project|Milestone2:M2_unit|Cs_address_a[2][6]                                        ;
; 7:1                ; 8 bits    ; 32 LEs        ; 16 LEs               ; 16 LEs                 ; Yes        ; |project|Milestone2:M2_unit|Ct_address_a[0][1]                                        ;
; 7:1                ; 7 bits    ; 28 LEs        ; 14 LEs               ; 14 LEs                 ; Yes        ; |project|Milestone2:M2_unit|Ct_address_a[2][2]                                        ;
; 7:1                ; 18 bits   ; 72 LEs        ; 36 LEs               ; 36 LEs                 ; Yes        ; |project|UART_SRAM_interface:UART_unit|SRAM_address[3]                                ;
; 8:1                ; 2 bits    ; 10 LEs        ; 2 LEs                ; 8 LEs                  ; Yes        ; |project|Milestone2:M2_unit|address_a_M2_write[6]                                     ;
; 8:1                ; 3 bits    ; 15 LEs        ; 3 LEs                ; 12 LEs                 ; Yes        ; |project|Milestone2:M2_unit|address_a_M2_write[0]                                     ;
; 8:1                ; 3 bits    ; 15 LEs        ; 6 LEs                ; 9 LEs                  ; Yes        ; |project|Milestone2:M2_unit|address_a_M2_write[4]                                     ;
; 8:1                ; 8 bits    ; 40 LEs        ; 16 LEs               ; 24 LEs                 ; Yes        ; |project|Milestone3:M3_unit|memory_data[2]                                            ;
; 9:1                ; 10 bits   ; 60 LEs        ; 10 LEs               ; 50 LEs                 ; Yes        ; |project|UART_SRAM_interface:UART_unit|UART_receive_controller:UART_RX|clock_count[1] ;
; 11:1               ; 3 bits    ; 21 LEs        ; 12 LEs               ; 9 LEs                  ; Yes        ; |project|Milestone3:M3_unit|address[0]                                                ;
; 11:1               ; 4 bits    ; 28 LEs        ; 20 LEs               ; 8 LEs                  ; Yes        ; |project|Milestone3:M3_unit|address[6]                                                ;
; 9:1                ; 8 bits    ; 48 LEs        ; 24 LEs               ; 24 LEs                 ; Yes        ; |project|Milestone3:M3_unit|memory_data[9]                                            ;
; 10:1               ; 2 bits    ; 12 LEs        ; 2 LEs                ; 10 LEs                 ; Yes        ; |project|VGA_SRAM_interface:VGA_unit|SRAM_address[1]                                  ;
; 9:1                ; 8 bits    ; 48 LEs        ; 8 LEs                ; 40 LEs                 ; Yes        ; |project|Milestone3:M3_unit|z_counter[2]                                              ;
; 11:1               ; 12 bits   ; 84 LEs        ; 36 LEs               ; 48 LEs                 ; Yes        ; |project|Milestone3:M3_unit|shift_reg[41]                                             ;
; 11:1               ; 16 bits   ; 112 LEs       ; 32 LEs               ; 80 LEs                 ; Yes        ; |project|VGA_SRAM_interface:VGA_unit|SRAM_address[7]                                  ;
; 12:1               ; 16 bits   ; 128 LEs       ; 48 LEs               ; 80 LEs                 ; Yes        ; |project|Milestone3:M3_unit|shift_reg[31]                                             ;
; 12:1               ; 16 bits   ; 128 LEs       ; 48 LEs               ; 80 LEs                 ; Yes        ; |project|Milestone3:M3_unit|shift_reg[3]                                              ;
; 12:1               ; 2 bits    ; 16 LEs        ; 8 LEs                ; 8 LEs                  ; Yes        ; |project|Milestone3:M3_unit|shift_reg[45]                                             ;
; 11:1               ; 3 bits    ; 21 LEs        ; 3 LEs                ; 18 LEs                 ; Yes        ; |project|Milestone3:M3_unit|SRAM_address[2]                                           ;
; 12:1               ; 3 bits    ; 24 LEs        ; 6 LEs                ; 18 LEs                 ; Yes        ; |project|Milestone2:M2_unit|accum_3[31]                                               ;
; 10:1               ; 8 bits    ; 48 LEs        ; 8 LEs                ; 40 LEs                 ; Yes        ; |project|Milestone3:M3_unit|counter[5]                                                ;
; 13:1               ; 2 bits    ; 16 LEs        ; 8 LEs                ; 8 LEs                  ; Yes        ; |project|Milestone3:M3_unit|shift_reg[46]                                             ;
; 13:1               ; 96 bits   ; 768 LEs       ; 192 LEs              ; 576 LEs                ; Yes        ; |project|Milestone2:M2_unit|accum_1_Cs[22]                                            ;
; 13:1               ; 93 bits   ; 744 LEs       ; 186 LEs              ; 558 LEs                ; Yes        ; |project|Milestone2:M2_unit|accum_1[30]                                               ;
; 7:1                ; 5 bits    ; 20 LEs        ; 5 LEs                ; 15 LEs                 ; Yes        ; |project|Milestone2:M2_unit|Ct_address_b[1][2]                                        ;
; 7:1                ; 5 bits    ; 20 LEs        ; 5 LEs                ; 15 LEs                 ; Yes        ; |project|Milestone2:M2_unit|Cs_address_b[0][1]                                        ;
; 7:1                ; 7 bits    ; 28 LEs        ; 7 LEs                ; 21 LEs                 ; Yes        ; |project|Milestone2:M2_unit|Cs_address_a[0][7]                                        ;
; 8:1                ; 7 bits    ; 35 LEs        ; 7 LEs                ; 28 LEs                 ; Yes        ; |project|Milestone2:M2_unit|Ct_address_a[1][5]                                        ;
; 14:1               ; 4 bits    ; 36 LEs        ; 16 LEs               ; 20 LEs                 ; Yes        ; |project|Milestone3:M3_unit|bit_shift_unit[2]                                         ;
; 14:1               ; 8 bits    ; 72 LEs        ; 48 LEs               ; 24 LEs                 ; Yes        ; |project|Milestone1:M1_unit|SRAM_write_data[0]                                        ;
; 14:1               ; 8 bits    ; 72 LEs        ; 48 LEs               ; 24 LEs                 ; Yes        ; |project|Milestone1:M1_unit|SRAM_write_data[14]                                       ;
; 15:1               ; 3 bits    ; 30 LEs        ; 6 LEs                ; 24 LEs                 ; Yes        ; |project|Milestone3:M3_unit|SRAM_write_data[13]                                       ;
; 15:1               ; 4 bits    ; 40 LEs        ; 8 LEs                ; 32 LEs                 ; Yes        ; |project|Milestone3:M3_unit|SRAM_write_data[9]                                        ;
; 8:1                ; 3 bits    ; 15 LEs        ; 9 LEs                ; 6 LEs                  ; Yes        ; |project|Milestone2:M2_unit|Cs_address_a[1][5]                                        ;
; 11:1               ; 13 bits   ; 91 LEs        ; 26 LEs               ; 65 LEs                 ; Yes        ; |project|Milestone3:M3_unit|SRAM_address[11]                                          ;
; 13:1               ; 18 bits   ; 144 LEs       ; 54 LEs               ; 90 LEs                 ; Yes        ; |project|Milestone1:M1_unit|SRAM_address[0]                                           ;
; 16:1               ; 4 bits    ; 40 LEs        ; 8 LEs                ; 32 LEs                 ; Yes        ; |project|Milestone3:M3_unit|SRAM_write_data[1]                                        ;
; 16:1               ; 3 bits    ; 30 LEs        ; 9 LEs                ; 21 LEs                 ; Yes        ; |project|Milestone3:M3_unit|SRAM_write_data[6]                                        ;
; 5:1                ; 2 bits    ; 6 LEs         ; 4 LEs                ; 2 LEs                  ; Yes        ; |project|Milestone1:M1_unit|mult_op_1_1[8]                                            ;
; 5:1                ; 3 bits    ; 9 LEs         ; 6 LEs                ; 3 LEs                  ; Yes        ; |project|Milestone1:M1_unit|mult_op_4_1[3]                                            ;
; 5:1                ; 2 bits    ; 6 LEs         ; 4 LEs                ; 2 LEs                  ; Yes        ; |project|Milestone1:M1_unit|mult_op_1_1[10]                                           ;
; 5:1                ; 2 bits    ; 6 LEs         ; 4 LEs                ; 2 LEs                  ; Yes        ; |project|Milestone1:M1_unit|mult_op_4_1[5]                                            ;
; 5:1                ; 2 bits    ; 6 LEs         ; 4 LEs                ; 2 LEs                  ; Yes        ; |project|Milestone1:M1_unit|mult_op_1_1[5]                                            ;
; 5:1                ; 2 bits    ; 6 LEs         ; 4 LEs                ; 2 LEs                  ; Yes        ; |project|Milestone1:M1_unit|mult_op_1_1[0]                                            ;
; 5:1                ; 3 bits    ; 9 LEs         ; 6 LEs                ; 3 LEs                  ; Yes        ; |project|Milestone1:M1_unit|mult_op_3_1[6]                                            ;
; 5:1                ; 2 bits    ; 6 LEs         ; 4 LEs                ; 2 LEs                  ; Yes        ; |project|Milestone1:M1_unit|mult_op_2_1[9]                                            ;
; 5:1                ; 3 bits    ; 9 LEs         ; 6 LEs                ; 3 LEs                  ; Yes        ; |project|Milestone1:M1_unit|mult_op_4_1[1]                                            ;
; 5:1                ; 3 bits    ; 9 LEs         ; 3 LEs                ; 6 LEs                  ; Yes        ; |project|Milestone1:M1_unit|mult_op_1_1[15]                                           ;
; 5:1                ; 3 bits    ; 9 LEs         ; 3 LEs                ; 6 LEs                  ; Yes        ; |project|Milestone1:M1_unit|mult_op_4_1[11]                                           ;
; 5:1                ; 5 bits    ; 15 LEs        ; 5 LEs                ; 10 LEs                 ; Yes        ; |project|Milestone1:M1_unit|mult_op_1_1[16]                                           ;
; 5:1                ; 3 bits    ; 9 LEs         ; 3 LEs                ; 6 LEs                  ; Yes        ; |project|Milestone1:M1_unit|mult_op_2_1[13]                                           ;
; 5:1                ; 3 bits    ; 9 LEs         ; 3 LEs                ; 6 LEs                  ; Yes        ; |project|Milestone1:M1_unit|mult_op_1_1[12]                                           ;
; 5:1                ; 2 bits    ; 6 LEs         ; 4 LEs                ; 2 LEs                  ; Yes        ; |project|Milestone1:M1_unit|mult_op_1_1[6]                                            ;
; 7:1                ; 16 bits   ; 64 LEs        ; 48 LEs               ; 16 LEs                 ; Yes        ; |project|SRAM_controller:SRAM_unit|SRAM_write_data_buf[1]                             ;
; 7:1                ; 7 bits    ; 28 LEs        ; 28 LEs               ; 0 LEs                  ; Yes        ; |project|Milestone1:M1_unit|mult_op_4_2[5]                                            ;
; 8:1                ; 25 bits   ; 125 LEs       ; 100 LEs              ; 25 LEs                 ; Yes        ; |project|Milestone1:M1_unit|mult_op_4_2[7]                                            ;
; 10:1               ; 96 bits   ; 576 LEs       ; 576 LEs              ; 0 LEs                  ; Yes        ; |project|Milestone1:M1_unit|mult_op_2_2[23]                                           ;
; 7:1                ; 2 bits    ; 8 LEs         ; 2 LEs                ; 6 LEs                  ; Yes        ; |project|Milestone2:M2_unit|Ct_address_b[1][6]                                        ;
; 7:1                ; 2 bits    ; 8 LEs         ; 2 LEs                ; 6 LEs                  ; Yes        ; |project|Milestone2:M2_unit|Cs_address_b[0][6]                                        ;
; 3:1                ; 6 bits    ; 12 LEs        ; 12 LEs               ; 0 LEs                  ; No         ; |project|Milestone3:M3_unit|header_count                                              ;
; 3:1                ; 6 bits    ; 12 LEs        ; 12 LEs               ; 0 LEs                  ; No         ; |project|Milestone3:M3_unit|block_col_index                                           ;
; 3:1                ; 8 bits    ; 16 LEs        ; 16 LEs               ; 0 LEs                  ; No         ; |project|Milestone2:M2_unit|clip_1[1]                                                 ;
; 3:1                ; 8 bits    ; 16 LEs        ; 16 LEs               ; 0 LEs                  ; No         ; |project|Milestone2:M2_unit|clip_2[0]                                                 ;
; 3:1                ; 2 bits    ; 4 LEs         ; 2 LEs                ; 2 LEs                  ; No         ; |project|Milestone3:M3_unit|variable_shift[1]                                         ;
; 5:1                ; 8 bits    ; 24 LEs        ; 16 LEs               ; 8 LEs                  ; No         ; |project|Milestone2:M2_unit|address_a[0][1]                                           ;
; 5:1                ; 224 bits  ; 672 LEs       ; 448 LEs              ; 224 LEs                ; No         ; |project|Milestone2:M2_unit|address_a[2][0]                                           ;
; 5:1                ; 8 bits    ; 24 LEs        ; 16 LEs               ; 8 LEs                  ; No         ; |project|Milestone2:M2_unit|address_a[3][0]                                           ;
; 5:1                ; 8 bits    ; 24 LEs        ; 16 LEs               ; 8 LEs                  ; No         ; |project|Milestone3:M3_unit|flag_5                                                    ;
; 5:1                ; 6 bits    ; 18 LEs        ; 12 LEs               ; 6 LEs                  ; No         ; |project|Milestone3:M3_unit|block_row_index                                           ;
; 5:1                ; 3 bits    ; 9 LEs         ; 6 LEs                ; 3 LEs                  ; No         ; |project|Milestone2:M2_unit|Cs_address_a                                              ;
; 5:1                ; 3 bits    ; 9 LEs         ; 6 LEs                ; 3 LEs                  ; No         ; |project|Milestone2:M2_unit|col_counter_Cs                                            ;
; 5:1                ; 3 bits    ; 9 LEs         ; 6 LEs                ; 3 LEs                  ; No         ; |project|Milestone2:M2_unit|col_counter                                               ;
; 6:1                ; 7 bits    ; 28 LEs        ; 14 LEs               ; 14 LEs                 ; No         ; |project|Milestone2:M2_unit|Cs_address_b                                              ;
; 6:1                ; 7 bits    ; 28 LEs        ; 14 LEs               ; 14 LEs                 ; No         ; |project|Milestone2:M2_unit|Ct_address_b                                              ;
; 8:1                ; 2 bits    ; 10 LEs        ; 8 LEs                ; 2 LEs                  ; No         ; |project|Milestone2:M2_unit|Selector898                                               ;
; 7:1                ; 2 bits    ; 8 LEs         ; 8 LEs                ; 0 LEs                  ; No         ; |project|Milestone2:M2_unit|Selector262                                               ;
; 9:1                ; 4 bits    ; 24 LEs        ; 16 LEs               ; 8 LEs                  ; No         ; |project|UART_SRAM_interface:UART_unit|UART_receive_controller:UART_RX|Selector3      ;
; 8:1                ; 2 bits    ; 10 LEs        ; 8 LEs                ; 2 LEs                  ; No         ; |project|Milestone2:M2_unit|M2_state_2.S_CS_2                                         ;
; 11:1               ; 10 bits   ; 70 LEs        ; 60 LEs               ; 10 LEs                 ; No         ; |project|SRAM_address[11]                                                             ;
; 10:1               ; 5 bits    ; 30 LEs        ; 20 LEs               ; 10 LEs                 ; No         ; |project|Selector28                                                                   ;
; 14:1               ; 5 bits    ; 45 LEs        ; 25 LEs               ; 20 LEs                 ; No         ; |project|Milestone2:M2_unit|Selector20                                                ;
; 16:1               ; 2 bits    ; 20 LEs        ; 6 LEs                ; 14 LEs                 ; No         ; |project|Milestone2:M2_unit|Selector21                                                ;
; 24:1               ; 5 bits    ; 80 LEs        ; 40 LEs               ; 40 LEs                 ; No         ; |project|Milestone3:M3_unit|Selector161                                               ;
; 28:1               ; 3 bits    ; 54 LEs        ; 12 LEs               ; 42 LEs                 ; No         ; |project|Milestone3:M3_unit|Selector159                                               ;
+--------------------+-----------+---------------+----------------------+------------------------+------------+---------------------------------------------------------------------------------------+


+--------------------------------------------------------------------------------------------------------------------------------+
; Source assignments for Milestone2:M2_unit|dual_port_s:RAM_inst0|altsyncram:altsyncram_component|altsyncram_3vk2:auto_generated ;
+---------------------------------+--------------------+------+------------------------------------------------------------------+
; Assignment                      ; Value              ; From ; To                                                               ;
+---------------------------------+--------------------+------+------------------------------------------------------------------+
; OPTIMIZE_POWER_DURING_SYNTHESIS ; NORMAL_COMPILATION ; -    ; -                                                                ;
+---------------------------------+--------------------+------+------------------------------------------------------------------+


+--------------------------------------------------------------------------------------------------------------------------------+
; Source assignments for Milestone2:M2_unit|dual_port_C:RAM_inst1|altsyncram:altsyncram_component|altsyncram_abk2:auto_generated ;
+---------------------------------+--------------------+------+------------------------------------------------------------------+
; Assignment                      ; Value              ; From ; To                                                               ;
+---------------------------------+--------------------+------+------------------------------------------------------------------+
; OPTIMIZE_POWER_DURING_SYNTHESIS ; NORMAL_COMPILATION ; -    ; -                                                                ;
+---------------------------------+--------------------+------+------------------------------------------------------------------+


+--------------------------------------------------------------------------------------------------------------------------------+
; Source assignments for Milestone2:M2_unit|dual_port_T:RAM_inst2|altsyncram:altsyncram_component|altsyncram_rbk2:auto_generated ;
+---------------------------------+--------------------+------+------------------------------------------------------------------+
; Assignment                      ; Value              ; From ; To                                                               ;
+---------------------------------+--------------------+------+------------------------------------------------------------------+
; OPTIMIZE_POWER_DURING_SYNTHESIS ; NORMAL_COMPILATION ; -    ; -                                                                ;
+---------------------------------+--------------------+------+------------------------------------------------------------------+


+---------------------------------------------------------------------------------------------------------------------------------+
; Source assignments for Milestone2:M2_unit|dual_port_Cs:RAM_inst3|altsyncram:altsyncram_component|altsyncram_tek2:auto_generated ;
+---------------------------------+--------------------+------+-------------------------------------------------------------------+
; Assignment                      ; Value              ; From ; To                                                                ;
+---------------------------------+--------------------+------+-------------------------------------------------------------------+
; OPTIMIZE_POWER_DURING_SYNTHESIS ; NORMAL_COMPILATION ; -    ; -                                                                 ;
+---------------------------------+--------------------+------+-------------------------------------------------------------------+


+--------------------------------------------------------------------------------------------------+
; Parameter Settings for User Entity Instance: VGA_SRAM_interface:VGA_unit|VGA_controller:VGA_unit ;
+-----------------+----------------------------------+---------------------------------------------+
; Parameter Name  ; Value                            ; Type                                        ;
+-----------------+----------------------------------+---------------------------------------------+
; H_SYNC_CYC      ; 0001100000                       ; Unsigned Binary                             ;
; H_SYNC_BACK     ; 0000110000                       ; Unsigned Binary                             ;
; H_SYNC_ACT      ; 1010000000                       ; Unsigned Binary                             ;
; H_SYNC_TOTAL    ; 1100100000                       ; Unsigned Binary                             ;
; V_SYNC_CYC      ; 0000000010                       ; Unsigned Binary                             ;
; V_SYNC_BACK     ; 0000011111                       ; Unsigned Binary                             ;
; V_SYNC_ACT      ; 0111100000                       ; Unsigned Binary                             ;
; V_SYNC_TOTAL    ; 1000001100                       ; Unsigned Binary                             ;
; X_START         ; 0010010000                       ; Unsigned Binary                             ;
; Y_START         ; 0000100001                       ; Unsigned Binary                             ;
; PIPE_DELAY      ; 0                                ; Signed Integer                              ;
; X_DELAYED_START ; 00000000000000000000000010010000 ; Unsigned Binary                             ;
+-----------------+----------------------------------+---------------------------------------------+
Note: In order to hide this table in the UI and the text report file, please set the "Show Parameter Settings in Synthesis Report" option in "Analysis and Synthesis Settings -> More Settings" to "Off".


+---------------------------------------------------------------------------------------------------------------------------------+
; Parameter Settings for User Entity Instance: SRAM_controller:SRAM_unit|Clock_100_PLL:Clock_100_PLL_inst|altpll:altpll_component ;
+-------------------------------+---------------------------------+---------------------------------------------------------------+
; Parameter Name                ; Value                           ; Type                                                          ;
+-------------------------------+---------------------------------+---------------------------------------------------------------+
; OPERATION_MODE                ; NORMAL                          ; Untyped                                                       ;
; PLL_TYPE                      ; AUTO                            ; Untyped                                                       ;
; LPM_HINT                      ; CBX_MODULE_PREFIX=Clock_100_PLL ; Untyped                                                       ;
; QUALIFY_CONF_DONE             ; OFF                             ; Untyped                                                       ;
; COMPENSATE_CLOCK              ; CLK0                            ; Untyped                                                       ;
; SCAN_CHAIN                    ; LONG                            ; Untyped                                                       ;
; PRIMARY_CLOCK                 ; INCLK0                          ; Untyped                                                       ;
; INCLK0_INPUT_FREQUENCY        ; 20000                           ; Signed Integer                                                ;
; INCLK1_INPUT_FREQUENCY        ; 0                               ; Untyped                                                       ;
; GATE_LOCK_SIGNAL              ; NO                              ; Untyped                                                       ;
; GATE_LOCK_COUNTER             ; 0                               ; Untyped                                                       ;
; LOCK_HIGH                     ; 1                               ; Untyped                                                       ;
; LOCK_LOW                      ; 1                               ; Untyped                                                       ;
; VALID_LOCK_MULTIPLIER         ; 1                               ; Untyped                                                       ;
; INVALID_LOCK_MULTIPLIER       ; 5                               ; Untyped                                                       ;
; SWITCH_OVER_ON_LOSSCLK        ; OFF                             ; Untyped                                                       ;
; SWITCH_OVER_ON_GATED_LOCK     ; OFF                             ; Untyped                                                       ;
; ENABLE_SWITCH_OVER_COUNTER    ; OFF                             ; Untyped                                                       ;
; SKIP_VCO                      ; OFF                             ; Untyped                                                       ;
; SWITCH_OVER_COUNTER           ; 0                               ; Untyped                                                       ;
; SWITCH_OVER_TYPE              ; AUTO                            ; Untyped                                                       ;
; FEEDBACK_SOURCE               ; EXTCLK0                         ; Untyped                                                       ;
; BANDWIDTH                     ; 0                               ; Untyped                                                       ;
; BANDWIDTH_TYPE                ; AUTO                            ; Untyped                                                       ;
; SPREAD_FREQUENCY              ; 0                               ; Untyped                                                       ;
; DOWN_SPREAD                   ; 0                               ; Untyped                                                       ;
; SELF_RESET_ON_GATED_LOSS_LOCK ; OFF                             ; Untyped                                                       ;
; SELF_RESET_ON_LOSS_LOCK       ; OFF                             ; Untyped                                                       ;
; CLK9_MULTIPLY_BY              ; 0                               ; Untyped                                                       ;
; CLK8_MULTIPLY_BY              ; 0                               ; Untyped                                                       ;
; CLK7_MULTIPLY_BY              ; 0                               ; Untyped                                                       ;
; CLK6_MULTIPLY_BY              ; 0                               ; Untyped                                                       ;
; CLK5_MULTIPLY_BY              ; 1                               ; Untyped                                                       ;
; CLK4_MULTIPLY_BY              ; 1                               ; Untyped                                                       ;
; CLK3_MULTIPLY_BY              ; 1                               ; Untyped                                                       ;
; CLK2_MULTIPLY_BY              ; 1                               ; Untyped                                                       ;
; CLK1_MULTIPLY_BY              ; 1                               ; Untyped                                                       ;
; CLK0_MULTIPLY_BY              ; 2                               ; Signed Integer                                                ;
; CLK9_DIVIDE_BY                ; 0                               ; Untyped                                                       ;
; CLK8_DIVIDE_BY                ; 0                               ; Untyped                                                       ;
; CLK7_DIVIDE_BY                ; 0                               ; Untyped                                                       ;
; CLK6_DIVIDE_BY                ; 0                               ; Untyped                                                       ;
; CLK5_DIVIDE_BY                ; 1                               ; Untyped                                                       ;
; CLK4_DIVIDE_BY                ; 1                               ; Untyped                                                       ;
; CLK3_DIVIDE_BY                ; 1                               ; Untyped                                                       ;
; CLK2_DIVIDE_BY                ; 1                               ; Untyped                                                       ;
; CLK1_DIVIDE_BY                ; 1                               ; Untyped                                                       ;
; CLK0_DIVIDE_BY                ; 1                               ; Signed Integer                                                ;
; CLK9_PHASE_SHIFT              ; 0                               ; Untyped                                                       ;
; CLK8_PHASE_SHIFT              ; 0                               ; Untyped                                                       ;
; CLK7_PHASE_SHIFT              ; 0                               ; Untyped                                                       ;
; CLK6_PHASE_SHIFT              ; 0                               ; Untyped                                                       ;
; CLK5_PHASE_SHIFT              ; 0                               ; Untyped                                                       ;
; CLK4_PHASE_SHIFT              ; 0                               ; Untyped                                                       ;
; CLK3_PHASE_SHIFT              ; 0                               ; Untyped                                                       ;
; CLK2_PHASE_SHIFT              ; 0                               ; Untyped                                                       ;
; CLK1_PHASE_SHIFT              ; 0                               ; Untyped                                                       ;
; CLK0_PHASE_SHIFT              ; 0                               ; Untyped                                                       ;
; CLK5_TIME_DELAY               ; 0                               ; Untyped                                                       ;
; CLK4_TIME_DELAY               ; 0                               ; Untyped                                                       ;
; CLK3_TIME_DELAY               ; 0                               ; Untyped                                                       ;
; CLK2_TIME_DELAY               ; 0                               ; Untyped                                                       ;
; CLK1_TIME_DELAY               ; 0                               ; Untyped                                                       ;
; CLK0_TIME_DELAY               ; 0                               ; Untyped                                                       ;
; CLK9_DUTY_CYCLE               ; 50                              ; Untyped                                                       ;
; CLK8_DUTY_CYCLE               ; 50                              ; Untyped                                                       ;
; CLK7_DUTY_CYCLE               ; 50                              ; Untyped                                                       ;
; CLK6_DUTY_CYCLE               ; 50                              ; Untyped                                                       ;
; CLK5_DUTY_CYCLE               ; 50                              ; Untyped                                                       ;
; CLK4_DUTY_CYCLE               ; 50                              ; Untyped                                                       ;
; CLK3_DUTY_CYCLE               ; 50                              ; Untyped                                                       ;
; CLK2_DUTY_CYCLE               ; 50                              ; Untyped                                                       ;
; CLK1_DUTY_CYCLE               ; 50                              ; Untyped                                                       ;
; CLK0_DUTY_CYCLE               ; 50                              ; Signed Integer                                                ;
; CLK9_USE_EVEN_COUNTER_MODE    ; OFF                             ; Untyped                                                       ;
; CLK8_USE_EVEN_COUNTER_MODE    ; OFF                             ; Untyped                                                       ;
; CLK7_USE_EVEN_COUNTER_MODE    ; OFF                             ; Untyped                                                       ;
; CLK6_USE_EVEN_COUNTER_MODE    ; OFF                             ; Untyped                                                       ;
; CLK5_USE_EVEN_COUNTER_MODE    ; OFF                             ; Untyped                                                       ;
; CLK4_USE_EVEN_COUNTER_MODE    ; OFF                             ; Untyped                                                       ;
; CLK3_USE_EVEN_COUNTER_MODE    ; OFF                             ; Untyped                                                       ;
; CLK2_USE_EVEN_COUNTER_MODE    ; OFF                             ; Untyped                                                       ;
; CLK1_USE_EVEN_COUNTER_MODE    ; OFF                             ; Untyped                                                       ;
; CLK0_USE_EVEN_COUNTER_MODE    ; OFF                             ; Untyped                                                       ;
; CLK9_USE_EVEN_COUNTER_VALUE   ; OFF                             ; Untyped                                                       ;
; CLK8_USE_EVEN_COUNTER_VALUE   ; OFF                             ; Untyped                                                       ;
; CLK7_USE_EVEN_COUNTER_VALUE   ; OFF                             ; Untyped                                                       ;
; CLK6_USE_EVEN_COUNTER_VALUE   ; OFF                             ; Untyped                                                       ;
; CLK5_USE_EVEN_COUNTER_VALUE   ; OFF                             ; Untyped                                                       ;
; CLK4_USE_EVEN_COUNTER_VALUE   ; OFF                             ; Untyped                                                       ;
; CLK3_USE_EVEN_COUNTER_VALUE   ; OFF                             ; Untyped                                                       ;
; CLK2_USE_EVEN_COUNTER_VALUE   ; OFF                             ; Untyped                                                       ;
; CLK1_USE_EVEN_COUNTER_VALUE   ; OFF                             ; Untyped                                                       ;
; CLK0_USE_EVEN_COUNTER_VALUE   ; OFF                             ; Untyped                                                       ;
; LOCK_WINDOW_UI                ;  0.05                           ; Untyped                                                       ;
; LOCK_WINDOW_UI_BITS           ; UNUSED                          ; Untyped                                                       ;
; VCO_RANGE_DETECTOR_LOW_BITS   ; UNUSED                          ; Untyped                                                       ;
; VCO_RANGE_DETECTOR_HIGH_BITS  ; UNUSED                          ; Untyped                                                       ;
; DPA_MULTIPLY_BY               ; 0                               ; Untyped                                                       ;
; DPA_DIVIDE_BY                 ; 1                               ; Untyped                                                       ;
; DPA_DIVIDER                   ; 0                               ; Untyped                                                       ;
; EXTCLK3_MULTIPLY_BY           ; 1                               ; Untyped                                                       ;
; EXTCLK2_MULTIPLY_BY           ; 1                               ; Untyped                                                       ;
; EXTCLK1_MULTIPLY_BY           ; 1                               ; Untyped                                                       ;
; EXTCLK0_MULTIPLY_BY           ; 1                               ; Untyped                                                       ;
; EXTCLK3_DIVIDE_BY             ; 1                               ; Untyped                                                       ;
; EXTCLK2_DIVIDE_BY             ; 1                               ; Untyped                                                       ;
; EXTCLK1_DIVIDE_BY             ; 1                               ; Untyped                                                       ;
; EXTCLK0_DIVIDE_BY             ; 1                               ; Untyped                                                       ;
; EXTCLK3_PHASE_SHIFT           ; 0                               ; Untyped                                                       ;
; EXTCLK2_PHASE_SHIFT           ; 0                               ; Untyped                                                       ;
; EXTCLK1_PHASE_SHIFT           ; 0                               ; Untyped                                                       ;
; EXTCLK0_PHASE_SHIFT           ; 0                               ; Untyped                                                       ;
; EXTCLK3_TIME_DELAY            ; 0                               ; Untyped                                                       ;
; EXTCLK2_TIME_DELAY            ; 0                               ; Untyped                                                       ;
; EXTCLK1_TIME_DELAY            ; 0                               ; Untyped                                                       ;
; EXTCLK0_TIME_DELAY            ; 0                               ; Untyped                                                       ;
; EXTCLK3_DUTY_CYCLE            ; 50                              ; Untyped                                                       ;
; EXTCLK2_DUTY_CYCLE            ; 50                              ; Untyped                                                       ;
; EXTCLK1_DUTY_CYCLE            ; 50                              ; Untyped                                                       ;
; EXTCLK0_DUTY_CYCLE            ; 50                              ; Untyped                                                       ;
; VCO_MULTIPLY_BY               ; 0                               ; Untyped                                                       ;
; VCO_DIVIDE_BY                 ; 0                               ; Untyped                                                       ;
; SCLKOUT0_PHASE_SHIFT          ; 0                               ; Untyped                                                       ;
; SCLKOUT1_PHASE_SHIFT          ; 0                               ; Untyped                                                       ;
; VCO_MIN                       ; 0                               ; Untyped                                                       ;
; VCO_MAX                       ; 0                               ; Untyped                                                       ;
; VCO_CENTER                    ; 0                               ; Untyped                                                       ;
; PFD_MIN                       ; 0                               ; Untyped                                                       ;
; PFD_MAX                       ; 0                               ; Untyped                                                       ;
; M_INITIAL                     ; 0                               ; Untyped                                                       ;
; M                             ; 0                               ; Untyped                                                       ;
; N                             ; 1                               ; Untyped                                                       ;
; M2                            ; 1                               ; Untyped                                                       ;
; N2                            ; 1                               ; Untyped                                                       ;
; SS                            ; 1                               ; Untyped                                                       ;
; C0_HIGH                       ; 0                               ; Untyped                                                       ;
; C1_HIGH                       ; 0                               ; Untyped                                                       ;
; C2_HIGH                       ; 0                               ; Untyped                                                       ;
; C3_HIGH                       ; 0                               ; Untyped                                                       ;
; C4_HIGH                       ; 0                               ; Untyped                                                       ;
; C5_HIGH                       ; 0                               ; Untyped                                                       ;
; C6_HIGH                       ; 0                               ; Untyped                                                       ;
; C7_HIGH                       ; 0                               ; Untyped                                                       ;
; C8_HIGH                       ; 0                               ; Untyped                                                       ;
; C9_HIGH                       ; 0                               ; Untyped                                                       ;
; C0_LOW                        ; 0                               ; Untyped                                                       ;
; C1_LOW                        ; 0                               ; Untyped                                                       ;
; C2_LOW                        ; 0                               ; Untyped                                                       ;
; C3_LOW                        ; 0                               ; Untyped                                                       ;
; C4_LOW                        ; 0                               ; Untyped                                                       ;
; C5_LOW                        ; 0                               ; Untyped                                                       ;
; C6_LOW                        ; 0                               ; Untyped                                                       ;
; C7_LOW                        ; 0                               ; Untyped                                                       ;
; C8_LOW                        ; 0                               ; Untyped                                                       ;
; C9_LOW                        ; 0                               ; Untyped                                                       ;
; C0_INITIAL                    ; 0                               ; Untyped                                                       ;
; C1_INITIAL                    ; 0                               ; Untyped                                                       ;
; C2_INITIAL                    ; 0                               ; Untyped                                                       ;
; C3_INITIAL                    ; 0                               ; Untyped                                                       ;
; C4_INITIAL                    ; 0                               ; Untyped                                                       ;
; C5_INITIAL                    ; 0                               ; Untyped                                                       ;
; C6_INITIAL                    ; 0                               ; Untyped                                                       ;
; C7_INITIAL                    ; 0                               ; Untyped                                                       ;
; C8_INITIAL                    ; 0                               ; Untyped                                                       ;
; C9_INITIAL                    ; 0                               ; Untyped                                                       ;
; C0_MODE                       ; BYPASS                          ; Untyped                                                       ;
; C1_MODE                       ; BYPASS                          ; Untyped                                                       ;
; C2_MODE                       ; BYPASS                          ; Untyped                                                       ;
; C3_MODE                       ; BYPASS                          ; Untyped                                                       ;
; C4_MODE                       ; BYPASS                          ; Untyped                                                       ;
; C5_MODE                       ; BYPASS                          ; Untyped                                                       ;
; C6_MODE                       ; BYPASS                          ; Untyped                                                       ;
; C7_MODE                       ; BYPASS                          ; Untyped                                                       ;
; C8_MODE                       ; BYPASS                          ; Untyped                                                       ;
; C9_MODE                       ; BYPASS                          ; Untyped                                                       ;
; C0_PH                         ; 0                               ; Untyped                                                       ;
; C1_PH                         ; 0                               ; Untyped                                                       ;
; C2_PH                         ; 0                               ; Untyped                                                       ;
; C3_PH                         ; 0                               ; Untyped                                                       ;
; C4_PH                         ; 0                               ; Untyped                                                       ;
; C5_PH                         ; 0                               ; Untyped                                                       ;
; C6_PH                         ; 0                               ; Untyped                                                       ;
; C7_PH                         ; 0                               ; Untyped                                                       ;
; C8_PH                         ; 0                               ; Untyped                                                       ;
; C9_PH                         ; 0                               ; Untyped                                                       ;
; L0_HIGH                       ; 1                               ; Untyped                                                       ;
; L1_HIGH                       ; 1                               ; Untyped                                                       ;
; G0_HIGH                       ; 1                               ; Untyped                                                       ;
; G1_HIGH                       ; 1                               ; Untyped                                                       ;
; G2_HIGH                       ; 1                               ; Untyped                                                       ;
; G3_HIGH                       ; 1                               ; Untyped                                                       ;
; E0_HIGH                       ; 1                               ; Untyped                                                       ;
; E1_HIGH                       ; 1                               ; Untyped                                                       ;
; E2_HIGH                       ; 1                               ; Untyped                                                       ;
; E3_HIGH                       ; 1                               ; Untyped                                                       ;
; L0_LOW                        ; 1                               ; Untyped                                                       ;
; L1_LOW                        ; 1                               ; Untyped                                                       ;
; G0_LOW                        ; 1                               ; Untyped                                                       ;
; G1_LOW                        ; 1                               ; Untyped                                                       ;
; G2_LOW                        ; 1                               ; Untyped                                                       ;
; G3_LOW                        ; 1                               ; Untyped                                                       ;
; E0_LOW                        ; 1                               ; Untyped                                                       ;
; E1_LOW                        ; 1                               ; Untyped                                                       ;
; E2_LOW                        ; 1                               ; Untyped                                                       ;
; E3_LOW                        ; 1                               ; Untyped                                                       ;
; L0_INITIAL                    ; 1                               ; Untyped                                                       ;
; L1_INITIAL                    ; 1                               ; Untyped                                                       ;
; G0_INITIAL                    ; 1                               ; Untyped                                                       ;
; G1_INITIAL                    ; 1                               ; Untyped                                                       ;
; G2_INITIAL                    ; 1                               ; Untyped                                                       ;
; G3_INITIAL                    ; 1                               ; Untyped                                                       ;
; E0_INITIAL                    ; 1                               ; Untyped                                                       ;
; E1_INITIAL                    ; 1                               ; Untyped                                                       ;
; E2_INITIAL                    ; 1                               ; Untyped                                                       ;
; E3_INITIAL                    ; 1                               ; Untyped                                                       ;
; L0_MODE                       ; BYPASS                          ; Untyped                                                       ;
; L1_MODE                       ; BYPASS                          ; Untyped                                                       ;
; G0_MODE                       ; BYPASS                          ; Untyped                                                       ;
; G1_MODE                       ; BYPASS                          ; Untyped                                                       ;
; G2_MODE                       ; BYPASS                          ; Untyped                                                       ;
; G3_MODE                       ; BYPASS                          ; Untyped                                                       ;
; E0_MODE                       ; BYPASS                          ; Untyped                                                       ;
; E1_MODE                       ; BYPASS                          ; Untyped                                                       ;
; E2_MODE                       ; BYPASS                          ; Untyped                                                       ;
; E3_MODE                       ; BYPASS                          ; Untyped                                                       ;
; L0_PH                         ; 0                               ; Untyped                                                       ;
; L1_PH                         ; 0                               ; Untyped                                                       ;
; G0_PH                         ; 0                               ; Untyped                                                       ;
; G1_PH                         ; 0                               ; Untyped                                                       ;
; G2_PH                         ; 0                               ; Untyped                                                       ;
; G3_PH                         ; 0                               ; Untyped                                                       ;
; E0_PH                         ; 0                               ; Untyped                                                       ;
; E1_PH                         ; 0                               ; Untyped                                                       ;
; E2_PH                         ; 0                               ; Untyped                                                       ;
; E3_PH                         ; 0                               ; Untyped                                                       ;
; M_PH                          ; 0                               ; Untyped                                                       ;
; C1_USE_CASC_IN                ; OFF                             ; Untyped                                                       ;
; C2_USE_CASC_IN                ; OFF                             ; Untyped                                                       ;
; C3_USE_CASC_IN                ; OFF                             ; Untyped                                                       ;
; C4_USE_CASC_IN                ; OFF                             ; Untyped                                                       ;
; C5_USE_CASC_IN                ; OFF                             ; Untyped                                                       ;
; C6_USE_CASC_IN                ; OFF                             ; Untyped                                                       ;
; C7_USE_CASC_IN                ; OFF                             ; Untyped                                                       ;
; C8_USE_CASC_IN                ; OFF                             ; Untyped                                                       ;
; C9_USE_CASC_IN                ; OFF                             ; Untyped                                                       ;
; CLK0_COUNTER                  ; G0                              ; Untyped                                                       ;
; CLK1_COUNTER                  ; G0                              ; Untyped                                                       ;
; CLK2_COUNTER                  ; G0                              ; Untyped                                                       ;
; CLK3_COUNTER                  ; G0                              ; Untyped                                                       ;
; CLK4_COUNTER                  ; G0                              ; Untyped                                                       ;
; CLK5_COUNTER                  ; G0                              ; Untyped                                                       ;
; CLK6_COUNTER                  ; E0                              ; Untyped                                                       ;
; CLK7_COUNTER                  ; E1                              ; Untyped                                                       ;
; CLK8_COUNTER                  ; E2                              ; Untyped                                                       ;
; CLK9_COUNTER                  ; E3                              ; Untyped                                                       ;
; L0_TIME_DELAY                 ; 0                               ; Untyped                                                       ;
; L1_TIME_DELAY                 ; 0                               ; Untyped                                                       ;
; G0_TIME_DELAY                 ; 0                               ; Untyped                                                       ;
; G1_TIME_DELAY                 ; 0                               ; Untyped                                                       ;
; G2_TIME_DELAY                 ; 0                               ; Untyped                                                       ;
; G3_TIME_DELAY                 ; 0                               ; Untyped                                                       ;
; E0_TIME_DELAY                 ; 0                               ; Untyped                                                       ;
; E1_TIME_DELAY                 ; 0                               ; Untyped                                                       ;
; E2_TIME_DELAY                 ; 0                               ; Untyped                                                       ;
; E3_TIME_DELAY                 ; 0                               ; Untyped                                                       ;
; M_TIME_DELAY                  ; 0                               ; Untyped                                                       ;
; N_TIME_DELAY                  ; 0                               ; Untyped                                                       ;
; EXTCLK3_COUNTER               ; E3                              ; Untyped                                                       ;
; EXTCLK2_COUNTER               ; E2                              ; Untyped                                                       ;
; EXTCLK1_COUNTER               ; E1                              ; Untyped                                                       ;
; EXTCLK0_COUNTER               ; E0                              ; Untyped                                                       ;
; ENABLE0_COUNTER               ; L0                              ; Untyped                                                       ;
; ENABLE1_COUNTER               ; L0                              ; Untyped                                                       ;
; CHARGE_PUMP_CURRENT           ; 2                               ; Untyped                                                       ;
; LOOP_FILTER_R                 ;  1.000000                       ; Untyped                                                       ;
; LOOP_FILTER_C                 ; 5                               ; Untyped                                                       ;
; CHARGE_PUMP_CURRENT_BITS      ; 9999                            ; Untyped                                                       ;
; LOOP_FILTER_R_BITS            ; 9999                            ; Untyped                                                       ;
; LOOP_FILTER_C_BITS            ; 9999                            ; Untyped                                                       ;
; VCO_POST_SCALE                ; 0                               ; Untyped                                                       ;
; CLK2_OUTPUT_FREQUENCY         ; 0                               ; Untyped                                                       ;
; CLK1_OUTPUT_FREQUENCY         ; 0                               ; Untyped                                                       ;
; CLK0_OUTPUT_FREQUENCY         ; 0                               ; Untyped                                                       ;
; INTENDED_DEVICE_FAMILY        ; Cyclone IV E                    ; Untyped                                                       ;
; PORT_CLKENA0                  ; PORT_UNUSED                     ; Untyped                                                       ;
; PORT_CLKENA1                  ; PORT_UNUSED                     ; Untyped                                                       ;
; PORT_CLKENA2                  ; PORT_UNUSED                     ; Untyped                                                       ;
; PORT_CLKENA3                  ; PORT_UNUSED                     ; Untyped                                                       ;
; PORT_CLKENA4                  ; PORT_UNUSED                     ; Untyped                                                       ;
; PORT_CLKENA5                  ; PORT_UNUSED                     ; Untyped                                                       ;
; PORT_EXTCLKENA0               ; PORT_CONNECTIVITY               ; Untyped                                                       ;
; PORT_EXTCLKENA1               ; PORT_CONNECTIVITY               ; Untyped                                                       ;
; PORT_EXTCLKENA2               ; PORT_CONNECTIVITY               ; Untyped                                                       ;
; PORT_EXTCLKENA3               ; PORT_CONNECTIVITY               ; Untyped                                                       ;
; PORT_EXTCLK0                  ; PORT_UNUSED                     ; Untyped                                                       ;
; PORT_EXTCLK1                  ; PORT_UNUSED                     ; Untyped                                                       ;
; PORT_EXTCLK2                  ; PORT_UNUSED                     ; Untyped                                                       ;
; PORT_EXTCLK3                  ; PORT_UNUSED                     ; Untyped                                                       ;
; PORT_CLKBAD0                  ; PORT_UNUSED                     ; Untyped                                                       ;
; PORT_CLKBAD1                  ; PORT_UNUSED                     ; Untyped                                                       ;
; PORT_CLK0                     ; PORT_USED                       ; Untyped                                                       ;
; PORT_CLK1                     ; PORT_UNUSED                     ; Untyped                                                       ;
; PORT_CLK2                     ; PORT_UNUSED                     ; Untyped                                                       ;
; PORT_CLK3                     ; PORT_UNUSED                     ; Untyped                                                       ;
; PORT_CLK4                     ; PORT_UNUSED                     ; Untyped                                                       ;
; PORT_CLK5                     ; PORT_UNUSED                     ; Untyped                                                       ;
; PORT_CLK6                     ; PORT_UNUSED                     ; Untyped                                                       ;
; PORT_CLK7                     ; PORT_UNUSED                     ; Untyped                                                       ;
; PORT_CLK8                     ; PORT_UNUSED                     ; Untyped                                                       ;
; PORT_CLK9                     ; PORT_UNUSED                     ; Untyped                                                       ;
; PORT_SCANDATA                 ; PORT_UNUSED                     ; Untyped                                                       ;
; PORT_SCANDATAOUT              ; PORT_UNUSED                     ; Untyped                                                       ;
; PORT_SCANDONE                 ; PORT_UNUSED                     ; Untyped                                                       ;
; PORT_SCLKOUT1                 ; PORT_CONNECTIVITY               ; Untyped                                                       ;
; PORT_SCLKOUT0                 ; PORT_CONNECTIVITY               ; Untyped                                                       ;
; PORT_ACTIVECLOCK              ; PORT_UNUSED                     ; Untyped                                                       ;
; PORT_CLKLOSS                  ; PORT_UNUSED                     ; Untyped                                                       ;
; PORT_INCLK1                   ; PORT_UNUSED                     ; Untyped                                                       ;
; PORT_INCLK0                   ; PORT_USED                       ; Untyped                                                       ;
; PORT_FBIN                     ; PORT_UNUSED                     ; Untyped                                                       ;
; PORT_PLLENA                   ; PORT_UNUSED                     ; Untyped                                                       ;
; PORT_CLKSWITCH                ; PORT_UNUSED                     ; Untyped                                                       ;
; PORT_ARESET                   ; PORT_USED                       ; Untyped                                                       ;
; PORT_PFDENA                   ; PORT_UNUSED                     ; Untyped                                                       ;
; PORT_SCANCLK                  ; PORT_UNUSED                     ; Untyped                                                       ;
; PORT_SCANACLR                 ; PORT_UNUSED                     ; Untyped                                                       ;
; PORT_SCANREAD                 ; PORT_UNUSED                     ; Untyped                                                       ;
; PORT_SCANWRITE                ; PORT_UNUSED                     ; Untyped                                                       ;
; PORT_ENABLE0                  ; PORT_CONNECTIVITY               ; Untyped                                                       ;
; PORT_ENABLE1                  ; PORT_CONNECTIVITY               ; Untyped                                                       ;
; PORT_LOCKED                   ; PORT_USED                       ; Untyped                                                       ;
; PORT_CONFIGUPDATE             ; PORT_UNUSED                     ; Untyped                                                       ;
; PORT_FBOUT                    ; PORT_CONNECTIVITY               ; Untyped                                                       ;
; PORT_PHASEDONE                ; PORT_UNUSED                     ; Untyped                                                       ;
; PORT_PHASESTEP                ; PORT_UNUSED                     ; Untyped                                                       ;
; PORT_PHASEUPDOWN              ; PORT_UNUSED                     ; Untyped                                                       ;
; PORT_SCANCLKENA               ; PORT_UNUSED                     ; Untyped                                                       ;
; PORT_PHASECOUNTERSELECT       ; PORT_UNUSED                     ; Untyped                                                       ;
; PORT_VCOOVERRANGE             ; PORT_CONNECTIVITY               ; Untyped                                                       ;
; PORT_VCOUNDERRANGE            ; PORT_CONNECTIVITY               ; Untyped                                                       ;
; M_TEST_SOURCE                 ; 5                               ; Untyped                                                       ;
; C0_TEST_SOURCE                ; 5                               ; Untyped                                                       ;
; C1_TEST_SOURCE                ; 5                               ; Untyped                                                       ;
; C2_TEST_SOURCE                ; 5                               ; Untyped                                                       ;
; C3_TEST_SOURCE                ; 5                               ; Untyped                                                       ;
; C4_TEST_SOURCE                ; 5                               ; Untyped                                                       ;
; C5_TEST_SOURCE                ; 5                               ; Untyped                                                       ;
; C6_TEST_SOURCE                ; 5                               ; Untyped                                                       ;
; C7_TEST_SOURCE                ; 5                               ; Untyped                                                       ;
; C8_TEST_SOURCE                ; 5                               ; Untyped                                                       ;
; C9_TEST_SOURCE                ; 5                               ; Untyped                                                       ;
; CBXI_PARAMETER                ; Clock_100_PLL_altpll            ; Untyped                                                       ;
; VCO_FREQUENCY_CONTROL         ; AUTO                            ; Untyped                                                       ;
; VCO_PHASE_SHIFT_STEP          ; 0                               ; Untyped                                                       ;
; WIDTH_CLOCK                   ; 5                               ; Signed Integer                                                ;
; WIDTH_PHASECOUNTERSELECT      ; 4                               ; Untyped                                                       ;
; USING_FBMIMICBIDIR_PORT       ; OFF                             ; Untyped                                                       ;
; DEVICE_FAMILY                 ; Cyclone IV E                    ; Untyped                                                       ;
; SCAN_CHAIN_MIF_FILE           ; UNUSED                          ; Untyped                                                       ;
; SIM_GATE_LOCK_DEVICE_BEHAVIOR ; OFF                             ; Untyped                                                       ;
; AUTO_CARRY_CHAINS             ; ON                              ; AUTO_CARRY                                                    ;
; IGNORE_CARRY_BUFFERS          ; OFF                             ; IGNORE_CARRY                                                  ;
; AUTO_CASCADE_CHAINS           ; ON                              ; AUTO_CASCADE                                                  ;
; IGNORE_CASCADE_BUFFERS        ; OFF                             ; IGNORE_CASCADE                                                ;
+-------------------------------+---------------------------------+---------------------------------------------------------------+
Note: In order to hide this table in the UI and the text report file, please set the "Show Parameter Settings in Synthesis Report" option in "Analysis and Synthesis Settings -> More Settings" to "Off".


+-----------------------------------------------------------------+
; Parameter Settings for User Entity Instance: Milestone2:M2_unit ;
+----------------+--------------------+---------------------------+
; Parameter Name ; Value              ; Type                      ;
+----------------+--------------------+---------------------------+
; U_OFFSET       ; 000011011000000000 ; Unsigned Binary           ;
; V_OFFSET       ; 000101000100000000 ; Unsigned Binary           ;
; Y_IDCT_OFFSET  ; 000110110000000000 ; Unsigned Binary           ;
; U_IDCT_OFFSET  ; 001101100000000000 ; Unsigned Binary           ;
; V_IDCT_OFFSET  ; 010000111000000000 ; Unsigned Binary           ;
+----------------+--------------------+---------------------------+
Note: In order to hide this table in the UI and the text report file, please set the "Show Parameter Settings in Synthesis Report" option in "Analysis and Synthesis Settings -> More Settings" to "Off".


+-----------------------------------------------------------------------------------------------------------------------+
; Parameter Settings for User Entity Instance: Milestone2:M2_unit|dual_port_s:RAM_inst0|altsyncram:altsyncram_component ;
+------------------------------------+------------------------+---------------------------------------------------------+
; Parameter Name                     ; Value                  ; Type                                                    ;
+------------------------------------+------------------------+---------------------------------------------------------+
; BYTE_SIZE_BLOCK                    ; 8                      ; Untyped                                                 ;
; AUTO_CARRY_CHAINS                  ; ON                     ; AUTO_CARRY                                              ;
; IGNORE_CARRY_BUFFERS               ; OFF                    ; IGNORE_CARRY                                            ;
; AUTO_CASCADE_CHAINS                ; ON                     ; AUTO_CASCADE                                            ;
; IGNORE_CASCADE_BUFFERS             ; OFF                    ; IGNORE_CASCADE                                          ;
; WIDTH_BYTEENA                      ; 1                      ; Untyped                                                 ;
; OPERATION_MODE                     ; BIDIR_DUAL_PORT        ; Untyped                                                 ;
; WIDTH_A                            ; 32                     ; Signed Integer                                          ;
; WIDTHAD_A                          ; 8                      ; Signed Integer                                          ;
; NUMWORDS_A                         ; 256                    ; Signed Integer                                          ;
; OUTDATA_REG_A                      ; UNREGISTERED           ; Untyped                                                 ;
; ADDRESS_ACLR_A                     ; NONE                   ; Untyped                                                 ;
; OUTDATA_ACLR_A                     ; NONE                   ; Untyped                                                 ;
; WRCONTROL_ACLR_A                   ; NONE                   ; Untyped                                                 ;
; INDATA_ACLR_A                      ; NONE                   ; Untyped                                                 ;
; BYTEENA_ACLR_A                     ; NONE                   ; Untyped                                                 ;
; WIDTH_B                            ; 32                     ; Signed Integer                                          ;
; WIDTHAD_B                          ; 8                      ; Signed Integer                                          ;
; NUMWORDS_B                         ; 256                    ; Signed Integer                                          ;
; INDATA_REG_B                       ; CLOCK0                 ; Untyped                                                 ;
; WRCONTROL_WRADDRESS_REG_B          ; CLOCK0                 ; Untyped                                                 ;
; RDCONTROL_REG_B                    ; CLOCK1                 ; Untyped                                                 ;
; ADDRESS_REG_B                      ; CLOCK0                 ; Untyped                                                 ;
; OUTDATA_REG_B                      ; UNREGISTERED           ; Untyped                                                 ;
; BYTEENA_REG_B                      ; CLOCK1                 ; Untyped                                                 ;
; INDATA_ACLR_B                      ; NONE                   ; Untyped                                                 ;
; WRCONTROL_ACLR_B                   ; NONE                   ; Untyped                                                 ;
; ADDRESS_ACLR_B                     ; NONE                   ; Untyped                                                 ;
; OUTDATA_ACLR_B                     ; NONE                   ; Untyped                                                 ;
; RDCONTROL_ACLR_B                   ; NONE                   ; Untyped                                                 ;
; BYTEENA_ACLR_B                     ; NONE                   ; Untyped                                                 ;
; WIDTH_BYTEENA_A                    ; 1                      ; Signed Integer                                          ;
; WIDTH_BYTEENA_B                    ; 1                      ; Signed Integer                                          ;
; RAM_BLOCK_TYPE                     ; AUTO                   ; Untyped                                                 ;
; BYTE_SIZE                          ; 8                      ; Untyped                                                 ;
; READ_DURING_WRITE_MODE_MIXED_PORTS ; DONT_CARE              ; Untyped                                                 ;
; READ_DURING_WRITE_MODE_PORT_A      ; NEW_DATA_WITH_NBE_READ ; Untyped                                                 ;
; READ_DURING_WRITE_MODE_PORT_B      ; NEW_DATA_WITH_NBE_READ ; Untyped                                                 ;
; INIT_FILE                          ; ../rtl/RAM_fetch_S.mif ; Untyped                                                 ;
; INIT_FILE_LAYOUT                   ; PORT_A                 ; Untyped                                                 ;
; MAXIMUM_DEPTH                      ; 0                      ; Untyped                                                 ;
; CLOCK_ENABLE_INPUT_A               ; BYPASS                 ; Untyped                                                 ;
; CLOCK_ENABLE_INPUT_B               ; BYPASS                 ; Untyped                                                 ;
; CLOCK_ENABLE_OUTPUT_A              ; BYPASS                 ; Untyped                                                 ;
; CLOCK_ENABLE_OUTPUT_B              ; BYPASS                 ; Untyped                                                 ;
; CLOCK_ENABLE_CORE_A                ; USE_INPUT_CLKEN        ; Untyped                                                 ;
; CLOCK_ENABLE_CORE_B                ; USE_INPUT_CLKEN        ; Untyped                                                 ;
; ENABLE_ECC                         ; FALSE                  ; Untyped                                                 ;
; ECC_PIPELINE_STAGE_ENABLED         ; FALSE                  ; Untyped                                                 ;
; WIDTH_ECCSTATUS                    ; 3                      ; Untyped                                                 ;
; DEVICE_FAMILY                      ; Cyclone IV E           ; Untyped                                                 ;
; CBXI_PARAMETER                     ; altsyncram_3vk2        ; Untyped                                                 ;
+------------------------------------+------------------------+---------------------------------------------------------+
Note: In order to hide this table in the UI and the text report file, please set the "Show Parameter Settings in Synthesis Report" option in "Analysis and Synthesis Settings -> More Settings" to "Off".


+-----------------------------------------------------------------------------------------------------------------------+
; Parameter Settings for User Entity Instance: Milestone2:M2_unit|dual_port_C:RAM_inst1|altsyncram:altsyncram_component ;
+------------------------------------+------------------------+---------------------------------------------------------+
; Parameter Name                     ; Value                  ; Type                                                    ;
+------------------------------------+------------------------+---------------------------------------------------------+
; BYTE_SIZE_BLOCK                    ; 8                      ; Untyped                                                 ;
; AUTO_CARRY_CHAINS                  ; ON                     ; AUTO_CARRY                                              ;
; IGNORE_CARRY_BUFFERS               ; OFF                    ; IGNORE_CARRY                                            ;
; AUTO_CASCADE_CHAINS                ; ON                     ; AUTO_CASCADE                                            ;
; IGNORE_CASCADE_BUFFERS             ; OFF                    ; IGNORE_CASCADE                                          ;
; WIDTH_BYTEENA                      ; 1                      ; Untyped                                                 ;
; OPERATION_MODE                     ; BIDIR_DUAL_PORT        ; Untyped                                                 ;
; WIDTH_A                            ; 32                     ; Signed Integer                                          ;
; WIDTHAD_A                          ; 8                      ; Signed Integer                                          ;
; NUMWORDS_A                         ; 256                    ; Signed Integer                                          ;
; OUTDATA_REG_A                      ; UNREGISTERED           ; Untyped                                                 ;
; ADDRESS_ACLR_A                     ; NONE                   ; Untyped                                                 ;
; OUTDATA_ACLR_A                     ; NONE                   ; Untyped                                                 ;
; WRCONTROL_ACLR_A                   ; NONE                   ; Untyped                                                 ;
; INDATA_ACLR_A                      ; NONE                   ; Untyped                                                 ;
; BYTEENA_ACLR_A                     ; NONE                   ; Untyped                                                 ;
; WIDTH_B                            ; 32                     ; Signed Integer                                          ;
; WIDTHAD_B                          ; 8                      ; Signed Integer                                          ;
; NUMWORDS_B                         ; 256                    ; Signed Integer                                          ;
; INDATA_REG_B                       ; CLOCK0                 ; Untyped                                                 ;
; WRCONTROL_WRADDRESS_REG_B          ; CLOCK0                 ; Untyped                                                 ;
; RDCONTROL_REG_B                    ; CLOCK1                 ; Untyped                                                 ;
; ADDRESS_REG_B                      ; CLOCK0                 ; Untyped                                                 ;
; OUTDATA_REG_B                      ; UNREGISTERED           ; Untyped                                                 ;
; BYTEENA_REG_B                      ; CLOCK1                 ; Untyped                                                 ;
; INDATA_ACLR_B                      ; NONE                   ; Untyped                                                 ;
; WRCONTROL_ACLR_B                   ; NONE                   ; Untyped                                                 ;
; ADDRESS_ACLR_B                     ; NONE                   ; Untyped                                                 ;
; OUTDATA_ACLR_B                     ; NONE                   ; Untyped                                                 ;
; RDCONTROL_ACLR_B                   ; NONE                   ; Untyped                                                 ;
; BYTEENA_ACLR_B                     ; NONE                   ; Untyped                                                 ;
; WIDTH_BYTEENA_A                    ; 1                      ; Signed Integer                                          ;
; WIDTH_BYTEENA_B                    ; 1                      ; Signed Integer                                          ;
; RAM_BLOCK_TYPE                     ; AUTO                   ; Untyped                                                 ;
; BYTE_SIZE                          ; 8                      ; Untyped                                                 ;
; READ_DURING_WRITE_MODE_MIXED_PORTS ; DONT_CARE              ; Untyped                                                 ;
; READ_DURING_WRITE_MODE_PORT_A      ; NEW_DATA_WITH_NBE_READ ; Untyped                                                 ;
; READ_DURING_WRITE_MODE_PORT_B      ; NEW_DATA_WITH_NBE_READ ; Untyped                                                 ;
; INIT_FILE                          ; ../rtl/RAM_C.mif       ; Untyped                                                 ;
; INIT_FILE_LAYOUT                   ; PORT_A                 ; Untyped                                                 ;
; MAXIMUM_DEPTH                      ; 0                      ; Untyped                                                 ;
; CLOCK_ENABLE_INPUT_A               ; BYPASS                 ; Untyped                                                 ;
; CLOCK_ENABLE_INPUT_B               ; BYPASS                 ; Untyped                                                 ;
; CLOCK_ENABLE_OUTPUT_A              ; BYPASS                 ; Untyped                                                 ;
; CLOCK_ENABLE_OUTPUT_B              ; BYPASS                 ; Untyped                                                 ;
; CLOCK_ENABLE_CORE_A                ; USE_INPUT_CLKEN        ; Untyped                                                 ;
; CLOCK_ENABLE_CORE_B                ; USE_INPUT_CLKEN        ; Untyped                                                 ;
; ENABLE_ECC                         ; FALSE                  ; Untyped                                                 ;
; ECC_PIPELINE_STAGE_ENABLED         ; FALSE                  ; Untyped                                                 ;
; WIDTH_ECCSTATUS                    ; 3                      ; Untyped                                                 ;
; DEVICE_FAMILY                      ; Cyclone IV E           ; Untyped                                                 ;
; CBXI_PARAMETER                     ; altsyncram_abk2        ; Untyped                                                 ;
+------------------------------------+------------------------+---------------------------------------------------------+
Note: In order to hide this table in the UI and the text report file, please set the "Show Parameter Settings in Synthesis Report" option in "Analysis and Synthesis Settings -> More Settings" to "Off".


+-----------------------------------------------------------------------------------------------------------------------+
; Parameter Settings for User Entity Instance: Milestone2:M2_unit|dual_port_T:RAM_inst2|altsyncram:altsyncram_component ;
+------------------------------------+------------------------+---------------------------------------------------------+
; Parameter Name                     ; Value                  ; Type                                                    ;
+------------------------------------+------------------------+---------------------------------------------------------+
; BYTE_SIZE_BLOCK                    ; 8                      ; Untyped                                                 ;
; AUTO_CARRY_CHAINS                  ; ON                     ; AUTO_CARRY                                              ;
; IGNORE_CARRY_BUFFERS               ; OFF                    ; IGNORE_CARRY                                            ;
; AUTO_CASCADE_CHAINS                ; ON                     ; AUTO_CASCADE                                            ;
; IGNORE_CASCADE_BUFFERS             ; OFF                    ; IGNORE_CASCADE                                          ;
; WIDTH_BYTEENA                      ; 1                      ; Untyped                                                 ;
; OPERATION_MODE                     ; BIDIR_DUAL_PORT        ; Untyped                                                 ;
; WIDTH_A                            ; 32                     ; Signed Integer                                          ;
; WIDTHAD_A                          ; 8                      ; Signed Integer                                          ;
; NUMWORDS_A                         ; 256                    ; Signed Integer                                          ;
; OUTDATA_REG_A                      ; UNREGISTERED           ; Untyped                                                 ;
; ADDRESS_ACLR_A                     ; NONE                   ; Untyped                                                 ;
; OUTDATA_ACLR_A                     ; NONE                   ; Untyped                                                 ;
; WRCONTROL_ACLR_A                   ; NONE                   ; Untyped                                                 ;
; INDATA_ACLR_A                      ; NONE                   ; Untyped                                                 ;
; BYTEENA_ACLR_A                     ; NONE                   ; Untyped                                                 ;
; WIDTH_B                            ; 32                     ; Signed Integer                                          ;
; WIDTHAD_B                          ; 8                      ; Signed Integer                                          ;
; NUMWORDS_B                         ; 256                    ; Signed Integer                                          ;
; INDATA_REG_B                       ; CLOCK0                 ; Untyped                                                 ;
; WRCONTROL_WRADDRESS_REG_B          ; CLOCK0                 ; Untyped                                                 ;
; RDCONTROL_REG_B                    ; CLOCK1                 ; Untyped                                                 ;
; ADDRESS_REG_B                      ; CLOCK0                 ; Untyped                                                 ;
; OUTDATA_REG_B                      ; UNREGISTERED           ; Untyped                                                 ;
; BYTEENA_REG_B                      ; CLOCK1                 ; Untyped                                                 ;
; INDATA_ACLR_B                      ; NONE                   ; Untyped                                                 ;
; WRCONTROL_ACLR_B                   ; NONE                   ; Untyped                                                 ;
; ADDRESS_ACLR_B                     ; NONE                   ; Untyped                                                 ;
; OUTDATA_ACLR_B                     ; NONE                   ; Untyped                                                 ;
; RDCONTROL_ACLR_B                   ; NONE                   ; Untyped                                                 ;
; BYTEENA_ACLR_B                     ; NONE                   ; Untyped                                                 ;
; WIDTH_BYTEENA_A                    ; 1                      ; Signed Integer                                          ;
; WIDTH_BYTEENA_B                    ; 1                      ; Signed Integer                                          ;
; RAM_BLOCK_TYPE                     ; AUTO                   ; Untyped                                                 ;
; BYTE_SIZE                          ; 8                      ; Untyped                                                 ;
; READ_DURING_WRITE_MODE_MIXED_PORTS ; DONT_CARE              ; Untyped                                                 ;
; READ_DURING_WRITE_MODE_PORT_A      ; NEW_DATA_WITH_NBE_READ ; Untyped                                                 ;
; READ_DURING_WRITE_MODE_PORT_B      ; NEW_DATA_WITH_NBE_READ ; Untyped                                                 ;
; INIT_FILE                          ; ../rtl/RAM_T.mif       ; Untyped                                                 ;
; INIT_FILE_LAYOUT                   ; PORT_A                 ; Untyped                                                 ;
; MAXIMUM_DEPTH                      ; 0                      ; Untyped                                                 ;
; CLOCK_ENABLE_INPUT_A               ; BYPASS                 ; Untyped                                                 ;
; CLOCK_ENABLE_INPUT_B               ; BYPASS                 ; Untyped                                                 ;
; CLOCK_ENABLE_OUTPUT_A              ; BYPASS                 ; Untyped                                                 ;
; CLOCK_ENABLE_OUTPUT_B              ; BYPASS                 ; Untyped                                                 ;
; CLOCK_ENABLE_CORE_A                ; USE_INPUT_CLKEN        ; Untyped                                                 ;
; CLOCK_ENABLE_CORE_B                ; USE_INPUT_CLKEN        ; Untyped                                                 ;
; ENABLE_ECC                         ; FALSE                  ; Untyped                                                 ;
; ECC_PIPELINE_STAGE_ENABLED         ; FALSE                  ; Untyped                                                 ;
; WIDTH_ECCSTATUS                    ; 3                      ; Untyped                                                 ;
; DEVICE_FAMILY                      ; Cyclone IV E           ; Untyped                                                 ;
; CBXI_PARAMETER                     ; altsyncram_rbk2        ; Untyped                                                 ;
+------------------------------------+------------------------+---------------------------------------------------------+
Note: In order to hide this table in the UI and the text report file, please set the "Show Parameter Settings in Synthesis Report" option in "Analysis and Synthesis Settings -> More Settings" to "Off".


+------------------------------------------------------------------------------------------------------------------------+
; Parameter Settings for User Entity Instance: Milestone2:M2_unit|dual_port_Cs:RAM_inst3|altsyncram:altsyncram_component ;
+------------------------------------+------------------------+----------------------------------------------------------+
; Parameter Name                     ; Value                  ; Type                                                     ;
+------------------------------------+------------------------+----------------------------------------------------------+
; BYTE_SIZE_BLOCK                    ; 8                      ; Untyped                                                  ;
; AUTO_CARRY_CHAINS                  ; ON                     ; AUTO_CARRY                                               ;
; IGNORE_CARRY_BUFFERS               ; OFF                    ; IGNORE_CARRY                                             ;
; AUTO_CASCADE_CHAINS                ; ON                     ; AUTO_CASCADE                                             ;
; IGNORE_CASCADE_BUFFERS             ; OFF                    ; IGNORE_CASCADE                                           ;
; WIDTH_BYTEENA                      ; 1                      ; Untyped                                                  ;
; OPERATION_MODE                     ; BIDIR_DUAL_PORT        ; Untyped                                                  ;
; WIDTH_A                            ; 32                     ; Signed Integer                                           ;
; WIDTHAD_A                          ; 8                      ; Signed Integer                                           ;
; NUMWORDS_A                         ; 256                    ; Signed Integer                                           ;
; OUTDATA_REG_A                      ; UNREGISTERED           ; Untyped                                                  ;
; ADDRESS_ACLR_A                     ; NONE                   ; Untyped                                                  ;
; OUTDATA_ACLR_A                     ; NONE                   ; Untyped                                                  ;
; WRCONTROL_ACLR_A                   ; NONE                   ; Untyped                                                  ;
; INDATA_ACLR_A                      ; NONE                   ; Untyped                                                  ;
; BYTEENA_ACLR_A                     ; NONE                   ; Untyped                                                  ;
; WIDTH_B                            ; 32                     ; Signed Integer                                           ;
; WIDTHAD_B                          ; 8                      ; Signed Integer                                           ;
; NUMWORDS_B                         ; 256                    ; Signed Integer                                           ;
; INDATA_REG_B                       ; CLOCK0                 ; Untyped                                                  ;
; WRCONTROL_WRADDRESS_REG_B          ; CLOCK0                 ; Untyped                                                  ;
; RDCONTROL_REG_B                    ; CLOCK1                 ; Untyped                                                  ;
; ADDRESS_REG_B                      ; CLOCK0                 ; Untyped                                                  ;
; OUTDATA_REG_B                      ; UNREGISTERED           ; Untyped                                                  ;
; BYTEENA_REG_B                      ; CLOCK1                 ; Untyped                                                  ;
; INDATA_ACLR_B                      ; NONE                   ; Untyped                                                  ;
; WRCONTROL_ACLR_B                   ; NONE                   ; Untyped                                                  ;
; ADDRESS_ACLR_B                     ; NONE                   ; Untyped                                                  ;
; OUTDATA_ACLR_B                     ; NONE                   ; Untyped                                                  ;
; RDCONTROL_ACLR_B                   ; NONE                   ; Untyped                                                  ;
; BYTEENA_ACLR_B                     ; NONE                   ; Untyped                                                  ;
; WIDTH_BYTEENA_A                    ; 1                      ; Signed Integer                                           ;
; WIDTH_BYTEENA_B                    ; 1                      ; Signed Integer                                           ;
; RAM_BLOCK_TYPE                     ; AUTO                   ; Untyped                                                  ;
; BYTE_SIZE                          ; 8                      ; Untyped                                                  ;
; READ_DURING_WRITE_MODE_MIXED_PORTS ; DONT_CARE              ; Untyped                                                  ;
; READ_DURING_WRITE_MODE_PORT_A      ; NEW_DATA_WITH_NBE_READ ; Untyped                                                  ;
; READ_DURING_WRITE_MODE_PORT_B      ; NEW_DATA_WITH_NBE_READ ; Untyped                                                  ;
; INIT_FILE                          ; ../rtl/RAM_Cs.mif      ; Untyped                                                  ;
; INIT_FILE_LAYOUT                   ; PORT_A                 ; Untyped                                                  ;
; MAXIMUM_DEPTH                      ; 0                      ; Untyped                                                  ;
; CLOCK_ENABLE_INPUT_A               ; BYPASS                 ; Untyped                                                  ;
; CLOCK_ENABLE_INPUT_B               ; BYPASS                 ; Untyped                                                  ;
; CLOCK_ENABLE_OUTPUT_A              ; BYPASS                 ; Untyped                                                  ;
; CLOCK_ENABLE_OUTPUT_B              ; BYPASS                 ; Untyped                                                  ;
; CLOCK_ENABLE_CORE_A                ; USE_INPUT_CLKEN        ; Untyped                                                  ;
; CLOCK_ENABLE_CORE_B                ; USE_INPUT_CLKEN        ; Untyped                                                  ;
; ENABLE_ECC                         ; FALSE                  ; Untyped                                                  ;
; ECC_PIPELINE_STAGE_ENABLED         ; FALSE                  ; Untyped                                                  ;
; WIDTH_ECCSTATUS                    ; 3                      ; Untyped                                                  ;
; DEVICE_FAMILY                      ; Cyclone IV E           ; Untyped                                                  ;
; CBXI_PARAMETER                     ; altsyncram_tek2        ; Untyped                                                  ;
+------------------------------------+------------------------+----------------------------------------------------------+
Note: In order to hide this table in the UI and the text report file, please set the "Show Parameter Settings in Synthesis Report" option in "Analysis and Synthesis Settings -> More Settings" to "Off".


+-----------------------------------------------------------------+
; Parameter Settings for User Entity Instance: Milestone3:M3_unit ;
+----------------+--------------------+---------------------------+
; Parameter Name ; Value              ; Type                      ;
+----------------+--------------------+---------------------------+
; Y_OFFSET       ; 000110110000000000 ; Unsigned Binary           ;
; U_OFFSET       ; 001101100000000000 ; Unsigned Binary           ;
; V_OFFSET       ; 010000111000000000 ; Unsigned Binary           ;
+----------------+--------------------+---------------------------+
Note: In order to hide this table in the UI and the text report file, please set the "Show Parameter Settings in Synthesis Report" option in "Analysis and Synthesis Settings -> More Settings" to "Off".


+-------------------------------------------------------------------------------------+
; Parameter Settings for Inferred Entity Instance: Milestone1:M1_unit|lpm_mult:Mult2  ;
+------------------------------------------------+--------------+---------------------+
; Parameter Name                                 ; Value        ; Type                ;
+------------------------------------------------+--------------+---------------------+
; AUTO_CARRY_CHAINS                              ; ON           ; AUTO_CARRY          ;
; IGNORE_CARRY_BUFFERS                           ; OFF          ; IGNORE_CARRY        ;
; AUTO_CASCADE_CHAINS                            ; ON           ; AUTO_CASCADE        ;
; IGNORE_CASCADE_BUFFERS                         ; OFF          ; IGNORE_CASCADE      ;
; LPM_WIDTHA                                     ; 17           ; Untyped             ;
; LPM_WIDTHB                                     ; 32           ; Untyped             ;
; LPM_WIDTHP                                     ; 49           ; Untyped             ;
; LPM_WIDTHR                                     ; 49           ; Untyped             ;
; LPM_WIDTHS                                     ; 1            ; Untyped             ;
; LPM_REPRESENTATION                             ; UNSIGNED     ; Untyped             ;
; LPM_PIPELINE                                   ; 0            ; Untyped             ;
; LATENCY                                        ; 0            ; Untyped             ;
; INPUT_A_IS_CONSTANT                            ; NO           ; Untyped             ;
; INPUT_B_IS_CONSTANT                            ; NO           ; Untyped             ;
; USE_EAB                                        ; OFF          ; Untyped             ;
; MAXIMIZE_SPEED                                 ; 5            ; Untyped             ;
; DEVICE_FAMILY                                  ; Cyclone IV E ; Untyped             ;
; CARRY_CHAIN                                    ; MANUAL       ; Untyped             ;
; APEX20K_TECHNOLOGY_MAPPER                      ; LUT          ; TECH_MAPPER_APEX20K ;
; DEDICATED_MULTIPLIER_CIRCUITRY                 ; AUTO         ; Untyped             ;
; DEDICATED_MULTIPLIER_MIN_INPUT_WIDTH_FOR_AUTO  ; 0            ; Untyped             ;
; DEDICATED_MULTIPLIER_MIN_OUTPUT_WIDTH_FOR_AUTO ; 0            ; Untyped             ;
; CBXI_PARAMETER                                 ; mult_ddt     ; Untyped             ;
; INPUT_A_FIXED_VALUE                            ; Bx           ; Untyped             ;
; INPUT_B_FIXED_VALUE                            ; Bx           ; Untyped             ;
; USE_AHDL_IMPLEMENTATION                        ; OFF          ; Untyped             ;
+------------------------------------------------+--------------+---------------------+
Note: In order to hide this table in the UI and the text report file, please set the "Show Parameter Settings in Synthesis Report" option in "Analysis and Synthesis Settings -> More Settings" to "Off".


+-------------------------------------------------------------------------------------+
; Parameter Settings for Inferred Entity Instance: Milestone1:M1_unit|lpm_mult:Mult0  ;
+------------------------------------------------+--------------+---------------------+
; Parameter Name                                 ; Value        ; Type                ;
+------------------------------------------------+--------------+---------------------+
; AUTO_CARRY_CHAINS                              ; ON           ; AUTO_CARRY          ;
; IGNORE_CARRY_BUFFERS                           ; OFF          ; IGNORE_CARRY        ;
; AUTO_CASCADE_CHAINS                            ; ON           ; AUTO_CASCADE        ;
; IGNORE_CASCADE_BUFFERS                         ; OFF          ; IGNORE_CASCADE      ;
; LPM_WIDTHA                                     ; 17           ; Untyped             ;
; LPM_WIDTHB                                     ; 32           ; Untyped             ;
; LPM_WIDTHP                                     ; 49           ; Untyped             ;
; LPM_WIDTHR                                     ; 49           ; Untyped             ;
; LPM_WIDTHS                                     ; 1            ; Untyped             ;
; LPM_REPRESENTATION                             ; UNSIGNED     ; Untyped             ;
; LPM_PIPELINE                                   ; 0            ; Untyped             ;
; LATENCY                                        ; 0            ; Untyped             ;
; INPUT_A_IS_CONSTANT                            ; NO           ; Untyped             ;
; INPUT_B_IS_CONSTANT                            ; NO           ; Untyped             ;
; USE_EAB                                        ; OFF          ; Untyped             ;
; MAXIMIZE_SPEED                                 ; 5            ; Untyped             ;
; DEVICE_FAMILY                                  ; Cyclone IV E ; Untyped             ;
; CARRY_CHAIN                                    ; MANUAL       ; Untyped             ;
; APEX20K_TECHNOLOGY_MAPPER                      ; LUT          ; TECH_MAPPER_APEX20K ;
; DEDICATED_MULTIPLIER_CIRCUITRY                 ; AUTO         ; Untyped             ;
; DEDICATED_MULTIPLIER_MIN_INPUT_WIDTH_FOR_AUTO  ; 0            ; Untyped             ;
; DEDICATED_MULTIPLIER_MIN_OUTPUT_WIDTH_FOR_AUTO ; 0            ; Untyped             ;
; CBXI_PARAMETER                                 ; mult_ddt     ; Untyped             ;
; INPUT_A_FIXED_VALUE                            ; Bx           ; Untyped             ;
; INPUT_B_FIXED_VALUE                            ; Bx           ; Untyped             ;
; USE_AHDL_IMPLEMENTATION                        ; OFF          ; Untyped             ;
+------------------------------------------------+--------------+---------------------+
Note: In order to hide this table in the UI and the text report file, please set the "Show Parameter Settings in Synthesis Report" option in "Analysis and Synthesis Settings -> More Settings" to "Off".


+-------------------------------------------------------------------------------------+
; Parameter Settings for Inferred Entity Instance: Milestone1:M1_unit|lpm_mult:Mult1  ;
+------------------------------------------------+--------------+---------------------+
; Parameter Name                                 ; Value        ; Type                ;
+------------------------------------------------+--------------+---------------------+
; AUTO_CARRY_CHAINS                              ; ON           ; AUTO_CARRY          ;
; IGNORE_CARRY_BUFFERS                           ; OFF          ; IGNORE_CARRY        ;
; AUTO_CASCADE_CHAINS                            ; ON           ; AUTO_CASCADE        ;
; IGNORE_CASCADE_BUFFERS                         ; OFF          ; IGNORE_CASCADE      ;
; LPM_WIDTHA                                     ; 16           ; Untyped             ;
; LPM_WIDTHB                                     ; 32           ; Untyped             ;
; LPM_WIDTHP                                     ; 48           ; Untyped             ;
; LPM_WIDTHR                                     ; 48           ; Untyped             ;
; LPM_WIDTHS                                     ; 1            ; Untyped             ;
; LPM_REPRESENTATION                             ; UNSIGNED     ; Untyped             ;
; LPM_PIPELINE                                   ; 0            ; Untyped             ;
; LATENCY                                        ; 0            ; Untyped             ;
; INPUT_A_IS_CONSTANT                            ; NO           ; Untyped             ;
; INPUT_B_IS_CONSTANT                            ; NO           ; Untyped             ;
; USE_EAB                                        ; OFF          ; Untyped             ;
; MAXIMIZE_SPEED                                 ; 5            ; Untyped             ;
; DEVICE_FAMILY                                  ; Cyclone IV E ; Untyped             ;
; CARRY_CHAIN                                    ; MANUAL       ; Untyped             ;
; APEX20K_TECHNOLOGY_MAPPER                      ; LUT          ; TECH_MAPPER_APEX20K ;
; DEDICATED_MULTIPLIER_CIRCUITRY                 ; AUTO         ; Untyped             ;
; DEDICATED_MULTIPLIER_MIN_INPUT_WIDTH_FOR_AUTO  ; 0            ; Untyped             ;
; DEDICATED_MULTIPLIER_MIN_OUTPUT_WIDTH_FOR_AUTO ; 0            ; Untyped             ;
; CBXI_PARAMETER                                 ; mult_bdt     ; Untyped             ;
; INPUT_A_FIXED_VALUE                            ; Bx           ; Untyped             ;
; INPUT_B_FIXED_VALUE                            ; Bx           ; Untyped             ;
; USE_AHDL_IMPLEMENTATION                        ; OFF          ; Untyped             ;
+------------------------------------------------+--------------+---------------------+
Note: In order to hide this table in the UI and the text report file, please set the "Show Parameter Settings in Synthesis Report" option in "Analysis and Synthesis Settings -> More Settings" to "Off".


+-------------------------------------------------------------------------------------+
; Parameter Settings for Inferred Entity Instance: Milestone1:M1_unit|lpm_mult:Mult3  ;
+------------------------------------------------+--------------+---------------------+
; Parameter Name                                 ; Value        ; Type                ;
+------------------------------------------------+--------------+---------------------+
; AUTO_CARRY_CHAINS                              ; ON           ; AUTO_CARRY          ;
; IGNORE_CARRY_BUFFERS                           ; OFF          ; IGNORE_CARRY        ;
; AUTO_CASCADE_CHAINS                            ; ON           ; AUTO_CASCADE        ;
; IGNORE_CASCADE_BUFFERS                         ; OFF          ; IGNORE_CASCADE      ;
; LPM_WIDTHA                                     ; 15           ; Untyped             ;
; LPM_WIDTHB                                     ; 32           ; Untyped             ;
; LPM_WIDTHP                                     ; 47           ; Untyped             ;
; LPM_WIDTHR                                     ; 47           ; Untyped             ;
; LPM_WIDTHS                                     ; 1            ; Untyped             ;
; LPM_REPRESENTATION                             ; UNSIGNED     ; Untyped             ;
; LPM_PIPELINE                                   ; 0            ; Untyped             ;
; LATENCY                                        ; 0            ; Untyped             ;
; INPUT_A_IS_CONSTANT                            ; NO           ; Untyped             ;
; INPUT_B_IS_CONSTANT                            ; NO           ; Untyped             ;
; USE_EAB                                        ; OFF          ; Untyped             ;
; MAXIMIZE_SPEED                                 ; 5            ; Untyped             ;
; DEVICE_FAMILY                                  ; Cyclone IV E ; Untyped             ;
; CARRY_CHAIN                                    ; MANUAL       ; Untyped             ;
; APEX20K_TECHNOLOGY_MAPPER                      ; LUT          ; TECH_MAPPER_APEX20K ;
; DEDICATED_MULTIPLIER_CIRCUITRY                 ; AUTO         ; Untyped             ;
; DEDICATED_MULTIPLIER_MIN_INPUT_WIDTH_FOR_AUTO  ; 0            ; Untyped             ;
; DEDICATED_MULTIPLIER_MIN_OUTPUT_WIDTH_FOR_AUTO ; 0            ; Untyped             ;
; CBXI_PARAMETER                                 ; mult_9dt     ; Untyped             ;
; INPUT_A_FIXED_VALUE                            ; Bx           ; Untyped             ;
; INPUT_B_FIXED_VALUE                            ; Bx           ; Untyped             ;
; USE_AHDL_IMPLEMENTATION                        ; OFF          ; Untyped             ;
+------------------------------------------------+--------------+---------------------+
Note: In order to hide this table in the UI and the text report file, please set the "Show Parameter Settings in Synthesis Report" option in "Analysis and Synthesis Settings -> More Settings" to "Off".


+-------------------------------------------------------------------------------------+
; Parameter Settings for Inferred Entity Instance: Milestone2:M2_unit|lpm_mult:Mult0  ;
+------------------------------------------------+--------------+---------------------+
; Parameter Name                                 ; Value        ; Type                ;
+------------------------------------------------+--------------+---------------------+
; AUTO_CARRY_CHAINS                              ; ON           ; AUTO_CARRY          ;
; IGNORE_CARRY_BUFFERS                           ; OFF          ; IGNORE_CARRY        ;
; AUTO_CASCADE_CHAINS                            ; ON           ; AUTO_CASCADE        ;
; IGNORE_CASCADE_BUFFERS                         ; OFF          ; IGNORE_CASCADE      ;
; LPM_WIDTHA                                     ; 32           ; Untyped             ;
; LPM_WIDTHB                                     ; 32           ; Untyped             ;
; LPM_WIDTHP                                     ; 64           ; Untyped             ;
; LPM_WIDTHR                                     ; 64           ; Untyped             ;
; LPM_WIDTHS                                     ; 1            ; Untyped             ;
; LPM_REPRESENTATION                             ; UNSIGNED     ; Untyped             ;
; LPM_PIPELINE                                   ; 0            ; Untyped             ;
; LATENCY                                        ; 0            ; Untyped             ;
; INPUT_A_IS_CONSTANT                            ; NO           ; Untyped             ;
; INPUT_B_IS_CONSTANT                            ; NO           ; Untyped             ;
; USE_EAB                                        ; OFF          ; Untyped             ;
; MAXIMIZE_SPEED                                 ; 5            ; Untyped             ;
; DEVICE_FAMILY                                  ; Cyclone IV E ; Untyped             ;
; CARRY_CHAIN                                    ; MANUAL       ; Untyped             ;
; APEX20K_TECHNOLOGY_MAPPER                      ; LUT          ; TECH_MAPPER_APEX20K ;
; DEDICATED_MULTIPLIER_CIRCUITRY                 ; AUTO         ; Untyped             ;
; DEDICATED_MULTIPLIER_MIN_INPUT_WIDTH_FOR_AUTO  ; 0            ; Untyped             ;
; DEDICATED_MULTIPLIER_MIN_OUTPUT_WIDTH_FOR_AUTO ; 0            ; Untyped             ;
; CBXI_PARAMETER                                 ; mult_7dt     ; Untyped             ;
; INPUT_A_FIXED_VALUE                            ; Bx           ; Untyped             ;
; INPUT_B_FIXED_VALUE                            ; Bx           ; Untyped             ;
; USE_AHDL_IMPLEMENTATION                        ; OFF          ; Untyped             ;
+------------------------------------------------+--------------+---------------------+
Note: In order to hide this table in the UI and the text report file, please set the "Show Parameter Settings in Synthesis Report" option in "Analysis and Synthesis Settings -> More Settings" to "Off".


+-------------------------------------------------------------------------------------+
; Parameter Settings for Inferred Entity Instance: Milestone2:M2_unit|lpm_mult:Mult1  ;
+------------------------------------------------+--------------+---------------------+
; Parameter Name                                 ; Value        ; Type                ;
+------------------------------------------------+--------------+---------------------+
; AUTO_CARRY_CHAINS                              ; ON           ; AUTO_CARRY          ;
; IGNORE_CARRY_BUFFERS                           ; OFF          ; IGNORE_CARRY        ;
; AUTO_CASCADE_CHAINS                            ; ON           ; AUTO_CASCADE        ;
; IGNORE_CASCADE_BUFFERS                         ; OFF          ; IGNORE_CASCADE      ;
; LPM_WIDTHA                                     ; 32           ; Untyped             ;
; LPM_WIDTHB                                     ; 32           ; Untyped             ;
; LPM_WIDTHP                                     ; 64           ; Untyped             ;
; LPM_WIDTHR                                     ; 64           ; Untyped             ;
; LPM_WIDTHS                                     ; 1            ; Untyped             ;
; LPM_REPRESENTATION                             ; UNSIGNED     ; Untyped             ;
; LPM_PIPELINE                                   ; 0            ; Untyped             ;
; LATENCY                                        ; 0            ; Untyped             ;
; INPUT_A_IS_CONSTANT                            ; NO           ; Untyped             ;
; INPUT_B_IS_CONSTANT                            ; NO           ; Untyped             ;
; USE_EAB                                        ; OFF          ; Untyped             ;
; MAXIMIZE_SPEED                                 ; 5            ; Untyped             ;
; DEVICE_FAMILY                                  ; Cyclone IV E ; Untyped             ;
; CARRY_CHAIN                                    ; MANUAL       ; Untyped             ;
; APEX20K_TECHNOLOGY_MAPPER                      ; LUT          ; TECH_MAPPER_APEX20K ;
; DEDICATED_MULTIPLIER_CIRCUITRY                 ; AUTO         ; Untyped             ;
; DEDICATED_MULTIPLIER_MIN_INPUT_WIDTH_FOR_AUTO  ; 0            ; Untyped             ;
; DEDICATED_MULTIPLIER_MIN_OUTPUT_WIDTH_FOR_AUTO ; 0            ; Untyped             ;
; CBXI_PARAMETER                                 ; mult_7dt     ; Untyped             ;
; INPUT_A_FIXED_VALUE                            ; Bx           ; Untyped             ;
; INPUT_B_FIXED_VALUE                            ; Bx           ; Untyped             ;
; USE_AHDL_IMPLEMENTATION                        ; OFF          ; Untyped             ;
+------------------------------------------------+--------------+---------------------+
Note: In order to hide this table in the UI and the text report file, please set the "Show Parameter Settings in Synthesis Report" option in "Analysis and Synthesis Settings -> More Settings" to "Off".


+-------------------------------------------------------------------------------------+
; Parameter Settings for Inferred Entity Instance: Milestone2:M2_unit|lpm_mult:Mult2  ;
+------------------------------------------------+--------------+---------------------+
; Parameter Name                                 ; Value        ; Type                ;
+------------------------------------------------+--------------+---------------------+
; AUTO_CARRY_CHAINS                              ; ON           ; AUTO_CARRY          ;
; IGNORE_CARRY_BUFFERS                           ; OFF          ; IGNORE_CARRY        ;
; AUTO_CASCADE_CHAINS                            ; ON           ; AUTO_CASCADE        ;
; IGNORE_CASCADE_BUFFERS                         ; OFF          ; IGNORE_CASCADE      ;
; LPM_WIDTHA                                     ; 32           ; Untyped             ;
; LPM_WIDTHB                                     ; 32           ; Untyped             ;
; LPM_WIDTHP                                     ; 64           ; Untyped             ;
; LPM_WIDTHR                                     ; 64           ; Untyped             ;
; LPM_WIDTHS                                     ; 1            ; Untyped             ;
; LPM_REPRESENTATION                             ; UNSIGNED     ; Untyped             ;
; LPM_PIPELINE                                   ; 0            ; Untyped             ;
; LATENCY                                        ; 0            ; Untyped             ;
; INPUT_A_IS_CONSTANT                            ; NO           ; Untyped             ;
; INPUT_B_IS_CONSTANT                            ; NO           ; Untyped             ;
; USE_EAB                                        ; OFF          ; Untyped             ;
; MAXIMIZE_SPEED                                 ; 5            ; Untyped             ;
; DEVICE_FAMILY                                  ; Cyclone IV E ; Untyped             ;
; CARRY_CHAIN                                    ; MANUAL       ; Untyped             ;
; APEX20K_TECHNOLOGY_MAPPER                      ; LUT          ; TECH_MAPPER_APEX20K ;
; DEDICATED_MULTIPLIER_CIRCUITRY                 ; AUTO         ; Untyped             ;
; DEDICATED_MULTIPLIER_MIN_INPUT_WIDTH_FOR_AUTO  ; 0            ; Untyped             ;
; DEDICATED_MULTIPLIER_MIN_OUTPUT_WIDTH_FOR_AUTO ; 0            ; Untyped             ;
; CBXI_PARAMETER                                 ; mult_7dt     ; Untyped             ;
; INPUT_A_FIXED_VALUE                            ; Bx           ; Untyped             ;
; INPUT_B_FIXED_VALUE                            ; Bx           ; Untyped             ;
; USE_AHDL_IMPLEMENTATION                        ; OFF          ; Untyped             ;
+------------------------------------------------+--------------+---------------------+
Note: In order to hide this table in the UI and the text report file, please set the "Show Parameter Settings in Synthesis Report" option in "Analysis and Synthesis Settings -> More Settings" to "Off".


+--------------------------------------------------------------------------------------------------------------------+
; altpll Parameter Settings by Entity Instance                                                                       ;
+-------------------------------+------------------------------------------------------------------------------------+
; Name                          ; Value                                                                              ;
+-------------------------------+------------------------------------------------------------------------------------+
; Number of entity instances    ; 1                                                                                  ;
; Entity Instance               ; SRAM_controller:SRAM_unit|Clock_100_PLL:Clock_100_PLL_inst|altpll:altpll_component ;
;     -- OPERATION_MODE         ; NORMAL                                                                             ;
;     -- PLL_TYPE               ; AUTO                                                                               ;
;     -- PRIMARY_CLOCK          ; INCLK0                                                                             ;
;     -- INCLK0_INPUT_FREQUENCY ; 20000                                                                              ;
;     -- INCLK1_INPUT_FREQUENCY ; 0                                                                                  ;
;     -- VCO_MULTIPLY_BY        ; 0                                                                                  ;
;     -- VCO_DIVIDE_BY          ; 0                                                                                  ;
+-------------------------------+------------------------------------------------------------------------------------+


+-----------------------------------------------------------------------------------------------------------------------+
; altsyncram Parameter Settings by Entity Instance                                                                      ;
+-------------------------------------------+---------------------------------------------------------------------------+
; Name                                      ; Value                                                                     ;
+-------------------------------------------+---------------------------------------------------------------------------+
; Number of entity instances                ; 4                                                                         ;
; Entity Instance                           ; Milestone2:M2_unit|dual_port_s:RAM_inst0|altsyncram:altsyncram_component  ;
;     -- OPERATION_MODE                     ; BIDIR_DUAL_PORT                                                           ;
;     -- WIDTH_A                            ; 32                                                                        ;
;     -- NUMWORDS_A                         ; 256                                                                       ;
;     -- OUTDATA_REG_A                      ; UNREGISTERED                                                              ;
;     -- WIDTH_B                            ; 32                                                                        ;
;     -- NUMWORDS_B                         ; 256                                                                       ;
;     -- ADDRESS_REG_B                      ; CLOCK0                                                                    ;
;     -- OUTDATA_REG_B                      ; UNREGISTERED                                                              ;
;     -- RAM_BLOCK_TYPE                     ; AUTO                                                                      ;
;     -- READ_DURING_WRITE_MODE_MIXED_PORTS ; DONT_CARE                                                                 ;
; Entity Instance                           ; Milestone2:M2_unit|dual_port_C:RAM_inst1|altsyncram:altsyncram_component  ;
;     -- OPERATION_MODE                     ; BIDIR_DUAL_PORT                                                           ;
;     -- WIDTH_A                            ; 32                                                                        ;
;     -- NUMWORDS_A                         ; 256                                                                       ;
;     -- OUTDATA_REG_A                      ; UNREGISTERED                                                              ;
;     -- WIDTH_B                            ; 32                                                                        ;
;     -- NUMWORDS_B                         ; 256                                                                       ;
;     -- ADDRESS_REG_B                      ; CLOCK0                                                                    ;
;     -- OUTDATA_REG_B                      ; UNREGISTERED                                                              ;
;     -- RAM_BLOCK_TYPE                     ; AUTO                                                                      ;
;     -- READ_DURING_WRITE_MODE_MIXED_PORTS ; DONT_CARE                                                                 ;
; Entity Instance                           ; Milestone2:M2_unit|dual_port_T:RAM_inst2|altsyncram:altsyncram_component  ;
;     -- OPERATION_MODE                     ; BIDIR_DUAL_PORT                                                           ;
;     -- WIDTH_A                            ; 32                                                                        ;
;     -- NUMWORDS_A                         ; 256                                                                       ;
;     -- OUTDATA_REG_A                      ; UNREGISTERED                                                              ;
;     -- WIDTH_B                            ; 32                                                                        ;
;     -- NUMWORDS_B                         ; 256                                                                       ;
;     -- ADDRESS_REG_B                      ; CLOCK0                                                                    ;
;     -- OUTDATA_REG_B                      ; UNREGISTERED                                                              ;
;     -- RAM_BLOCK_TYPE                     ; AUTO                                                                      ;
;     -- READ_DURING_WRITE_MODE_MIXED_PORTS ; DONT_CARE                                                                 ;
; Entity Instance                           ; Milestone2:M2_unit|dual_port_Cs:RAM_inst3|altsyncram:altsyncram_component ;
;     -- OPERATION_MODE                     ; BIDIR_DUAL_PORT                                                           ;
;     -- WIDTH_A                            ; 32                                                                        ;
;     -- NUMWORDS_A                         ; 256                                                                       ;
;     -- OUTDATA_REG_A                      ; UNREGISTERED                                                              ;
;     -- WIDTH_B                            ; 32                                                                        ;
;     -- NUMWORDS_B                         ; 256                                                                       ;
;     -- ADDRESS_REG_B                      ; CLOCK0                                                                    ;
;     -- OUTDATA_REG_B                      ; UNREGISTERED                                                              ;
;     -- RAM_BLOCK_TYPE                     ; AUTO                                                                      ;
;     -- READ_DURING_WRITE_MODE_MIXED_PORTS ; DONT_CARE                                                                 ;
+-------------------------------------------+---------------------------------------------------------------------------+


+---------------------------------------------------------------------------+
; lpm_mult Parameter Settings by Entity Instance                            ;
+---------------------------------------+-----------------------------------+
; Name                                  ; Value                             ;
+---------------------------------------+-----------------------------------+
; Number of entity instances            ; 7                                 ;
; Entity Instance                       ; Milestone1:M1_unit|lpm_mult:Mult2 ;
;     -- LPM_WIDTHA                     ; 17                                ;
;     -- LPM_WIDTHB                     ; 32                                ;
;     -- LPM_WIDTHP                     ; 49                                ;
;     -- LPM_REPRESENTATION             ; UNSIGNED                          ;
;     -- INPUT_A_IS_CONSTANT            ; NO                                ;
;     -- INPUT_B_IS_CONSTANT            ; NO                                ;
;     -- USE_EAB                        ; OFF                               ;
;     -- DEDICATED_MULTIPLIER_CIRCUITRY ; AUTO                              ;
;     -- INPUT_A_FIXED_VALUE            ; Bx                                ;
;     -- INPUT_B_FIXED_VALUE            ; Bx                                ;
; Entity Instance                       ; Milestone1:M1_unit|lpm_mult:Mult0 ;
;     -- LPM_WIDTHA                     ; 17                                ;
;     -- LPM_WIDTHB                     ; 32                                ;
;     -- LPM_WIDTHP                     ; 49                                ;
;     -- LPM_REPRESENTATION             ; UNSIGNED                          ;
;     -- INPUT_A_IS_CONSTANT            ; NO                                ;
;     -- INPUT_B_IS_CONSTANT            ; NO                                ;
;     -- USE_EAB                        ; OFF                               ;
;     -- DEDICATED_MULTIPLIER_CIRCUITRY ; AUTO                              ;
;     -- INPUT_A_FIXED_VALUE            ; Bx                                ;
;     -- INPUT_B_FIXED_VALUE            ; Bx                                ;
; Entity Instance                       ; Milestone1:M1_unit|lpm_mult:Mult1 ;
;     -- LPM_WIDTHA                     ; 16                                ;
;     -- LPM_WIDTHB                     ; 32                                ;
;     -- LPM_WIDTHP                     ; 48                                ;
;     -- LPM_REPRESENTATION             ; UNSIGNED                          ;
;     -- INPUT_A_IS_CONSTANT            ; NO                                ;
;     -- INPUT_B_IS_CONSTANT            ; NO                                ;
;     -- USE_EAB                        ; OFF                               ;
;     -- DEDICATED_MULTIPLIER_CIRCUITRY ; AUTO                              ;
;     -- INPUT_A_FIXED_VALUE            ; Bx                                ;
;     -- INPUT_B_FIXED_VALUE            ; Bx                                ;
; Entity Instance                       ; Milestone1:M1_unit|lpm_mult:Mult3 ;
;     -- LPM_WIDTHA                     ; 15                                ;
;     -- LPM_WIDTHB                     ; 32                                ;
;     -- LPM_WIDTHP                     ; 47                                ;
;     -- LPM_REPRESENTATION             ; UNSIGNED                          ;
;     -- INPUT_A_IS_CONSTANT            ; NO                                ;
;     -- INPUT_B_IS_CONSTANT            ; NO                                ;
;     -- USE_EAB                        ; OFF                               ;
;     -- DEDICATED_MULTIPLIER_CIRCUITRY ; AUTO                              ;
;     -- INPUT_A_FIXED_VALUE            ; Bx                                ;
;     -- INPUT_B_FIXED_VALUE            ; Bx                                ;
; Entity Instance                       ; Milestone2:M2_unit|lpm_mult:Mult0 ;
;     -- LPM_WIDTHA                     ; 32                                ;
;     -- LPM_WIDTHB                     ; 32                                ;
;     -- LPM_WIDTHP                     ; 64                                ;
;     -- LPM_REPRESENTATION             ; UNSIGNED                          ;
;     -- INPUT_A_IS_CONSTANT            ; NO                                ;
;     -- INPUT_B_IS_CONSTANT            ; NO                                ;
;     -- USE_EAB                        ; OFF                               ;
;     -- DEDICATED_MULTIPLIER_CIRCUITRY ; AUTO                              ;
;     -- INPUT_A_FIXED_VALUE            ; Bx                                ;
;     -- INPUT_B_FIXED_VALUE            ; Bx                                ;
; Entity Instance                       ; Milestone2:M2_unit|lpm_mult:Mult1 ;
;     -- LPM_WIDTHA                     ; 32                                ;
;     -- LPM_WIDTHB                     ; 32                                ;
;     -- LPM_WIDTHP                     ; 64                                ;
;     -- LPM_REPRESENTATION             ; UNSIGNED                          ;
;     -- INPUT_A_IS_CONSTANT            ; NO                                ;
;     -- INPUT_B_IS_CONSTANT            ; NO                                ;
;     -- USE_EAB                        ; OFF                               ;
;     -- DEDICATED_MULTIPLIER_CIRCUITRY ; AUTO                              ;
;     -- INPUT_A_FIXED_VALUE            ; Bx                                ;
;     -- INPUT_B_FIXED_VALUE            ; Bx                                ;
; Entity Instance                       ; Milestone2:M2_unit|lpm_mult:Mult2 ;
;     -- LPM_WIDTHA                     ; 32                                ;
;     -- LPM_WIDTHB                     ; 32                                ;
;     -- LPM_WIDTHP                     ; 64                                ;
;     -- LPM_REPRESENTATION             ; UNSIGNED                          ;
;     -- INPUT_A_IS_CONSTANT            ; NO                                ;
;     -- INPUT_B_IS_CONSTANT            ; NO                                ;
;     -- USE_EAB                        ; OFF                               ;
;     -- DEDICATED_MULTIPLIER_CIRCUITRY ; AUTO                              ;
;     -- INPUT_A_FIXED_VALUE            ; Bx                                ;
;     -- INPUT_B_FIXED_VALUE            ; Bx                                ;
+---------------------------------------+-----------------------------------+


+----------------------------------------------------------------+
; Port Connectivity Checks: "convert_hex_to_seven_segment:unit3" ;
+-----------------+-------+----------+---------------------------+
; Port            ; Type  ; Severity ; Details                   ;
+-----------------+-------+----------+---------------------------+
; hex_value[3..2] ; Input ; Info     ; Stuck at GND              ;
+-----------------+-------+----------+---------------------------+


+----------------------------------------------------------------------------------------------------------------+
; Port Connectivity Checks: "Milestone2:M2_unit|dual_port_Cs:RAM_inst3"                                          ;
+------+--------+----------+-------------------------------------------------------------------------------------+
; Port ; Type   ; Severity ; Details                                                                             ;
+------+--------+----------+-------------------------------------------------------------------------------------+
; q_b  ; Output ; Info     ; Connected to dangling logic. Logic that only feeds a dangling port will be removed. ;
+------+--------+----------+-------------------------------------------------------------------------------------+


+----------------------------------------------------------------------------------------------------------------+
; Port Connectivity Checks: "Milestone2:M2_unit|dual_port_T:RAM_inst2"                                           ;
+------+--------+----------+-------------------------------------------------------------------------------------+
; Port ; Type   ; Severity ; Details                                                                             ;
+------+--------+----------+-------------------------------------------------------------------------------------+
; q_b  ; Output ; Info     ; Connected to dangling logic. Logic that only feeds a dangling port will be removed. ;
+------+--------+----------+-------------------------------------------------------------------------------------+


+-----------------------------------------------------------------------------------------------------------------------+
; Port Connectivity Checks: "Milestone2:M2_unit|dual_port_C:RAM_inst1"                                                  ;
+-------------+--------+----------+-------------------------------------------------------------------------------------+
; Port        ; Type   ; Severity ; Details                                                                             ;
+-------------+--------+----------+-------------------------------------------------------------------------------------+
; data_a      ; Input  ; Info     ; Stuck at GND                                                                        ;
; data_b      ; Input  ; Info     ; Stuck at GND                                                                        ;
; wren_a      ; Input  ; Info     ; Stuck at GND                                                                        ;
; wren_b      ; Input  ; Info     ; Stuck at GND                                                                        ;
; q_a[31..30] ; Output ; Info     ; Connected to dangling logic. Logic that only feeds a dangling port will be removed. ;
; q_b[31..30] ; Output ; Info     ; Connected to dangling logic. Logic that only feeds a dangling port will be removed. ;
+-------------+--------+----------+-------------------------------------------------------------------------------------+


+------------------------------------------------------------------------------------------------------------------+
; Port Connectivity Checks: "Milestone2:M2_unit|dual_port_s:RAM_inst0"                                             ;
+--------+--------+----------+-------------------------------------------------------------------------------------+
; Port   ; Type   ; Severity ; Details                                                                             ;
+--------+--------+----------+-------------------------------------------------------------------------------------+
; data_b ; Input  ; Info     ; Stuck at GND                                                                        ;
; wren_b ; Input  ; Info     ; Stuck at GND                                                                        ;
; q_b    ; Output ; Info     ; Connected to dangling logic. Logic that only feeds a dangling port will be removed. ;
+--------+--------+----------+-------------------------------------------------------------------------------------+


+-------------------------------------------------------------------------------------------------------------------+
; Port Connectivity Checks: "UART_SRAM_interface:UART_unit|UART_receive_controller:UART_RX"                         ;
+---------+--------+----------+-------------------------------------------------------------------------------------+
; Port    ; Type   ; Severity ; Details                                                                             ;
+---------+--------+----------+-------------------------------------------------------------------------------------+
; Overrun ; Output ; Info     ; Connected to dangling logic. Logic that only feeds a dangling port will be removed. ;
+---------+--------+----------+-------------------------------------------------------------------------------------+


+-------------------------------------------------------------+
; Port Connectivity Checks: "VGA_SRAM_interface:VGA_unit"     ;
+---------------------------+-------+----------+--------------+
; Port                      ; Type  ; Severity ; Details      ;
+---------------------------+-------+----------+--------------+
; SRAM_base_address[17..16] ; Input ; Info     ; Stuck at VCC ;
; SRAM_base_address[12..9]  ; Input ; Info     ; Stuck at VCC ;
; SRAM_base_address[8..0]   ; Input ; Info     ; Stuck at GND ;
; SRAM_base_address[15]     ; Input ; Info     ; Stuck at GND ;
; SRAM_base_address[14]     ; Input ; Info     ; Stuck at VCC ;
; SRAM_base_address[13]     ; Input ; Info     ; Stuck at GND ;
+---------------------------+-------+----------+--------------+


+-----------------------------------------------------+
; Post-Synthesis Netlist Statistics for Top Partition ;
+-----------------------+-----------------------------+
; Type                  ; Count                       ;
+-----------------------+-----------------------------+
; boundary_port         ; 160                         ;
; cycloneiii_ff         ; 2414                        ;
;     CLR               ; 261                         ;
;     CLR SCLR          ; 44                          ;
;     CLR SLD           ; 40                          ;
;     ENA               ; 145                         ;
;     ENA CLR           ; 1570                        ;
;     ENA CLR SCLR      ; 110                         ;
;     ENA CLR SCLR SLD  ; 8                           ;
;     ENA CLR SLD       ; 225                         ;
;     ENA SLD           ; 6                           ;
;     plain             ; 5                           ;
; cycloneiii_io_obuf    ; 16                          ;
; cycloneiii_lcell_comb ; 5777                        ;
;     arith             ; 1998                        ;
;         1 data inputs ; 46                          ;
;         2 data inputs ; 660                         ;
;         3 data inputs ; 1292                        ;
;     normal            ; 3779                        ;
;         0 data inputs ; 22                          ;
;         1 data inputs ; 93                          ;
;         2 data inputs ; 308                         ;
;         3 data inputs ; 989                         ;
;         4 data inputs ; 2367                        ;
; cycloneiii_mac_mult   ; 17                          ;
; cycloneiii_mac_out    ; 17                          ;
; cycloneiii_pll        ; 1                           ;
; cycloneiii_ram_block  ; 126                         ;
;                       ;                             ;
; Max LUT depth         ; 13.10                       ;
; Average LUT depth     ; 4.13                        ;
+-----------------------+-----------------------------+


+-------------------------------+
; Elapsed Time Per Partition    ;
+----------------+--------------+
; Partition Name ; Elapsed Time ;
+----------------+--------------+
; Top            ; 00:00:09     ;
+----------------+--------------+


+-------------------------------+
; Analysis & Synthesis Messages ;
+-------------------------------+
Info: *******************************************************************
Info: Running Quartus Prime Analysis & Synthesis
    Info: Version 19.1.0 Build 670 09/22/2019 SJ Lite Edition
    Info: Processing started: Thu Aug 13 01:42:13 2026
Info: Command: quartus_map --read_settings_files=on --write_settings_files=off project -c project
Info (20030): Parallel compilation is enabled and will use 12 of the 12 processors detected
Info (12021): Found 1 design units, including 1 entities, in source file /final/project-group-63-thursday/rtl/dual_port_c.v
    Info (12023): Found entity 1: dual_port_C File: C:/final/project-group-63-thursday/rtl/dual_port_C.v Line: 4
Info (12021): Found 1 design units, including 1 entities, in source file /final/project-group-63-thursday/rtl/dual_port_s.v
    Info (12023): Found entity 1: dual_port_s File: C:/final/project-group-63-thursday/rtl/dual_port_s.v Line: 4
Info (12021): Found 1 design units, including 1 entities, in source file /final/project-group-63-thursday/rtl/dual_port_t.v
    Info (12023): Found entity 1: dual_port_T File: C:/final/project-group-63-thursday/rtl/dual_port_T.v Line: 4
Info (12021): Found 1 design units, including 1 entities, in source file /final/project-group-63-thursday/rtl/clock_100_pll.v
    Info (12023): Found entity 1: Clock_100_PLL File: C:/final/project-group-63-thursday/rtl/Clock_100_PLL.v Line: 40
Info (12021): Found 1 design units, including 1 entities, in source file /final/project-group-63-thursday/rtl/convert_hex_to_seven_segment.sv
    Info (12023): Found entity 1: convert_hex_to_seven_segment File: C:/final/project-group-63-thursday/rtl/convert_hex_to_seven_segment.sv Line: 14
Info (12021): Found 1 design units, including 1 entities, in source file /final/project-group-63-thursday/rtl/project.sv
    Info (12023): Found entity 1: project File: C:/final/project-group-63-thursday/rtl/project.sv Line: 18
Info (12021): Found 1 design units, including 1 entities, in source file /final/project-group-63-thursday/rtl/uart_receive_controller.sv
    Info (12023): Found entity 1: UART_receive_controller File: C:/final/project-group-63-thursday/rtl/UART_receive_controller.sv Line: 25
Info (12021): Found 1 design units, including 1 entities, in source file /final/project-group-63-thursday/rtl/sram_controller.sv
    Info (12023): Found entity 1: SRAM_controller File: C:/final/project-group-63-thursday/rtl/SRAM_controller.sv Line: 15
Info (12021): Found 1 design units, including 1 entities, in source file /final/project-group-63-thursday/rtl/vga_controller.sv
    Info (12023): Found entity 1: VGA_controller File: C:/final/project-group-63-thursday/rtl/VGA_controller.sv Line: 14
Info (12021): Found 1 design units, including 1 entities, in source file /final/project-group-63-thursday/rtl/pb_controller.sv
    Info (12023): Found entity 1: PB_controller File: C:/final/project-group-63-thursday/rtl/PB_controller.sv Line: 13
Info (12021): Found 1 design units, including 1 entities, in source file /final/project-group-63-thursday/rtl/uart_sram_interface.sv
    Info (12023): Found entity 1: UART_SRAM_interface File: C:/final/project-group-63-thursday/rtl/UART_SRAM_interface.sv Line: 17
Info (12021): Found 1 design units, including 1 entities, in source file /final/project-group-63-thursday/rtl/vga_sram_interface.sv
    Info (12023): Found entity 1: VGA_SRAM_interface File: C:/final/project-group-63-thursday/rtl/VGA_SRAM_interface.sv Line: 17
Info (12021): Found 1 design units, including 1 entities, in source file /final/project-group-63-thursday/rtl/milestone1.sv
    Info (12023): Found entity 1: Milestone1 File: C:/final/project-group-63-thursday/rtl/Milestone1.sv Line: 23
Info (12021): Found 1 design units, including 1 entities, in source file /final/project-group-63-thursday/rtl/milestone2.sv
    Info (12023): Found entity 1: Milestone2 File: C:/final/project-group-63-thursday/rtl/Milestone2.sv Line: 22
Info (12021): Found 1 design units, including 1 entities, in source file /final/project-group-63-thursday/rtl/dual_port_cs.v
    Info (12023): Found entity 1: dual_port_Cs File: C:/final/project-group-63-thursday/rtl/dual_port_Cs.v Line: 4
Info (12021): Found 1 design units, including 1 entities, in source file /final/project-group-63-thursday/rtl/milestone3.sv
    Info (12023): Found entity 1: Milestone3 File: C:/final/project-group-63-thursday/rtl/Milestone3.sv Line: 8
Info (12127): Elaborating entity "project" for the top level hierarchy
Info (12128): Elaborating entity "PB_controller" for hierarchy "PB_controller:PB_unit" File: C:/final/project-group-63-thursday/rtl/project.sv Line: 97
Info (12128): Elaborating entity "VGA_SRAM_interface" for hierarchy "VGA_SRAM_interface:VGA_unit" File: C:/final/project-group-63-thursday/rtl/project.sv Line: 118
Info (12128): Elaborating entity "VGA_controller" for hierarchy "VGA_SRAM_interface:VGA_unit|VGA_controller:VGA_unit" File: C:/final/project-group-63-thursday/rtl/VGA_SRAM_interface.sv Line: 65
Info (12128): Elaborating entity "UART_SRAM_interface" for hierarchy "UART_SRAM_interface:UART_unit" File: C:/final/project-group-63-thursday/rtl/project.sv Line: 134
Info (12128): Elaborating entity "UART_receive_controller" for hierarchy "UART_SRAM_interface:UART_unit|UART_receive_controller:UART_RX" File: C:/final/project-group-63-thursday/rtl/UART_SRAM_interface.sv Line: 55
Info (12128): Elaborating entity "SRAM_controller" for hierarchy "SRAM_controller:SRAM_unit" File: C:/final/project-group-63-thursday/rtl/project.sv Line: 154
Info (12128): Elaborating entity "Clock_100_PLL" for hierarchy "SRAM_controller:SRAM_unit|Clock_100_PLL:Clock_100_PLL_inst" File: C:/final/project-group-63-thursday/rtl/SRAM_controller.sv Line: 61
Info (12128): Elaborating entity "altpll" for hierarchy "SRAM_controller:SRAM_unit|Clock_100_PLL:Clock_100_PLL_inst|altpll:altpll_component" File: C:/final/project-group-63-thursday/rtl/Clock_100_PLL.v Line: 104
Info (12130): Elaborated megafunction instantiation "SRAM_controller:SRAM_unit|Clock_100_PLL:Clock_100_PLL_inst|altpll:altpll_component" File: C:/final/project-group-63-thursday/rtl/Clock_100_PLL.v Line: 104
Info (12133): Instantiated megafunction "SRAM_controller:SRAM_unit|Clock_100_PLL:Clock_100_PLL_inst|altpll:altpll_component" with the following parameter: File: C:/final/project-group-63-thursday/rtl/Clock_100_PLL.v Line: 104
    Info (12134): Parameter "bandwidth_type" = "AUTO"
    Info (12134): Parameter "clk0_divide_by" = "1"
    Info (12134): Parameter "clk0_duty_cycle" = "50"
    Info (12134): Parameter "clk0_multiply_by" = "2"
    Info (12134): Parameter "clk0_phase_shift" = "0"
    Info (12134): Parameter "compensate_clock" = "CLK0"
    Info (12134): Parameter "inclk0_input_frequency" = "20000"
    Info (12134): Parameter "intended_device_family" = "Cyclone IV E"
    Info (12134): Parameter "lpm_hint" = "CBX_MODULE_PREFIX=Clock_100_PLL"
    Info (12134): Parameter "lpm_type" = "altpll"
    Info (12134): Parameter "operation_mode" = "NORMAL"
    Info (12134): Parameter "pll_type" = "AUTO"
    Info (12134): Parameter "port_activeclock" = "PORT_UNUSED"
    Info (12134): Parameter "port_areset" = "PORT_USED"
    Info (12134): Parameter "port_clkbad0" = "PORT_UNUSED"
    Info (12134): Parameter "port_clkbad1" = "PORT_UNUSED"
    Info (12134): Parameter "port_clkloss" = "PORT_UNUSED"
    Info (12134): Parameter "port_clkswitch" = "PORT_UNUSED"
    Info (12134): Parameter "port_configupdate" = "PORT_UNUSED"
    Info (12134): Parameter "port_fbin" = "PORT_UNUSED"
    Info (12134): Parameter "port_inclk0" = "PORT_USED"
    Info (12134): Parameter "port_inclk1" = "PORT_UNUSED"
    Info (12134): Parameter "port_locked" = "PORT_USED"
    Info (12134): Parameter "port_pfdena" = "PORT_UNUSED"
    Info (12134): Parameter "port_phasecounterselect" = "PORT_UNUSED"
    Info (12134): Parameter "port_phasedone" = "PORT_UNUSED"
    Info (12134): Parameter "port_phasestep" = "PORT_UNUSED"
    Info (12134): Parameter "port_phaseupdown" = "PORT_UNUSED"
    Info (12134): Parameter "port_pllena" = "PORT_UNUSED"
    Info (12134): Parameter "port_scanaclr" = "PORT_UNUSED"
    Info (12134): Parameter "port_scanclk" = "PORT_UNUSED"
    Info (12134): Parameter "port_scanclkena" = "PORT_UNUSED"
    Info (12134): Parameter "port_scandata" = "PORT_UNUSED"
    Info (12134): Parameter "port_scandataout" = "PORT_UNUSED"
    Info (12134): Parameter "port_scandone" = "PORT_UNUSED"
    Info (12134): Parameter "port_scanread" = "PORT_UNUSED"
    Info (12134): Parameter "port_scanwrite" = "PORT_UNUSED"
    Info (12134): Parameter "port_clk0" = "PORT_USED"
    Info (12134): Parameter "port_clk1" = "PORT_UNUSED"
    Info (12134): Parameter "port_clk2" = "PORT_UNUSED"
    Info (12134): Parameter "port_clk3" = "PORT_UNUSED"
    Info (12134): Parameter "port_clk4" = "PORT_UNUSED"
    Info (12134): Parameter "port_clk5" = "PORT_UNUSED"
    Info (12134): Parameter "port_clkena0" = "PORT_UNUSED"
    Info (12134): Parameter "port_clkena1" = "PORT_UNUSED"
    Info (12134): Parameter "port_clkena2" = "PORT_UNUSED"
    Info (12134): Parameter "port_clkena3" = "PORT_UNUSED"
    Info (12134): Parameter "port_clkena4" = "PORT_UNUSED"
    Info (12134): Parameter "port_clkena5" = "PORT_UNUSED"
    Info (12134): Parameter "port_extclk0" = "PORT_UNUSED"
    Info (12134): Parameter "port_extclk1" = "PORT_UNUSED"
    Info (12134): Parameter "port_extclk2" = "PORT_UNUSED"
    Info (12134): Parameter "port_extclk3" = "PORT_UNUSED"
    Info (12134): Parameter "self_reset_on_loss_lock" = "OFF"
    Info (12134): Parameter "width_clock" = "5"
Info (12021): Found 1 design units, including 1 entities, in source file db/clock_100_pll_altpll.v
    Info (12023): Found entity 1: Clock_100_PLL_altpll File: C:/final/project-group-63-thursday/syn/db/clock_100_pll_altpll.v Line: 31
Info (12128): Elaborating entity "Clock_100_PLL_altpll" for hierarchy "SRAM_controller:SRAM_unit|Clock_100_PLL:Clock_100_PLL_inst|altpll:altpll_component|Clock_100_PLL_altpll:auto_generated" File: c:/intelfpga_lite/19.1/quartus/libraries/megafunctions/altpll.tdf Line: 898
Info (12128): Elaborating entity "Milestone1" for hierarchy "Milestone1:M1_unit" File: C:/final/project-group-63-thursday/rtl/project.sv Line: 180
Warning (10230): Verilog HDL assignment warning at Milestone1.sv(275): truncated value with size 32 to match size of target (18) File: C:/final/project-group-63-thursday/rtl/Milestone1.sv Line: 275
Warning (10230): Verilog HDL assignment warning at Milestone1.sv(279): truncated value with size 32 to match size of target (8) File: C:/final/project-group-63-thursday/rtl/Milestone1.sv Line: 279
Warning (10230): Verilog HDL assignment warning at Milestone1.sv(290): truncated value with size 32 to match size of target (18) File: C:/final/project-group-63-thursday/rtl/Milestone1.sv Line: 290
Warning (10230): Verilog HDL assignment warning at Milestone1.sv(298): truncated value with size 32 to match size of target (18) File: C:/final/project-group-63-thursday/rtl/Milestone1.sv Line: 298
Warning (10230): Verilog HDL assignment warning at Milestone1.sv(306): truncated value with size 32 to match size of target (18) File: C:/final/project-group-63-thursday/rtl/Milestone1.sv Line: 306
Warning (10230): Verilog HDL assignment warning at Milestone1.sv(320): truncated value with size 32 to match size of target (18) File: C:/final/project-group-63-thursday/rtl/Milestone1.sv Line: 320
Warning (10230): Verilog HDL assignment warning at Milestone1.sv(341): truncated value with size 32 to match size of target (18) File: C:/final/project-group-63-thursday/rtl/Milestone1.sv Line: 341
Warning (10230): Verilog HDL assignment warning at Milestone1.sv(358): truncated value with size 32 to match size of target (18) File: C:/final/project-group-63-thursday/rtl/Milestone1.sv Line: 358
Info (12128): Elaborating entity "Milestone2" for hierarchy "Milestone2:M2_unit" File: C:/final/project-group-63-thursday/rtl/project.sv Line: 203
Warning (10036): Verilog HDL or VHDL warning at Milestone2.sv(49): object "SRAM_w_en_M2_fetch" assigned a value but never read File: C:/final/project-group-63-thursday/rtl/Milestone2.sv Line: 49
Warning (10036): Verilog HDL or VHDL warning at Milestone2.sv(2045): object "start_flag_2" assigned a value but never read File: C:/final/project-group-63-thursday/rtl/Milestone2.sv Line: 2045
Warning (10230): Verilog HDL assignment warning at Milestone2.sv(543): truncated value with size 32 to match size of target (10) File: C:/final/project-group-63-thursday/rtl/Milestone2.sv Line: 543
Warning (10230): Verilog HDL assignment warning at Milestone2.sv(605): truncated value with size 32 to match size of target (10) File: C:/final/project-group-63-thursday/rtl/Milestone2.sv Line: 605
Warning (10230): Verilog HDL assignment warning at Milestone2.sv(798): truncated value with size 32 to match size of target (8) File: C:/final/project-group-63-thursday/rtl/Milestone2.sv Line: 798
Warning (10230): Verilog HDL assignment warning at Milestone2.sv(836): truncated value with size 32 to match size of target (8) File: C:/final/project-group-63-thursday/rtl/Milestone2.sv Line: 836
Warning (10230): Verilog HDL assignment warning at Milestone2.sv(846): truncated value with size 32 to match size of target (4) File: C:/final/project-group-63-thursday/rtl/Milestone2.sv Line: 846
Warning (10230): Verilog HDL assignment warning at Milestone2.sv(852): truncated value with size 32 to match size of target (4) File: C:/final/project-group-63-thursday/rtl/Milestone2.sv Line: 852
Warning (10230): Verilog HDL assignment warning at Milestone2.sv(857): truncated value with size 32 to match size of target (5) File: C:/final/project-group-63-thursday/rtl/Milestone2.sv Line: 857
Warning (10230): Verilog HDL assignment warning at Milestone2.sv(871): truncated value with size 32 to match size of target (4) File: C:/final/project-group-63-thursday/rtl/Milestone2.sv Line: 871
Warning (10230): Verilog HDL assignment warning at Milestone2.sv(876): truncated value with size 32 to match size of target (5) File: C:/final/project-group-63-thursday/rtl/Milestone2.sv Line: 876
Warning (10230): Verilog HDL assignment warning at Milestone2.sv(2123): truncated value with size 32 to match size of target (4) File: C:/final/project-group-63-thursday/rtl/Milestone2.sv Line: 2123
Warning (10230): Verilog HDL assignment warning at Milestone2.sv(2159): truncated value with size 32 to match size of target (4) File: C:/final/project-group-63-thursday/rtl/Milestone2.sv Line: 2159
Warning (10230): Verilog HDL assignment warning at Milestone2.sv(2188): truncated value with size 32 to match size of target (4) File: C:/final/project-group-63-thursday/rtl/Milestone2.sv Line: 2188
Warning (10230): Verilog HDL assignment warning at Milestone2.sv(2190): truncated value with size 32 to match size of target (6) File: C:/final/project-group-63-thursday/rtl/Milestone2.sv Line: 2190
Warning (10230): Verilog HDL assignment warning at Milestone2.sv(2197): truncated value with size 32 to match size of target (4) File: C:/final/project-group-63-thursday/rtl/Milestone2.sv Line: 2197
Warning (10230): Verilog HDL assignment warning at Milestone2.sv(2201): truncated value with size 32 to match size of target (5) File: C:/final/project-group-63-thursday/rtl/Milestone2.sv Line: 2201
Info (12128): Elaborating entity "dual_port_s" for hierarchy "Milestone2:M2_unit|dual_port_s:RAM_inst0" File: C:/final/project-group-63-thursday/rtl/Milestone2.sv Line: 93
Info (12128): Elaborating entity "altsyncram" for hierarchy "Milestone2:M2_unit|dual_port_s:RAM_inst0|altsyncram:altsyncram_component" File: C:/final/project-group-63-thursday/rtl/dual_port_s.v Line: 62
Info (12130): Elaborated megafunction instantiation "Milestone2:M2_unit|dual_port_s:RAM_inst0|altsyncram:altsyncram_component" File: C:/final/project-group-63-thursday/rtl/dual_port_s.v Line: 62
Info (12133): Instantiated megafunction "Milestone2:M2_unit|dual_port_s:RAM_inst0|altsyncram:altsyncram_component" with the following parameter: File: C:/final/project-group-63-thursday/rtl/dual_port_s.v Line: 62
    Info (12134): Parameter "address_reg_b" = "CLOCK0"
    Info (12134): Parameter "clock_enable_input_a" = "BYPASS"
    Info (12134): Parameter "clock_enable_input_b" = "BYPASS"
    Info (12134): Parameter "clock_enable_output_a" = "BYPASS"
    Info (12134): Parameter "clock_enable_output_b" = "BYPASS"
    Info (12134): Parameter "indata_reg_b" = "CLOCK0"
    Info (12134): Parameter "init_file" = "../rtl/RAM_fetch_S.mif"
    Info (12134): Parameter "intended_device_family" = "Cyclone IV E"
    Info (12134): Parameter "lpm_type" = "altsyncram"
    Info (12134): Parameter "numwords_a" = "256"
    Info (12134): Parameter "numwords_b" = "256"
    Info (12134): Parameter "operation_mode" = "BIDIR_DUAL_PORT"
    Info (12134): Parameter "outdata_aclr_a" = "NONE"
    Info (12134): Parameter "outdata_aclr_b" = "NONE"
    Info (12134): Parameter "outdata_reg_a" = "UNREGISTERED"
    Info (12134): Parameter "outdata_reg_b" = "UNREGISTERED"
    Info (12134): Parameter "power_up_uninitialized" = "FALSE"
    Info (12134): Parameter "read_during_write_mode_mixed_ports" = "DONT_CARE"
    Info (12134): Parameter "read_during_write_mode_port_a" = "NEW_DATA_WITH_NBE_READ"
    Info (12134): Parameter "read_during_write_mode_port_b" = "NEW_DATA_WITH_NBE_READ"
    Info (12134): Parameter "widthad_a" = "8"
    Info (12134): Parameter "widthad_b" = "8"
    Info (12134): Parameter "width_a" = "32"
    Info (12134): Parameter "width_b" = "32"
    Info (12134): Parameter "width_byteena_a" = "1"
    Info (12134): Parameter "width_byteena_b" = "1"
    Info (12134): Parameter "wrcontrol_wraddress_reg_b" = "CLOCK0"
Info (12021): Found 1 design units, including 1 entities, in source file db/altsyncram_3vk2.tdf
    Info (12023): Found entity 1: altsyncram_3vk2 File: C:/final/project-group-63-thursday/syn/db/altsyncram_3vk2.tdf Line: 28
Info (12128): Elaborating entity "altsyncram_3vk2" for hierarchy "Milestone2:M2_unit|dual_port_s:RAM_inst0|altsyncram:altsyncram_component|altsyncram_3vk2:auto_generated" File: c:/intelfpga_lite/19.1/quartus/libraries/megafunctions/altsyncram.tdf Line: 792
Info (12128): Elaborating entity "dual_port_C" for hierarchy "Milestone2:M2_unit|dual_port_C:RAM_inst1" File: C:/final/project-group-63-thursday/rtl/Milestone2.sv Line: 108
Info (12128): Elaborating entity "altsyncram" for hierarchy "Milestone2:M2_unit|dual_port_C:RAM_inst1|altsyncram:altsyncram_component" File: C:/final/project-group-63-thursday/rtl/dual_port_C.v Line: 62
Info (12130): Elaborated megafunction instantiation "Milestone2:M2_unit|dual_port_C:RAM_inst1|altsyncram:altsyncram_component" File: C:/final/project-group-63-thursday/rtl/dual_port_C.v Line: 62
Info (12133): Instantiated megafunction "Milestone2:M2_unit|dual_port_C:RAM_inst1|altsyncram:altsyncram_component" with the following parameter: File: C:/final/project-group-63-thursday/rtl/dual_port_C.v Line: 62
    Info (12134): Parameter "address_reg_b" = "CLOCK0"
    Info (12134): Parameter "clock_enable_input_a" = "BYPASS"
    Info (12134): Parameter "clock_enable_input_b" = "BYPASS"
    Info (12134): Parameter "clock_enable_output_a" = "BYPASS"
    Info (12134): Parameter "clock_enable_output_b" = "BYPASS"
    Info (12134): Parameter "indata_reg_b" = "CLOCK0"
    Info (12134): Parameter "init_file" = "../rtl/RAM_C.mif"
    Info (12134): Parameter "intended_device_family" = "Cyclone IV E"
    Info (12134): Parameter "lpm_type" = "altsyncram"
    Info (12134): Parameter "numwords_a" = "256"
    Info (12134): Parameter "numwords_b" = "256"
    Info (12134): Parameter "operation_mode" = "BIDIR_DUAL_PORT"
    Info (12134): Parameter "outdata_aclr_a" = "NONE"
    Info (12134): Parameter "outdata_aclr_b" = "NONE"
    Info (12134): Parameter "outdata_reg_a" = "UNREGISTERED"
    Info (12134): Parameter "outdata_reg_b" = "UNREGISTERED"
    Info (12134): Parameter "power_up_uninitialized" = "FALSE"
    Info (12134): Parameter "read_during_write_mode_mixed_ports" = "DONT_CARE"
    Info (12134): Parameter "read_during_write_mode_port_a" = "NEW_DATA_WITH_NBE_READ"
    Info (12134): Parameter "read_during_write_mode_port_b" = "NEW_DATA_WITH_NBE_READ"
    Info (12134): Parameter "widthad_a" = "8"
    Info (12134): Parameter "widthad_b" = "8"
    Info (12134): Parameter "width_a" = "32"
    Info (12134): Parameter "width_b" = "32"
    Info (12134): Parameter "width_byteena_a" = "1"
    Info (12134): Parameter "width_byteena_b" = "1"
    Info (12134): Parameter "wrcontrol_wraddress_reg_b" = "CLOCK0"
Info (12021): Found 1 design units, including 1 entities, in source file db/altsyncram_abk2.tdf
    Info (12023): Found entity 1: altsyncram_abk2 File: C:/final/project-group-63-thursday/syn/db/altsyncram_abk2.tdf Line: 28
Info (12128): Elaborating entity "altsyncram_abk2" for hierarchy "Milestone2:M2_unit|dual_port_C:RAM_inst1|altsyncram:altsyncram_component|altsyncram_abk2:auto_generated" File: c:/intelfpga_lite/19.1/quartus/libraries/megafunctions/altsyncram.tdf Line: 792
Info (12128): Elaborating entity "dual_port_T" for hierarchy "Milestone2:M2_unit|dual_port_T:RAM_inst2" File: C:/final/project-group-63-thursday/rtl/Milestone2.sv Line: 122
Info (12128): Elaborating entity "altsyncram" for hierarchy "Milestone2:M2_unit|dual_port_T:RAM_inst2|altsyncram:altsyncram_component" File: C:/final/project-group-63-thursday/rtl/dual_port_T.v Line: 62
Info (12130): Elaborated megafunction instantiation "Milestone2:M2_unit|dual_port_T:RAM_inst2|altsyncram:altsyncram_component" File: C:/final/project-group-63-thursday/rtl/dual_port_T.v Line: 62
Info (12133): Instantiated megafunction "Milestone2:M2_unit|dual_port_T:RAM_inst2|altsyncram:altsyncram_component" with the following parameter: File: C:/final/project-group-63-thursday/rtl/dual_port_T.v Line: 62
    Info (12134): Parameter "address_reg_b" = "CLOCK0"
    Info (12134): Parameter "clock_enable_input_a" = "BYPASS"
    Info (12134): Parameter "clock_enable_input_b" = "BYPASS"
    Info (12134): Parameter "clock_enable_output_a" = "BYPASS"
    Info (12134): Parameter "clock_enable_output_b" = "BYPASS"
    Info (12134): Parameter "indata_reg_b" = "CLOCK0"
    Info (12134): Parameter "init_file" = "../rtl/RAM_T.mif"
    Info (12134): Parameter "intended_device_family" = "Cyclone IV E"
    Info (12134): Parameter "lpm_type" = "altsyncram"
    Info (12134): Parameter "numwords_a" = "256"
    Info (12134): Parameter "numwords_b" = "256"
    Info (12134): Parameter "operation_mode" = "BIDIR_DUAL_PORT"
    Info (12134): Parameter "outdata_aclr_a" = "NONE"
    Info (12134): Parameter "outdata_aclr_b" = "NONE"
    Info (12134): Parameter "outdata_reg_a" = "UNREGISTERED"
    Info (12134): Parameter "outdata_reg_b" = "UNREGISTERED"
    Info (12134): Parameter "power_up_uninitialized" = "FALSE"
    Info (12134): Parameter "read_during_write_mode_mixed_ports" = "DONT_CARE"
    Info (12134): Parameter "read_during_write_mode_port_a" = "NEW_DATA_WITH_NBE_READ"
    Info (12134): Parameter "read_during_write_mode_port_b" = "NEW_DATA_WITH_NBE_READ"
    Info (12134): Parameter "widthad_a" = "8"
    Info (12134): Parameter "widthad_b" = "8"
    Info (12134): Parameter "width_a" = "32"
    Info (12134): Parameter "width_b" = "32"
    Info (12134): Parameter "width_byteena_a" = "1"
    Info (12134): Parameter "width_byteena_b" = "1"
    Info (12134): Parameter "wrcontrol_wraddress_reg_b" = "CLOCK0"
Info (12021): Found 1 design units, including 1 entities, in source file db/altsyncram_rbk2.tdf
    Info (12023): Found entity 1: altsyncram_rbk2 File: C:/final/project-group-63-thursday/syn/db/altsyncram_rbk2.tdf Line: 28
Info (12128): Elaborating entity "altsyncram_rbk2" for hierarchy "Milestone2:M2_unit|dual_port_T:RAM_inst2|altsyncram:altsyncram_component|altsyncram_rbk2:auto_generated" File: c:/intelfpga_lite/19.1/quartus/libraries/megafunctions/altsyncram.tdf Line: 792
Info (12128): Elaborating entity "dual_port_Cs" for hierarchy "Milestone2:M2_unit|dual_port_Cs:RAM_inst3" File: C:/final/project-group-63-thursday/rtl/Milestone2.sv Line: 138
Info (12128): Elaborating entity "altsyncram" for hierarchy "Milestone2:M2_unit|dual_port_Cs:RAM_inst3|altsyncram:altsyncram_component" File: C:/final/project-group-63-thursday/rtl/dual_port_Cs.v Line: 62
Info (12130): Elaborated megafunction instantiation "Milestone2:M2_unit|dual_port_Cs:RAM_inst3|altsyncram:altsyncram_component" File: C:/final/project-group-63-thursday/rtl/dual_port_Cs.v Line: 62
Info (12133): Instantiated megafunction "Milestone2:M2_unit|dual_port_Cs:RAM_inst3|altsyncram:altsyncram_component" with the following parameter: File: C:/final/project-group-63-thursday/rtl/dual_port_Cs.v Line: 62
    Info (12134): Parameter "address_reg_b" = "CLOCK0"
    Info (12134): Parameter "clock_enable_input_a" = "BYPASS"
    Info (12134): Parameter "clock_enable_input_b" = "BYPASS"
    Info (12134): Parameter "clock_enable_output_a" = "BYPASS"
    Info (12134): Parameter "clock_enable_output_b" = "BYPASS"
    Info (12134): Parameter "indata_reg_b" = "CLOCK0"
    Info (12134): Parameter "init_file" = "../rtl/RAM_Cs.mif"
    Info (12134): Parameter "intended_device_family" = "Cyclone IV E"
    Info (12134): Parameter "lpm_type" = "altsyncram"
    Info (12134): Parameter "numwords_a" = "256"
    Info (12134): Parameter "numwords_b" = "256"
    Info (12134): Parameter "operation_mode" = "BIDIR_DUAL_PORT"
    Info (12134): Parameter "outdata_aclr_a" = "NONE"
    Info (12134): Parameter "outdata_aclr_b" = "NONE"
    Info (12134): Parameter "outdata_reg_a" = "UNREGISTERED"
    Info (12134): Parameter "outdata_reg_b" = "UNREGISTERED"
    Info (12134): Parameter "power_up_uninitialized" = "FALSE"
    Info (12134): Parameter "read_during_write_mode_mixed_ports" = "DONT_CARE"
    Info (12134): Parameter "read_during_write_mode_port_a" = "NEW_DATA_WITH_NBE_READ"
    Info (12134): Parameter "read_during_write_mode_port_b" = "NEW_DATA_WITH_NBE_READ"
    Info (12134): Parameter "widthad_a" = "8"
    Info (12134): Parameter "widthad_b" = "8"
    Info (12134): Parameter "width_a" = "32"
    Info (12134): Parameter "width_b" = "32"
    Info (12134): Parameter "width_byteena_a" = "1"
    Info (12134): Parameter "width_byteena_b" = "1"
    Info (12134): Parameter "wrcontrol_wraddress_reg_b" = "CLOCK0"
Info (12021): Found 1 design units, including 1 entities, in source file db/altsyncram_tek2.tdf
    Info (12023): Found entity 1: altsyncram_tek2 File: C:/final/project-group-63-thursday/syn/db/altsyncram_tek2.tdf Line: 28
Info (12128): Elaborating entity "altsyncram_tek2" for hierarchy "Milestone2:M2_unit|dual_port_Cs:RAM_inst3|altsyncram:altsyncram_component|altsyncram_tek2:auto_generated" File: c:/intelfpga_lite/19.1/quartus/libraries/megafunctions/altsyncram.tdf Line: 792
Info (12128): Elaborating entity "Milestone3" for hierarchy "Milestone3:M3_unit" File: C:/final/project-group-63-thursday/rtl/project.sv Line: 227
Warning (10036): Verilog HDL or VHDL warning at Milestone3.sv(59): object "remaining_bits" assigned a value but never read File: C:/final/project-group-63-thursday/rtl/Milestone3.sv Line: 59
Warning (10230): Verilog HDL assignment warning at Milestone3.sv(93): truncated value with size 18 to match size of target (17) File: C:/final/project-group-63-thursday/rtl/Milestone3.sv Line: 93
Warning (10230): Verilog HDL assignment warning at Milestone3.sv(97): truncated value with size 18 to match size of target (17) File: C:/final/project-group-63-thursday/rtl/Milestone3.sv Line: 97
Warning (10230): Verilog HDL assignment warning at Milestone3.sv(102): truncated value with size 18 to match size of target (17) File: C:/final/project-group-63-thursday/rtl/Milestone3.sv Line: 102
Warning (10230): Verilog HDL assignment warning at Milestone3.sv(421): truncated value with size 32 to match size of target (16) File: C:/final/project-group-63-thursday/rtl/Milestone3.sv Line: 421
Info (12128): Elaborating entity "convert_hex_to_seven_segment" for hierarchy "convert_hex_to_seven_segment:unit7" File: C:/final/project-group-63-thursday/rtl/project.sv Line: 376
Warning (14284): Synthesized away the following node(s):
    Warning (14285): Synthesized away the following RAM node(s):
        Warning (14320): Synthesized away node "Milestone2:M2_unit|dual_port_C:RAM_inst1|altsyncram:altsyncram_component|altsyncram_abk2:auto_generated|q_a[30]" File: C:/final/project-group-63-thursday/syn/db/altsyncram_abk2.tdf Line: 1091
        Warning (14320): Synthesized away node "Milestone2:M2_unit|dual_port_C:RAM_inst1|altsyncram:altsyncram_component|altsyncram_abk2:auto_generated|q_a[31]" File: C:/final/project-group-63-thursday/syn/db/altsyncram_abk2.tdf Line: 1126
Info (284000): Cannot use minimal number of bits to encode state machine "|project|Milestone3:M3_unit|M3_state" File: C:/final/project-group-63-thursday/rtl/Milestone3.sv Line: 51
Info (278001): Inferred 7 megafunctions from design logic
    Info (278003): Inferred multiplier megafunction ("lpm_mult") from the following logic: "Milestone1:M1_unit|Mult2" File: C:/final/project-group-63-thursday/rtl/Milestone1.sv Line: 88
    Info (278003): Inferred multiplier megafunction ("lpm_mult") from the following logic: "Milestone1:M1_unit|Mult0" File: C:/final/project-group-63-thursday/rtl/Milestone1.sv Line: 84
    Info (278003): Inferred multiplier megafunction ("lpm_mult") from the following logic: "Milestone1:M1_unit|Mult1" File: C:/final/project-group-63-thursday/rtl/Milestone1.sv Line: 86
    Info (278003): Inferred multiplier megafunction ("lpm_mult") from the following logic: "Milestone1:M1_unit|Mult3" File: C:/final/project-group-63-thursday/rtl/Milestone1.sv Line: 90
    Info (278003): Inferred multiplier megafunction ("lpm_mult") from the following logic: "Milestone2:M2_unit|Mult0" File: C:/final/project-group-63-thursday/rtl/Milestone2.sv Line: 188
    Info (278003): Inferred multiplier megafunction ("lpm_mult") from the following logic: "Milestone2:M2_unit|Mult1" File: C:/final/project-group-63-thursday/rtl/Milestone2.sv Line: 190
    Info (278003): Inferred multiplier megafunction ("lpm_mult") from the following logic: "Milestone2:M2_unit|Mult2" File: C:/final/project-group-63-thursday/rtl/Milestone2.sv Line: 192
Info (12130): Elaborated megafunction instantiation "Milestone1:M1_unit|lpm_mult:Mult2" File: C:/final/project-group-63-thursday/rtl/Milestone1.sv Line: 88
Info (12133): Instantiated megafunction "Milestone1:M1_unit|lpm_mult:Mult2" with the following parameter: File: C:/final/project-group-63-thursday/rtl/Milestone1.sv Line: 88
    Info (12134): Parameter "LPM_WIDTHA" = "17"
    Info (12134): Parameter "LPM_WIDTHB" = "32"
    Info (12134): Parameter "LPM_WIDTHP" = "49"
    Info (12134): Parameter "LPM_WIDTHR" = "49"
    Info (12134): Parameter "LPM_WIDTHS" = "1"
    Info (12134): Parameter "LPM_REPRESENTATION" = "UNSIGNED"
    Info (12134): Parameter "INPUT_A_IS_CONSTANT" = "NO"
    Info (12134): Parameter "INPUT_B_IS_CONSTANT" = "NO"
    Info (12134): Parameter "MAXIMIZE_SPEED" = "5"
Info (12021): Found 1 design units, including 1 entities, in source file db/mult_ddt.tdf
    Info (12023): Found entity 1: mult_ddt File: C:/final/project-group-63-thursday/syn/db/mult_ddt.tdf Line: 31
Info (12130): Elaborated megafunction instantiation "Milestone1:M1_unit|lpm_mult:Mult0" File: C:/final/project-group-63-thursday/rtl/Milestone1.sv Line: 84
Info (12133): Instantiated megafunction "Milestone1:M1_unit|lpm_mult:Mult0" with the following parameter: File: C:/final/project-group-63-thursday/rtl/Milestone1.sv Line: 84
    Info (12134): Parameter "LPM_WIDTHA" = "17"
    Info (12134): Parameter "LPM_WIDTHB" = "32"
    Info (12134): Parameter "LPM_WIDTHP" = "49"
    Info (12134): Parameter "LPM_WIDTHR" = "49"
    Info (12134): Parameter "LPM_WIDTHS" = "1"
    Info (12134): Parameter "LPM_REPRESENTATION" = "UNSIGNED"
    Info (12134): Parameter "INPUT_A_IS_CONSTANT" = "NO"
    Info (12134): Parameter "INPUT_B_IS_CONSTANT" = "NO"
    Info (12134): Parameter "MAXIMIZE_SPEED" = "5"
Info (12130): Elaborated megafunction instantiation "Milestone1:M1_unit|lpm_mult:Mult1" File: C:/final/project-group-63-thursday/rtl/Milestone1.sv Line: 86
Info (12133): Instantiated megafunction "Milestone1:M1_unit|lpm_mult:Mult1" with the following parameter: File: C:/final/project-group-63-thursday/rtl/Milestone1.sv Line: 86
    Info (12134): Parameter "LPM_WIDTHA" = "16"
    Info (12134): Parameter "LPM_WIDTHB" = "32"
    Info (12134): Parameter "LPM_WIDTHP" = "48"
    Info (12134): Parameter "LPM_WIDTHR" = "48"
    Info (12134): Parameter "LPM_WIDTHS" = "1"
    Info (12134): Parameter "LPM_REPRESENTATION" = "UNSIGNED"
    Info (12134): Parameter "INPUT_A_IS_CONSTANT" = "NO"
    Info (12134): Parameter "INPUT_B_IS_CONSTANT" = "NO"
    Info (12134): Parameter "MAXIMIZE_SPEED" = "5"
Info (12021): Found 1 design units, including 1 entities, in source file db/mult_bdt.tdf
    Info (12023): Found entity 1: mult_bdt File: C:/final/project-group-63-thursday/syn/db/mult_bdt.tdf Line: 31
Info (12130): Elaborated megafunction instantiation "Milestone1:M1_unit|lpm_mult:Mult3" File: C:/final/project-group-63-thursday/rtl/Milestone1.sv Line: 90
Info (12133): Instantiated megafunction "Milestone1:M1_unit|lpm_mult:Mult3" with the following parameter: File: C:/final/project-group-63-thursday/rtl/Milestone1.sv Line: 90
    Info (12134): Parameter "LPM_WIDTHA" = "15"
    Info (12134): Parameter "LPM_WIDTHB" = "32"
    Info (12134): Parameter "LPM_WIDTHP" = "47"
    Info (12134): Parameter "LPM_WIDTHR" = "47"
    Info (12134): Parameter "LPM_WIDTHS" = "1"
    Info (12134): Parameter "LPM_REPRESENTATION" = "UNSIGNED"
    Info (12134): Parameter "INPUT_A_IS_CONSTANT" = "NO"
    Info (12134): Parameter "INPUT_B_IS_CONSTANT" = "NO"
    Info (12134): Parameter "MAXIMIZE_SPEED" = "5"
Info (12021): Found 1 design units, including 1 entities, in source file db/mult_9dt.tdf
    Info (12023): Found entity 1: mult_9dt File: C:/final/project-group-63-thursday/syn/db/mult_9dt.tdf Line: 31
Info (12130): Elaborated megafunction instantiation "Milestone2:M2_unit|lpm_mult:Mult0" File: C:/final/project-group-63-thursday/rtl/Milestone2.sv Line: 188
Info (12133): Instantiated megafunction "Milestone2:M2_unit|lpm_mult:Mult0" with the following parameter: File: C:/final/project-group-63-thursday/rtl/Milestone2.sv Line: 188
    Info (12134): Parameter "LPM_WIDTHA" = "32"
    Info (12134): Parameter "LPM_WIDTHB" = "32"
    Info (12134): Parameter "LPM_WIDTHP" = "64"
    Info (12134): Parameter "LPM_WIDTHR" = "64"
    Info (12134): Parameter "LPM_WIDTHS" = "1"
    Info (12134): Parameter "LPM_REPRESENTATION" = "UNSIGNED"
    Info (12134): Parameter "INPUT_A_IS_CONSTANT" = "NO"
    Info (12134): Parameter "INPUT_B_IS_CONSTANT" = "NO"
    Info (12134): Parameter "MAXIMIZE_SPEED" = "5"
Info (12021): Found 1 design units, including 1 entities, in source file db/mult_7dt.tdf
    Info (12023): Found entity 1: mult_7dt File: C:/final/project-group-63-thursday/syn/db/mult_7dt.tdf Line: 31
Warning (14284): Synthesized away the following node(s):
    Warning (14285): Synthesized away the following DSP element node(s):
        Warning (14320): Synthesized away node "Milestone2:M2_unit|lpm_mult:Mult2|mult_7dt:auto_generated|mac_mult7" File: C:/final/project-group-63-thursday/syn/db/mult_7dt.tdf Line: 67
        Warning (14320): Synthesized away node "Milestone2:M2_unit|lpm_mult:Mult2|mult_7dt:auto_generated|mac_out8" File: C:/final/project-group-63-thursday/syn/db/mult_7dt.tdf Line: 91
        Warning (14320): Synthesized away node "Milestone2:M2_unit|lpm_mult:Mult1|mult_7dt:auto_generated|mac_mult7" File: C:/final/project-group-63-thursday/syn/db/mult_7dt.tdf Line: 67
        Warning (14320): Synthesized away node "Milestone2:M2_unit|lpm_mult:Mult1|mult_7dt:auto_generated|mac_out8" File: C:/final/project-group-63-thursday/syn/db/mult_7dt.tdf Line: 91
        Warning (14320): Synthesized away node "Milestone2:M2_unit|lpm_mult:Mult0|mult_7dt:auto_generated|mac_mult7" File: C:/final/project-group-63-thursday/syn/db/mult_7dt.tdf Line: 67
        Warning (14320): Synthesized away node "Milestone2:M2_unit|lpm_mult:Mult0|mult_7dt:auto_generated|mac_out8" File: C:/final/project-group-63-thursday/syn/db/mult_7dt.tdf Line: 91
Info (13014): Ignored 420 buffer(s)
    Info (13019): Ignored 420 SOFT buffer(s)
Info (13000): Registers with preset signals will power-up high File: C:/final/project-group-63-thursday/rtl/UART_SRAM_interface.sv Line: 27
Info (13003): DEV_CLRn pin will set, and not reset, register with preset signal due to NOT Gate Push-Back
Warning (13024): Output pins are stuck at VCC or GND
    Warning (13410): Pin "SEVEN_SEGMENT_N_O[3][1]" is stuck at GND File: C:/final/project-group-63-thursday/rtl/project.sv Line: 27
    Warning (13410): Pin "VGA_SYNC_O" is stuck at GND File: C:/final/project-group-63-thursday/rtl/project.sv Line: 35
    Warning (13410): Pin "SRAM_ADDRESS_O[18]" is stuck at GND File: C:/final/project-group-63-thursday/rtl/project.sv Line: 42
    Warning (13410): Pin "SRAM_ADDRESS_O[19]" is stuck at GND File: C:/final/project-group-63-thursday/rtl/project.sv Line: 42
    Warning (13410): Pin "UART_TX_O" is stuck at VCC File: C:/final/project-group-63-thursday/rtl/project.sv Line: 52
Info (286030): Timing-Driven Synthesis is running
Info (17049): 55 registers lost all their fanouts during netlist optimizations.
Info (16010): Generating hard_block partition "hard_block:auto_generated_inst"
    Info (16011): Adding 1 node(s), including 0 DDIO, 1 PLL, 0 transceiver and 0 LCELL
Warning (21074): Design contains 17 input pin(s) that do not drive logic
    Warning (15610): No output dependent on input pin "SWITCH_I[0]" File: C:/final/project-group-63-thursday/rtl/project.sv Line: 24
    Warning (15610): No output dependent on input pin "SWITCH_I[1]" File: C:/final/project-group-63-thursday/rtl/project.sv Line: 24
    Warning (15610): No output dependent on input pin "SWITCH_I[2]" File: C:/final/project-group-63-thursday/rtl/project.sv Line: 24
    Warning (15610): No output dependent on input pin "SWITCH_I[3]" File: C:/final/project-group-63-thursday/rtl/project.sv Line: 24
    Warning (15610): No output dependent on input pin "SWITCH_I[4]" File: C:/final/project-group-63-thursday/rtl/project.sv Line: 24
    Warning (15610): No output dependent on input pin "SWITCH_I[5]" File: C:/final/project-group-63-thursday/rtl/project.sv Line: 24
    Warning (15610): No output dependent on input pin "SWITCH_I[6]" File: C:/final/project-group-63-thursday/rtl/project.sv Line: 24
    Warning (15610): No output dependent on input pin "SWITCH_I[7]" File: C:/final/project-group-63-thursday/rtl/project.sv Line: 24
    Warning (15610): No output dependent on input pin "SWITCH_I[8]" File: C:/final/project-group-63-thursday/rtl/project.sv Line: 24
    Warning (15610): No output dependent on input pin "SWITCH_I[9]" File: C:/final/project-group-63-thursday/rtl/project.sv Line: 24
    Warning (15610): No output dependent on input pin "SWITCH_I[10]" File: C:/final/project-group-63-thursday/rtl/project.sv Line: 24
    Warning (15610): No output dependent on input pin "SWITCH_I[11]" File: C:/final/project-group-63-thursday/rtl/project.sv Line: 24
    Warning (15610): No output dependent on input pin "SWITCH_I[12]" File: C:/final/project-group-63-thursday/rtl/project.sv Line: 24
    Warning (15610): No output dependent on input pin "SWITCH_I[13]" File: C:/final/project-group-63-thursday/rtl/project.sv Line: 24
    Warning (15610): No output dependent on input pin "SWITCH_I[14]" File: C:/final/project-group-63-thursday/rtl/project.sv Line: 24
    Warning (15610): No output dependent on input pin "SWITCH_I[15]" File: C:/final/project-group-63-thursday/rtl/project.sv Line: 24
    Warning (15610): No output dependent on input pin "SWITCH_I[16]" File: C:/final/project-group-63-thursday/rtl/project.sv Line: 24
Info (21057): Implemented 6815 device resources after synthesis - the final resource count might be different
    Info (21058): Implemented 24 input pins
    Info (21059): Implemented 120 output pins
    Info (21060): Implemented 16 bidirectional pins
    Info (21061): Implemented 6494 logic cells
    Info (21064): Implemented 126 RAM segments
    Info (21065): Implemented 1 PLLs
    Info (21062): Implemented 34 DSP elements
Info: Quartus Prime Analysis & Synthesis was successful. 0 errors, 66 warnings
    Info: Peak virtual memory: 4923 megabytes
    Info: Processing ended: Thu Aug 13 01:42:57 2026
    Info: Elapsed time: 00:00:44
    Info: Total CPU time (on all processors): 00:00:28


